Unnamed: 0,ID,Year_Birth,Education,Marital_Status,Income,Kidhome,Teenhome,Dt_Customer,Recency,MntCoke,MntFruits,MntMeatProducts,MntFishProducts,MntSweetProducts,MntGoldProds,NumDealsPurchases,NumWebPurchases,NumCatalogPurchases,NumStorePurchases,NumWebVisitsMonth,AcceptedCmp3,AcceptedCmp4,AcceptedCmp5,AcceptedCmp1,AcceptedCmp2,Complain,Z_CostContact,Z_Revenue,Response,tanggal_dummy,Usia,Is_Couple,Is_SMA,Anak,cmp_masuk,Spent,deals_rate,conversion_rate,rentang
0,0,5524,1957,S1,Lajang,58138000.0,0,0,2012-09-04,58,635000,88000,546000,172000,88000,88000,3,8,10,4,7,0,0,0,0,0,0,3,11,1,2012-11-01,57,0,0,0,0,1617000,0.12,0.5333333333333333,Lansia
1,1,2174,1954,S1,Lajang,46344000.0,1,1,2014-03-08,38,11000,1000,6000,2000,1000,6000,2,1,1,2,5,0,0,0,0,0,0,3,11,0,2014-04-15,60,0,0,2,0,27000,0.3333333333333333,0.16666666666666666,Lansia
2,2,4141,1965,S1,Bertunangan,71613000.0,0,0,2013-08-21,26,426000,49000,127000,111000,21000,42000,1,8,2,10,4,0,0,0,0,0,0,3,11,0,2013-09-16,49,1,0,0,0,776000,0.047619047619047616,0.6666666666666666,Tua
3,3,6182,1984,S1,Bertunangan,26646000.0,1,0,2014-02-10,26,11000,4000,20000,10000,3000,5000,2,2,0,4,6,0,0,0,0,0,0,3,11,0,2014-03-08,30,1,0,1,0,53000,0.25,0.25,Muda
4,4,5324,1981,S3,Menikah,58293000.0,1,0,2014-01-19,94,173000,43000,118000,46000,27000,15000,5,5,3,6,5,0,0,0,0,0,0,3,11,0,2014-04-23,33,1,0,1,0,422000,0.2631578947368421,0.5,Tua
5,5,7446,1967,S2,Bertunangan,62513000.0,0,1,2013-09-09,16,520000,42000,98000,0,42000,14000,2,6,4,10,6,0,0,0,0,0,0,3,11,0,2013-09-25,47,1,0,1,0,716000,0.09090909090909091,0.5,Tua
6,6,965,1971,S1,Cerai,55635000.0,0,1,2012-11-13,34,235000,65000,164000,50000,49000,27000,4,7,3,7,6,0,0,0,0,0,0,3,11,0,2012-12-17,43,0,0,1,0,590000,0.19047619047619047,0.5384615384615384,Tua
7,7,6177,1985,S3,Menikah,33454000.0,1,0,2013-05-08,32,76000,10000,56000,3000,1000,23000,2,4,0,4,8,0,0,0,0,0,0,3,11,0,2013-06-09,29,1,0,1,0,169000,0.2,0.3333333333333333,Muda
8,8,4855,1974,S3,Bertunangan,30351000.0,1,0,2013-06-06,19,14000,0,24000,3000,3000,2000,1,3,0,2,9,0,0,0,0,0,0,3,11,1,2013-06-25,40,1,0,1,0,46000,0.16666666666666666,0.25,Tua
9,9,5899,1950,S3,Bertunangan,5648000.0,1,1,2014-03-13,68,28000,0,6000,1000,1000,13000,1,1,0,0,20,1,0,0,0,0,0,3,11,0,2014-05-20,64,1,0,2,1,49000,0.5,0.047619047619047616,Lansia
11,11,387,1976,SMA,Menikah,7500000.0,0,0,2012-11-13,59,6000,16000,11000,11000,1000,16000,1,2,0,3,8,0,0,0,0,0,0,3,11,0,2013-01-11,38,1,1,0,0,61000,0.16666666666666666,0.2,Tua
12,12,2125,1959,S1,Cerai,63033000.0,0,0,2013-11-15,82,194000,61000,480000,225000,112000,30000,1,3,4,8,2,0,0,0,0,0,0,3,11,0,2014-02-05,55,0,0,0,0,1102000,0.0625,0.6,Tua
13,13,8180,1952,S2,Cerai,59354000.0,1,1,2013-11-15,53,233000,2000,53000,3000,5000,14000,3,6,1,5,6,0,0,0,0,0,0,3,11,0,2014-01-07,62,0,0,2,0,310000,0.2,0.5,Lansia
14,14,2569,1987,S1,Menikah,17323000.0,0,0,2012-10-10,38,3000,14000,17000,6000,1000,5000,1,1,0,3,8,0,0,0,0,0,0,3,11,0,2012-11-17,27,1,0,0,0,46000,0.2,0.1111111111111111,Muda
15,15,2114,1946,S3,Lajang,82800000.0,0,0,2012-11-24,23,1006000,22000,115000,59000,68000,45000,1,7,6,12,3,0,0,1,1,0,0,3,11,1,2012-12-17,68,0,0,0,2,1315000,0.038461538461538464,0.7,Lansia
16,16,9736,1980,S1,Menikah,41850000.0,1,1,2012-12-24,51,53000,5000,19000,2000,13000,4000,3,3,0,3,8,0,0,0,0,0,0,3,11,0,2013-02-13,34,1,0,2,0,96000,0.3333333333333333,0.2727272727272727,Tua
17,17,4939,1946,S1,Bertunangan,37760000.0,0,0,2012-08-31,20,84000,5000,38000,150000,12000,28000,2,4,1,6,7,0,0,0,0,0,0,3,11,0,2012-09-20,68,1,0,0,0,317000,0.15384615384615385,0.36363636363636365,Lansia
18,18,6565,1949,S2,Menikah,76995000.0,0,1,2013-03-28,91,1012000,80000,498000,0,16000,176000,2,11,4,9,5,0,0,0,1,0,0,3,11,0,2013-06-27,65,1,0,1,1,1782000,0.07692307692307693,0.6875,Lansia
19,19,2278,1985,D3,Lajang,33812000.0,1,0,2012-11-03,86,4000,17000,19000,30000,24000,39000,2,2,1,3,6,0,0,0,0,0,0,3,11,0,2013-01-28,29,0,0,1,0,133000,0.25,0.25,Muda
20,20,9360,1982,S1,Menikah,37040000.0,0,0,2012-08-08,41,86000,2000,73000,69000,38000,48000,1,4,2,5,8,0,0,0,0,0,0,3,11,0,2012-09-18,32,1,0,0,0,316000,0.08333333333333333,0.3333333333333333,Tua
21,21,5376,1979,S1,Menikah,2447000.0,1,0,2013-01-06,42,1000,1000,1725000,1000,1000,1000,15,0,28,0,1,0,0,0,0,0,0,3,11,0,2013-02-17,35,1,0,1,0,1730000,0.3488372093023256,0.0,Tua
22,22,1993,1949,S3,Menikah,58607000.0,0,1,2012-12-23,63,867000,0,86000,0,0,19000,3,2,3,9,8,0,1,0,0,0,0,3,11,0,2013-02-24,65,1,0,1,1,972000,0.17647058823529413,0.2,Lansia
23,23,4047,1954,S3,Menikah,65324000.0,0,1,2014-01-11,0,384000,0,102000,21000,32000,5000,3,6,2,9,4,0,0,0,0,0,0,3,11,0,2014-01-11,60,1,0,1,0,544000,0.15,0.6,Lansia
24,24,1409,1951,S1,Bertunangan,40689000.0,0,1,2013-03-18,69,270000,3000,27000,39000,6000,99000,7,7,1,5,8,0,0,0,0,0,0,3,11,0,2013-05-26,63,1,0,1,0,444000,0.35,0.4666666666666667,Lansia
25,25,7892,1969,S1,Lajang,18589000.0,0,0,2013-01-02,89,6000,4000,25000,15000,12000,13000,2,2,1,3,7,0,0,0,0,0,0,3,11,0,2013-04-01,45,0,0,0,0,75000,0.25,0.2222222222222222,Tua
26,26,2404,1976,S1,Menikah,53359000.0,1,1,2013-05-27,4,173000,4000,30000,3000,6000,41000,4,5,1,4,7,0,0,0,0,0,0,3,11,0,2013-05-31,38,1,0,2,0,257000,0.2857142857142857,0.4166666666666667,Tua
28,28,9422,1989,S1,Menikah,38360000.0,1,0,2013-05-31,26,36000,2000,42000,20000,21000,10000,2,2,1,4,3,0,0,0,0,0,0,3,11,0,2013-06-26,25,1,0,1,0,131000,0.2222222222222222,0.4,Muda
29,29,1966,1965,S3,Menikah,84618000.0,0,0,2013-11-22,96,684000,100000,801000,21000,66000,0,1,6,9,10,2,0,0,1,0,0,0,3,11,0,2014-02-26,49,1,0,0,1,1672000,0.038461538461538464,0.75,Tua
30,30,6864,1989,S2,Cerai,10979000.0,0,0,2014-05-22,34,8000,4000,10000,2000,2000,4000,2,3,0,3,5,0,0,0,0,0,0,3,11,0,2014-06-25,25,0,0,0,0,30000,0.25,0.375,Muda
31,31,3033,1963,S2,Bertunangan,38620000.0,0,0,2013-05-11,56,112000,17000,44000,34000,22000,89000,1,2,5,3,3,0,0,0,0,0,0,3,11,0,2013-07-06,51,1,0,0,0,318000,0.09090909090909091,0.4,Tua
32,32,5710,1970,S1,Bertunangan,40548000.0,0,1,2012-10-10,31,110000,0,5000,2000,0,3000,2,2,1,4,5,0,1,0,0,0,0,3,11,0,2012-11-10,44,1,0,1,1,120000,0.2222222222222222,0.2857142857142857,Tua
33,33,7373,1952,S3,Cerai,46610000.0,0,2,2012-10-29,8,96000,12000,96000,33000,22000,43000,6,4,1,6,6,0,0,0,0,0,0,3,11,1,2012-11-06,62,0,0,2,0,302000,0.35294117647058826,0.4,Lansia
34,34,8755,1946,S2,Menikah,68657000.0,0,0,2013-02-20,4,482000,34000,471000,119000,68000,22000,1,3,5,9,7,0,0,0,0,0,0,3,11,0,2013-02-24,68,1,0,0,0,1196000,0.05555555555555555,0.3,Lansia
35,35,10738,1951,S2,Lajang,49389000.0,1,1,2013-08-29,55,40000,0,19000,2000,1000,3000,1,2,0,3,7,0,0,0,0,0,0,3,11,0,2013-10-23,63,0,0,2,0,65000,0.16666666666666666,0.2222222222222222,Lansia
36,36,4339,1970,S3,Menikah,67353000.0,0,1,2013-12-31,37,702000,17000,151000,0,8000,35000,5,5,6,12,2,0,0,0,0,0,0,3,11,0,2014-02-06,44,1,0,1,0,913000,0.17857142857142858,0.7142857142857143,Tua
37,37,10755,1976,D3,Menikah,23718000.0,1,0,2013-09-02,76,6000,3000,14000,15000,7000,36000,3,3,1,2,7,0,0,0,0,0,0,3,11,0,2013-11-17,38,1,0,1,0,81000,0.3333333333333333,0.3,Tua
38,38,8595,1973,S1,Janda,42429000.0,0,1,2014-02-11,99,55000,0,6000,2000,0,4000,2,1,1,3,5,0,0,0,0,0,0,3,11,0,2014-05-21,41,0,0,1,0,67000,0.2857142857142857,0.16666666666666666,Tua
39,39,2968,1943,S3,Cerai,48948000.0,0,0,2013-02-01,53,437000,8000,206000,160000,49000,42000,2,7,10,5,6,1,0,0,0,0,0,3,11,1,2013-03-26,71,0,0,0,1,902000,0.08333333333333333,0.5384615384615384,Lansia
40,40,8601,1980,S1,Menikah,80011000.0,0,1,2013-04-29,3,421000,76000,536000,82000,178000,102000,2,8,6,5,4,0,0,0,0,0,0,3,11,0,2013-05-02,34,1,0,1,0,1395000,0.09523809523809523,0.6666666666666666,Tua
41,41,503,1985,S2,Menikah,20559000.0,1,0,2013-03-12,88,13000,1000,29000,3000,0,7000,2,2,0,3,8,0,0,0,0,0,0,3,11,0,2013-06-08,29,1,0,1,0,53000,0.2857142857142857,0.2,Muda
42,42,8430,1957,S1,Bertunangan,21994000.0,0,1,2012-12-24,4,9000,0,6000,3000,1000,3000,1,0,0,3,5,0,0,0,0,0,0,3,11,0,2012-12-28,57,1,0,1,0,22000,0.25,0.0,Lansia
44,44,2139,1975,S2,Menikah,7500000.0,1,0,2013-10-02,19,3000,1000,10000,3000,2000,12000,3,2,0,3,5,0,0,0,0,0,0,3,11,0,2013-10-21,39,1,0,1,0,31000,0.375,0.2857142857142857,Tua
45,45,1371,1976,S1,Lajang,79941000.0,0,0,2014-06-28,72,123000,164000,266000,227000,30000,174000,1,2,4,9,1,0,0,0,0,0,0,3,11,0,2014-09-08,38,0,0,0,0,984000,0.0625,0.6666666666666666,Tua
46,46,9909,1996,D3,Menikah,7500000.0,0,0,2012-11-09,24,3000,18000,14000,15000,22000,50000,3,3,1,3,9,0,0,0,0,0,0,3,11,1,2012-12-03,18,1,0,0,0,122000,0.3,0.25,Muda
47,47,7286,1968,S1,Bertunangan,41728000.0,1,0,2013-05-24,92,13000,6000,15000,3000,5000,13000,1,2,0,2,10,0,0,0,0,0,0,3,11,0,2013-08-24,46,1,0,1,0,55000,0.2,0.16666666666666666,Tua
49,49,6566,1954,S3,Menikah,72550000.0,1,1,2012-11-08,39,826000,50000,317000,50000,38000,38000,9,5,2,12,8,0,0,0,0,0,0,3,11,0,2012-12-17,60,1,0,2,0,1319000,0.32142857142857145,0.38461538461538464,Lansia
50,50,8614,1957,S1,Janda,65486000.0,0,1,2014-05-12,29,245000,19000,125000,37000,67000,14000,1,4,2,10,2,0,0,0,0,0,0,3,11,0,2014-06-10,57,0,0,1,0,507000,0.058823529411764705,0.6666666666666666,Lansia
51,51,4114,1964,S2,Menikah,79143000.0,0,0,2012-08-11,2,650000,37000,780000,27000,167000,32000,1,6,9,13,3,0,0,0,0,0,0,3,11,0,2012-08-13,50,1,0,0,0,1693000,0.034482758620689655,0.6666666666666666,Tua
52,52,1331,1977,S1,Lajang,35790000.0,1,0,2013-01-02,54,12000,6000,20000,30000,1000,3000,2,2,0,3,7,0,0,0,0,0,0,3,11,0,2013-02-25,37,0,0,1,0,72000,0.2857142857142857,0.2222222222222222,Tua
53,53,2225,1977,S1,Cerai,82582000.0,0,0,2014-06-07,54,510000,120000,550000,156000,40000,241000,1,4,9,7,1,1,0,0,1,0,0,3,11,1,2014-07-31,37,0,0,0,2,1617000,0.047619047619047616,0.8,Tua
54,54,9381,1978,S1,Menikah,66373000.0,1,1,2013-06-12,57,328000,9000,124000,12000,24000,109000,7,4,2,10,3,0,0,0,0,0,0,3,11,0,2013-08-08,36,1,0,2,0,606000,0.30434782608695654,0.5714285714285714,Tua
55,55,6260,1955,S2,Bertunangan,82384000.0,0,0,2012-11-19,55,984000,51000,432000,180000,120000,190000,1,3,10,13,1,0,0,1,0,0,0,3,11,1,2013-01-13,59,1,0,0,1,1957000,0.037037037037037035,0.75,Lansia
56,56,10383,1966,S1,Cerai,70287000.0,0,0,2013-04-02,30,295000,35000,482000,121000,120000,40000,1,5,5,10,3,0,0,0,0,0,0,3,11,1,2013-05-02,48,0,0,0,0,1093000,0.047619047619047616,0.625,Tua
57,57,7437,1988,S1,Lajang,27938000.0,1,0,2014-04-28,31,13000,0,8000,2000,1000,5000,1,1,0,4,3,0,0,0,0,0,0,3,11,0,2014-05-29,26,0,0,1,0,29000,0.16666666666666666,0.25,Muda
59,59,8375,1968,S3,Menikah,55954000.0,0,1,2014-03-03,63,447000,0,28000,0,0,43000,3,8,2,6,7,0,0,0,0,0,0,3,11,0,2014-05-05,46,1,0,1,0,518000,0.15789473684210525,0.5333333333333333,Tua
60,60,6853,1982,S2,Lajang,75777000.0,0,0,2013-07-04,12,712000,26000,538000,69000,13000,80000,1,3,6,11,1,0,1,1,0,0,0,3,11,1,2013-07-16,32,0,0,0,2,1438000,0.047619047619047616,0.75,Tua
61,61,3076,1975,S1,Bertunangan,66653000.0,1,1,2012-09-07,18,452000,18000,102000,16000,18000,6000,4,4,2,12,3,0,0,0,0,0,0,3,11,0,2012-09-25,39,1,0,2,0,612000,0.18181818181818182,0.5714285714285714,Tua
62,62,1012,1952,S1,Lajang,61823000.0,0,1,2013-02-18,26,523000,7000,134000,37000,14000,169000,4,8,2,10,7,0,0,0,0,0,0,3,11,0,2013-03-16,62,0,0,1,0,884000,0.16666666666666666,0.5333333333333333,Lansia
63,63,6518,1951,S3,Janda,67680000.0,0,1,2013-06-11,8,546000,0,48000,0,6000,6000,1,7,3,8,5,0,0,0,0,0,0,3,11,0,2013-06-19,63,0,0,1,0,606000,0.05263157894736842,0.5833333333333334,Lansia
64,64,4137,1948,S1,Bertunangan,70666000.0,0,0,2013-12-06,29,398000,40000,367000,119000,122000,30000,1,7,4,4,4,0,0,0,0,0,0,3,11,0,2014-01-04,66,1,0,0,0,1076000,0.0625,0.6363636363636364,Lansia
65,65,8082,1971,S1,Menikah,25721000.0,1,0,2013-05-21,75,1000,3000,6000,3000,6000,15000,1,1,1,2,7,0,0,0,0,0,0,3,11,1,2013-08-04,43,1,0,1,0,34000,0.2,0.125,Tua
66,66,1386,1967,S1,Bertunangan,32474000.0,1,1,2014-05-11,0,10000,0,1000,0,0,0,1,1,0,2,7,0,0,0,0,0,0,3,11,0,2014-05-11,47,1,0,2,0,11000,0.25,0.125,Tua
67,67,9369,1979,D3,Lajang,88194000.0,0,1,2014-03-19,19,688000,14000,309000,201000,24000,38000,1,11,10,10,5,1,0,0,1,0,0,3,11,1,2014-04-07,35,0,0,1,2,1274000,0.03125,0.6875,Tua
68,68,4477,1958,S1,Bertunangan,69096000.0,0,1,2013-09-27,4,247000,49000,159000,7000,82000,109000,1,5,2,10,4,0,0,0,0,0,0,3,11,0,2013-10-01,56,1,0,1,0,653000,0.05555555555555555,0.5555555555555556,Lansia
69,69,1357,1970,S1,Bertunangan,74854000.0,1,2,2013-04-08,90,856000,59000,487000,58000,29000,73000,7,2,5,5,5,0,0,0,0,0,0,3,11,0,2013-07-07,44,1,0,3,0,1562000,0.3684210526315789,0.2857142857142857,Tua
70,70,1402,1954,S2,Menikah,66991000.0,0,0,2012-09-11,1,496000,36000,460000,189000,60000,12000,3,4,8,6,3,0,0,0,0,0,0,3,11,0,2012-09-12,60,1,0,0,0,1253000,0.14285714285714285,0.5714285714285714,Lansia
72,72,6312,1959,S1,Menikah,65031000.0,0,1,2013-03-17,29,258000,107000,291000,84000,37000,86000,4,10,3,13,7,0,0,0,0,0,0,3,11,0,2013-04-15,55,1,0,1,0,863000,0.13333333333333333,0.5882352941176471,Tua
73,73,8132,1975,S3,Menikah,60631000.0,1,1,2013-04-05,88,565000,6000,65000,0,6000,19000,5,9,2,8,7,0,1,0,0,0,0,3,11,0,2013-07-02,39,1,0,2,1,661000,0.20833333333333334,0.5625,Tua
74,74,1050,1952,S1,Menikah,28332000.0,0,0,2014-04-30,58,14000,10000,13000,4000,15000,9000,1,2,1,4,2,0,0,0,0,0,0,3,11,0,2014-06-27,62,1,0,0,0,65000,0.125,0.5,Lansia
75,75,5846,1977,S1,Cerai,40246000.0,1,0,2012-12-19,68,2000,1000,6000,2000,1000,1000,1,1,0,2,6,0,0,0,0,0,0,3,11,0,2013-02-25,37,0,0,1,0,13000,0.25,0.14285714285714285,Tua
76,76,1859,1972,S2,Menikah,75251000.0,0,0,2012-08-27,34,721000,111000,925000,97000,18000,18000,1,7,6,5,5,0,0,0,0,0,0,3,11,1,2012-09-30,42,1,0,0,0,1890000,0.05263157894736842,0.5833333333333334,Tua
77,77,7503,1976,S1,Lajang,75825000.0,0,0,2012-10-12,40,1032000,105000,779000,137000,105000,51000,0,5,8,9,4,1,0,0,0,0,0,3,11,1,2012-11-21,38,0,0,0,1,2209000,0.0,0.5555555555555556,Tua
78,78,10401,1976,D3,Bertunangan,26326000.0,0,0,2013-09-04,12,1000,0,5000,0,3000,9000,1,0,0,3,3,0,0,0,0,0,1,3,11,0,2013-09-16,38,1,0,0,0,18000,0.25,0.0,Tua
79,79,1618,1965,S1,Bertunangan,56046000.0,0,0,2013-01-02,9,577000,0,64000,0,0,51000,2,10,1,8,8,1,0,0,0,0,0,3,11,1,2013-01-11,49,1,0,0,1,692000,0.09523809523809523,0.5555555555555556,Tua
80,80,3332,1985,S1,Lajang,29760000.0,1,0,2012-08-29,87,64000,4000,68000,7000,5000,17000,4,3,1,4,8,0,0,0,0,0,0,3,11,0,2012-11-24,29,0,0,1,0,165000,0.3333333333333333,0.2727272727272727,Muda
81,81,2261,1969,S1,Menikah,26304000.0,1,0,2013-06-23,5,4000,1000,5000,2000,0,4000,1,1,0,2,7,0,0,0,0,0,0,3,11,0,2013-06-28,45,1,0,1,0,16000,0.25,0.125,Tua
82,82,5346,1973,D3,Menikah,23559000.0,1,0,2013-07-03,87,25000,5000,19000,7000,0,23000,3,3,0,3,7,0,0,0,0,0,0,3,11,0,2013-09-28,41,1,0,1,0,79000,0.3333333333333333,0.3,Tua
83,83,4119,1963,S2,Bertunangan,38620000.0,0,0,2013-05-11,56,112000,17000,44000,34000,22000,89000,1,2,5,3,3,0,0,0,0,0,0,3,11,0,2013-07-06,51,1,0,0,0,318000,0.09090909090909091,0.4,Tua
84,84,535,1987,S1,Cerai,81361000.0,0,0,2014-02-25,18,163000,23000,424000,27000,65000,76000,1,3,10,13,1,0,0,0,0,0,0,3,11,0,2014-03-15,27,0,0,0,0,778000,0.037037037037037035,0.75,Muda
85,85,5268,1960,S1,Menikah,29440000.0,1,1,2013-08-11,95,17000,8000,14000,10000,4000,3000,2,1,0,4,7,0,0,0,0,0,0,3,11,0,2013-11-14,54,1,0,2,0,56000,0.2857142857142857,0.125,Tua
86,86,273,1970,S2,Menikah,36138000.0,1,1,2013-07-16,48,130000,0,16000,0,0,5000,5,3,1,4,7,0,1,0,0,0,0,3,11,0,2013-09-02,44,1,0,2,1,151000,0.38461538461538464,0.3,Tua
87,87,4452,1957,S1,Lajang,50388000.0,0,1,2014-05-28,3,292000,6000,37000,0,3000,34000,4,6,1,6,7,0,1,0,1,0,0,3,11,1,2014-05-31,57,0,0,1,2,372000,0.23529411764705882,0.46153846153846156,Lansia
88,88,8504,1973,S1,Menikah,79593000.0,0,0,2014-05-12,70,350000,60000,568000,110000,133000,145000,1,5,6,7,2,0,0,1,0,0,0,3,11,0,2014-07-21,41,1,0,0,1,1366000,0.05263157894736842,0.7142857142857143,Tua
89,89,771,1967,S1,Bertunangan,54178000.0,0,1,2014-01-21,79,135000,9000,39000,4000,0,7000,1,2,2,5,2,0,0,0,0,0,0,3,11,0,2014-04-10,47,1,0,1,0,194000,0.1,0.5,Tua
93,93,11178,1972,S2,Lajang,42394000.0,1,0,2014-03-23,69,15000,2000,10000,0,1000,4000,1,1,0,3,7,0,0,0,0,0,0,3,11,0,2014-05-31,42,0,0,1,0,32000,0.2,0.125,Tua
94,94,2230,1970,S3,Menikah,23626000.0,1,0,2014-05-24,84,27000,2000,14000,0,0,0,3,3,1,3,5,0,0,0,0,0,0,3,11,0,2014-08-16,44,1,0,1,0,43000,0.3,0.375,Tua
95,95,7516,1983,S1,Menikah,30096000.0,1,0,2014-05-22,30,5000,3000,11000,12000,5000,9000,1,2,0,3,6,0,0,0,0,0,0,3,11,0,2014-06-21,31,1,0,1,0,45000,0.16666666666666666,0.25,Tua
96,96,7247,1960,S1,Janda,47916000.0,0,1,2012-11-22,72,505000,0,26000,0,0,75000,5,7,4,6,6,0,1,0,0,0,0,3,11,0,2013-02-02,54,0,0,1,1,606000,0.22727272727272727,0.5384615384615384,Tua
97,97,11100,1972,S1,Cerai,51813000.0,1,1,2013-04-11,37,51000,2000,7000,0,1000,2000,2,2,0,3,7,0,0,0,0,0,0,3,11,0,2013-05-18,42,0,0,2,0,63000,0.2857142857142857,0.2222222222222222,Tua
98,98,4646,1951,D3,Menikah,78497000.0,0,0,2013-12-01,44,207000,26000,447000,75000,0,223000,1,5,7,12,2,0,0,0,1,0,0,3,11,0,2014-01-14,63,1,0,0,1,978000,0.04,0.7142857142857143,Lansia
99,99,3037,1983,S3,Menikah,50150000.0,0,0,2013-06-20,32,135000,46000,92000,65000,61000,11000,2,5,2,7,5,0,0,0,0,0,0,3,11,0,2013-07-22,31,1,0,0,0,410000,0.125,0.5,Tua
100,100,1473,1960,D3,Lajang,47823000.0,0,1,2013-07-23,0,53000,1000,5000,2000,1000,10000,2,2,0,3,8,0,0,0,0,0,0,3,11,0,2013-07-23,54,0,0,1,0,72000,0.2857142857142857,0.2,Tua
101,101,1016,1959,S3,Lajang,34554000.0,0,1,2014-03-30,43,41000,1000,6000,2000,0,5000,2,2,0,3,6,0,0,0,0,0,0,3,11,0,2014-05-12,55,0,0,1,0,55000,0.2857142857142857,0.25,Tua
102,102,4518,1979,S1,Bertunangan,85693000.0,0,1,2013-04-20,59,386000,172000,183000,185000,132000,111000,2,9,5,11,5,0,0,0,0,0,0,3,11,0,2013-06-18,35,1,0,1,0,1169000,0.07407407407407407,0.6428571428571429,Tua
103,103,9370,1945,S3,Menikah,65846000.0,0,0,2013-05-17,68,562000,81000,276000,80000,40000,81000,1,6,3,6,4,0,0,0,0,0,0,3,11,0,2013-07-24,69,1,0,0,0,1120000,0.0625,0.6,Lansia
104,104,8908,1959,S1,Menikah,87195000.0,0,0,2014-05-08,35,217000,76000,690000,50000,26000,38000,1,3,11,5,1,0,0,0,0,0,0,3,11,1,2014-06-12,55,1,0,0,0,1097000,0.05,0.75,Tua
105,105,8373,1979,SMA,Bertunangan,24594000.0,1,0,2013-12-10,94,1000,3000,6000,10000,0,9000,1,1,0,3,5,0,0,0,0,0,0,3,11,0,2014-03-14,35,1,1,1,0,29000,0.2,0.16666666666666666,Tua
106,106,7533,1964,S1,Menikah,49096000.0,1,1,2013-09-24,15,144000,1000,32000,2000,1000,7000,4,4,1,4,7,0,0,0,0,0,0,3,11,0,2013-10-09,50,1,0,2,0,187000,0.3076923076923077,0.36363636363636365,Tua
107,107,2683,1969,S1,Menikah,52413000.0,0,2,2013-02-02,56,295000,106000,271000,75000,98000,65000,4,6,4,12,6,0,0,0,0,0,0,3,11,0,2013-03-30,45,1,0,2,0,910000,0.15384615384615385,0.5,Tua
108,108,3629,1978,S1,Lajang,38557000.0,1,0,2012-12-19,17,76000,3000,31000,4000,4000,27000,2,3,1,3,7,0,0,0,0,0,0,3,11,0,2013-01-05,36,0,0,1,0,145000,0.2222222222222222,0.3,Tua
109,109,10991,1960,S2,Menikah,89058000.0,0,0,2012-12-07,18,454000,194000,106000,31000,22000,43000,1,5,4,4,2,0,0,0,0,0,0,3,11,0,2012-12-25,54,1,0,0,0,850000,0.07142857142857142,0.7142857142857143,Tua
110,110,5077,1979,S1,Bertunangan,77298000.0,0,1,2013-11-02,46,425000,115000,292000,23000,35000,79000,1,6,6,11,3,0,0,0,0,0,0,3,11,0,2013-12-18,35,1,0,1,0,969000,0.041666666666666664,0.6666666666666666,Tua
111,111,7431,1991,S3,Lajang,68126000.0,0,0,2012-11-10,40,1332000,17000,311000,23000,51000,86000,1,7,4,5,9,0,1,0,0,0,0,3,11,1,2012-12-20,23,0,0,0,1,1820000,0.058823529411764705,0.4375,Muda
112,112,3267,1963,S2,Bertunangan,57288000.0,0,1,2014-06-25,27,527000,0,21000,0,0,60000,3,8,1,8,6,0,1,0,0,0,0,3,11,0,2014-07-22,51,1,0,1,1,608000,0.15,0.5714285714285714,Tua
113,113,999,1991,S1,Lajang,86037000.0,0,0,2013-01-02,95,490000,44000,125000,29000,20000,22000,1,6,7,11,3,0,1,1,0,0,0,3,11,1,2013-04-07,23,0,0,0,2,730000,0.04,0.6666666666666666,Muda
114,114,9215,1980,S3,Menikah,43974000.0,1,0,2012-12-12,19,378000,0,101000,0,0,72000,5,6,4,6,7,0,0,0,0,0,0,3,11,0,2012-12-31,34,1,0,1,0,551000,0.23809523809523808,0.46153846153846156,Tua
115,115,2286,1962,S1,Lajang,50785000.0,1,1,2013-09-10,27,64000,1000,21000,0,1000,27000,2,2,1,3,6,0,0,0,0,0,0,3,11,0,2013-10-07,52,0,0,2,0,114000,0.25,0.25,Tua
116,116,1592,1970,S1,Menikah,90765000.0,0,0,2014-01-24,25,547000,99000,812000,151000,82000,33000,0,4,6,5,1,0,0,1,1,0,0,3,11,0,2014-02-18,44,1,0,0,2,1724000,0.0,0.8,Tua
117,117,367,1978,D3,Menikah,36550000.0,1,0,2013-02-19,74,47000,90000,94000,123000,103000,120000,5,9,1,5,9,0,0,0,0,0,0,3,11,0,2013-05-04,36,1,0,1,0,577000,0.25,0.5,Tua
118,118,5234,1967,D3,Bertunangan,30753000.0,1,1,2013-07-11,85,12000,5000,25000,0,9000,30000,2,1,1,3,5,0,0,0,0,0,0,3,11,0,2013-10-04,47,1,0,2,0,81000,0.2857142857142857,0.16666666666666666,Tua
119,119,9862,1969,S1,Bertunangan,21918000.0,1,0,2013-11-14,37,1000,6000,7000,11000,5000,3000,2,2,0,3,6,0,0,0,0,0,0,3,11,0,2013-12-21,45,1,0,1,0,33000,0.2857142857142857,0.25,Tua
120,120,9805,1953,S2,Bertunangan,56129000.0,0,1,2013-06-20,65,320000,48000,133000,39000,72000,48000,4,6,2,10,4,0,0,0,0,0,0,3,11,0,2013-08-24,61,1,0,1,0,660000,0.18181818181818182,0.6,Lansia
121,121,6205,1967,S2,Lajang,32557000.0,1,0,2014-02-24,13,34000,3000,29000,0,4000,10000,3,2,1,3,5,0,0,0,0,0,0,3,11,1,2014-03-09,47,0,0,1,0,80000,0.3333333333333333,0.2857142857142857,Tua
122,122,8442,1985,S2,Menikah,19510000.0,2,0,2013-09-04,63,9000,0,7000,3000,4000,7000,2,1,0,3,7,0,0,0,0,0,0,3,11,0,2013-11-06,29,1,0,2,0,30000,0.3333333333333333,0.125,Muda
123,123,7386,1976,S1,Cerai,30992000.0,1,0,2013-04-22,83,17000,0,14000,7000,3000,2000,1,1,0,3,7,0,0,0,0,0,0,3,11,0,2013-07-14,38,0,0,1,0,43000,0.2,0.125,Tua
124,124,7215,1983,S1,Lajang,101970000.0,0,0,2013-03-12,69,722000,27000,102000,44000,72000,168000,0,6,8,13,2,0,1,1,1,0,0,3,11,1,2013-05-20,31,0,0,0,3,1135000,0.0,0.75,Tua
125,125,1491,1965,D3,Bertunangan,71488000.0,0,0,2013-02-18,87,162000,33000,124000,40000,28000,172000,2,3,4,7,1,0,0,0,0,0,0,3,11,0,2013-05-16,49,1,0,0,0,559000,0.125,0.75,Tua
126,126,11071,1984,S1,Lajang,79607000.0,0,0,2013-04-21,37,450000,133000,951000,173000,0,216000,1,3,6,6,1,0,0,0,0,0,0,3,11,1,2013-05-28,30,0,0,0,0,1923000,0.0625,0.75,Muda
127,127,3381,1953,S2,Menikah,54348000.0,1,1,2014-06-08,51,70000,0,16000,0,0,4000,2,2,0,4,6,0,0,0,0,0,0,3,11,0,2014-07-29,61,1,0,2,0,90000,0.25,0.25,Lansia
129,129,11051,1956,S3,Bertunangan,77376000.0,1,1,2014-05-10,72,492000,19000,110000,16000,12000,12000,4,6,3,10,4,0,0,0,0,0,0,3,11,0,2014-07-21,58,1,0,2,0,661000,0.17391304347826086,0.6,Lansia
130,130,8026,1952,S1,Menikah,62998000.0,0,1,2013-09-30,10,120000,58000,73000,65000,89000,58000,5,5,4,5,5,0,0,0,0,0,0,3,11,0,2013-10-10,62,1,0,1,0,463000,0.2631578947368421,0.5,Lansia
131,131,433,1958,S2,Duda,61331000.0,1,1,2013-03-10,42,534000,5000,47000,0,5000,41000,5,11,1,6,8,0,0,0,0,0,0,3,11,0,2013-04-21,56,0,0,2,0,632000,0.21739130434782608,0.5789473684210527,Lansia
132,132,9597,1969,S1,Menikah,73448000.0,0,0,2014-02-10,10,236000,106000,189000,23000,41000,130000,1,7,2,9,4,0,0,0,0,0,0,3,11,0,2014-02-20,45,1,0,0,0,725000,0.05263157894736842,0.6363636363636364,Tua
134,134,5290,1964,S3,Menikah,41551000.0,1,1,2013-08-14,51,220000,0,33000,3000,0,23000,5,5,1,5,8,0,0,0,0,0,0,3,11,0,2013-10-04,50,1,0,2,0,279000,0.3125,0.38461538461538464,Tua
135,135,1685,1967,S3,Bertunangan,62981000.0,0,0,2013-03-17,21,796000,14000,590000,38000,44000,0,1,4,5,13,3,0,1,0,0,0,0,3,11,0,2013-04-07,47,1,0,0,1,1482000,0.043478260869565216,0.5714285714285714,Tua
136,136,5342,1976,SMA,Cerai,9548000.0,1,0,2012-08-08,31,0,1000,3000,10000,6000,9000,2,1,0,3,8,0,0,0,0,0,0,3,11,0,2012-09-08,38,0,1,1,0,29000,0.3333333333333333,0.1111111111111111,Tua
137,137,9579,1959,S3,Menikah,33762000.0,2,1,2013-07-07,61,53000,1000,34000,2000,0,16000,3,2,2,2,8,0,0,0,0,0,0,3,11,0,2013-09-06,55,1,0,3,0,106000,0.3333333333333333,0.2,Tua
138,138,7660,1973,S3,Duda,35860000.0,1,1,2014-05-19,37,15000,0,8000,4000,2000,20000,2,1,1,2,5,1,0,0,0,0,0,3,11,1,2014-06-25,41,0,0,2,1,49000,0.3333333333333333,0.16666666666666666,Tua
139,139,1461,1965,S3,Cerai,36921000.0,1,1,2013-07-28,74,17000,1000,12000,3000,1000,4000,2,2,0,3,7,0,0,0,0,0,0,3,11,0,2013-10-10,49,0,0,2,0,38000,0.2857142857142857,0.2222222222222222,Tua
140,140,821,1992,S2,Lajang,92859000.0,0,0,2012-10-19,46,962000,61000,921000,52000,61000,20000,1,5,4,12,2,0,0,0,0,0,0,3,11,0,2012-12-04,22,0,0,0,0,2077000,0.045454545454545456,0.7142857142857143,Muda
141,141,11084,1976,S2,Bertunangan,65104000.0,0,1,2013-11-14,4,738000,0,232000,13000,20000,50000,2,3,5,7,7,0,0,0,0,0,0,3,11,1,2013-11-18,38,1,0,1,0,1053000,0.11764705882352941,0.3,Tua
142,142,8690,1962,S1,Menikah,86111000.0,0,0,2013-04-19,73,399000,28000,756000,36000,40000,126000,1,5,7,10,2,0,0,0,0,0,0,3,11,0,2013-07-01,52,1,0,0,0,1385000,0.043478260869565216,0.7142857142857143,Tua
143,143,2937,1974,S3,Lajang,68352000.0,0,1,2013-08-28,47,614000,16000,132000,43000,33000,33000,3,8,5,9,6,0,0,0,0,0,0,3,11,0,2013-10-14,40,0,0,1,0,871000,0.12,0.5714285714285714,Tua
144,144,9701,1988,S1,Bertunangan,41883000.0,1,0,2013-03-19,13,32000,34000,41000,73000,16000,116000,3,4,2,3,7,0,0,0,0,0,0,3,11,0,2013-04-01,26,1,0,1,0,312000,0.25,0.36363636363636365,Muda
145,145,9949,1976,S1,Menikah,59809000.0,0,2,2012-10-18,36,598000,16000,141000,32000,41000,49000,3,3,3,6,8,0,0,0,0,0,0,3,11,0,2012-11-23,38,1,0,2,0,877000,0.2,0.2727272727272727,Tua
146,146,10837,1975,S1,Menikah,23957000.0,1,0,2012-10-28,47,2000,1000,18000,20000,11000,16000,1,2,0,3,6,0,0,0,0,0,0,3,11,1,2012-12-14,39,1,0,1,0,68000,0.16666666666666666,0.25,Tua
147,147,3120,1981,S1,Bertunangan,38547000.0,1,0,2013-08-28,49,6000,1000,10000,0,1000,4000,1,1,0,2,8,0,0,0,0,0,1,3,11,0,2013-10-16,33,1,0,1,0,22000,0.25,0.1111111111111111,Tua
148,148,5885,1973,D3,Menikah,35688000.0,2,1,2012-08-22,94,73000,3000,90000,12000,1000,32000,7,4,1,4,8,0,0,0,0,0,0,3,11,0,2012-11-24,41,1,0,3,0,211000,0.4375,0.3333333333333333,Tua
149,149,4050,1966,S2,Menikah,49605000.0,0,0,2014-06-21,65,42000,16000,29000,12000,20000,8000,1,2,1,4,3,0,0,0,0,0,0,3,11,0,2014-08-25,48,1,0,0,0,127000,0.125,0.4,Tua
150,150,3830,1953,S2,Menikah,59354000.0,0,2,2014-04-24,59,295000,21000,78000,39000,13000,13000,1,4,4,7,3,0,0,0,0,0,0,3,11,0,2014-06-22,61,1,0,2,0,459000,0.0625,0.5714285714285714,Lansia
151,151,7987,1969,S1,Menikah,65747000.0,0,1,2014-03-07,96,346000,17000,48000,23000,13000,13000,4,8,1,6,6,0,1,0,0,0,0,3,11,0,2014-06-11,45,1,0,1,1,460000,0.21052631578947367,0.5714285714285714,Tua
152,152,7798,1972,D3,Bertunangan,46344000.0,0,1,2012-12-14,28,233000,20000,57000,8000,20000,91000,4,7,1,5,7,0,0,0,0,0,0,3,11,0,2013-01-11,42,1,0,1,0,429000,0.23529411764705882,0.5,Tua
153,153,92,1988,S1,Duda,34176000.0,1,0,2014-05-12,12,5000,7000,24000,19000,14000,20000,4,3,0,4,6,0,0,0,0,0,0,3,11,0,2014-05-24,26,0,0,1,0,89000,0.36363636363636365,0.3333333333333333,Muda
154,154,7055,1952,S3,Bertunangan,61010000.0,0,1,2012-10-09,57,888000,0,57000,0,0,76000,2,8,5,11,5,0,0,0,0,0,0,3,11,0,2012-12-05,62,1,0,1,0,1021000,0.07692307692307693,0.6153846153846154,Lansia
155,155,10240,1949,S1,Bertunangan,69372000.0,0,0,2013-02-19,10,997000,26000,269000,34000,13000,42000,1,10,4,6,4,0,1,1,0,0,0,3,11,1,2013-03-01,65,1,0,0,2,1381000,0.047619047619047616,0.7142857142857143,Lansia
156,156,3025,1958,S1,Lajang,49967000.0,0,1,2013-07-08,4,212000,6000,69000,4000,12000,3000,3,6,1,5,7,0,0,0,0,0,0,3,11,0,2013-07-12,56,0,0,1,0,306000,0.2,0.46153846153846156,Lansia
157,157,9283,1978,S1,Lajang,60199000.0,1,2,2013-09-12,49,8000,1000,7000,2000,0,0,1,0,0,3,4,0,0,0,0,0,0,3,11,0,2013-10-31,36,0,0,3,0,18000,0.25,0.0,Tua
158,158,9970,1977,S1,Bertunangan,55375000.0,0,1,2013-10-17,3,42000,11000,57000,10000,28000,14000,1,1,1,6,2,0,0,0,0,0,0,3,11,0,2013-10-20,37,1,0,1,0,162000,0.1111111111111111,0.3333333333333333,Tua
159,159,2730,1955,S1,Lajang,80317000.0,0,0,2013-08-20,64,536000,11000,387000,149000,91000,57000,1,3,4,10,1,0,0,0,0,0,0,3,11,0,2013-10-23,59,0,0,0,0,1231000,0.05555555555555555,0.75,Lansia
160,160,2795,1958,S2,Lajang,30523000.0,2,1,2013-07-01,0,5000,0,3000,0,0,5000,1,1,0,2,7,0,0,0,0,0,0,3,11,0,2013-07-01,56,0,0,3,0,13000,0.25,0.125,Lansia
161,161,9260,1945,S3,Menikah,70356000.0,0,0,2012-11-05,20,1349000,16000,249000,43000,16000,33000,2,10,6,9,6,0,0,0,0,0,0,3,11,0,2012-11-25,69,1,0,0,0,1706000,0.07407407407407407,0.625,Lansia
162,162,8182,1984,S1,Menikah,23228000.0,1,0,2014-01-05,91,53000,3000,49000,7000,4000,5000,4,3,0,4,8,0,0,0,0,0,0,3,11,0,2014-04-06,30,1,0,1,0,121000,0.36363636363636365,0.2727272727272727,Muda
163,163,10095,1975,S3,Cerai,74165000.0,0,0,2013-05-01,9,1001000,12000,240000,16000,12000,12000,1,5,4,10,2,0,0,0,0,0,0,3,11,0,2013-05-10,39,0,0,0,0,1293000,0.05,0.7142857142857143,Tua
165,165,4370,1966,S1,Bertunangan,43482000.0,2,1,2013-11-13,83,18000,1000,32000,6000,3000,28000,3,2,0,4,6,0,0,0,0,0,0,3,11,0,2014-02-04,48,1,0,3,0,88000,0.3333333333333333,0.25,Tua
166,166,10573,1953,S1,Cerai,62551000.0,0,0,2013-11-18,27,125000,16000,98000,134000,21000,27000,1,6,7,4,3,1,0,0,0,0,0,3,11,0,2013-12-15,61,0,0,0,1,421000,0.05555555555555555,0.6666666666666666,Lansia
167,167,3712,1959,S1,Cerai,52332000.0,0,0,2013-08-28,63,212000,5000,33000,7000,0,2000,1,3,2,6,4,0,1,0,0,0,0,3,11,0,2013-10-30,55,0,0,0,1,259000,0.08333333333333333,0.42857142857142855,Tua
168,168,6637,1988,S1,Lajang,66951000.0,0,0,2013-11-02,46,277000,162000,305000,173000,76000,124000,1,3,4,7,1,0,0,0,0,0,0,3,11,0,2013-12-18,26,0,0,0,0,1117000,0.06666666666666667,0.75,Muda
169,169,3152,1957,S1,Bertunangan,26091000.0,1,1,2014-02-25,84,15000,10000,19000,8000,17000,20000,3,2,1,3,5,0,0,0,0,0,0,3,11,0,2014-05-20,57,1,0,2,0,89000,0.3333333333333333,0.2857142857142857,Lansia
170,170,5610,1965,S1,Bertunangan,33456000.0,1,1,2014-04-21,58,7000,3000,10000,8000,1000,7000,2,1,0,3,7,0,0,0,0,0,0,3,11,0,2014-06-18,49,1,0,2,0,36000,0.3333333333333333,0.125,Tua
171,171,6460,1982,S1,Menikah,28718000.0,1,0,2013-07-13,78,12000,4000,6000,11000,8000,16000,2,2,0,3,8,0,0,0,0,0,0,3,11,0,2013-09-29,32,1,0,1,0,57000,0.2857142857142857,0.2,Tua
172,172,1349,1970,S1,Menikah,50447000.0,2,0,2014-04-21,4,85000,7000,24000,2000,3000,27000,1,3,1,3,6,0,0,0,0,0,0,3,11,0,2014-04-25,44,1,0,2,0,148000,0.125,0.3333333333333333,Tua
173,173,1880,1959,S3,Bertunangan,53537000.0,1,1,2014-01-30,17,81000,0,6000,0,0,6000,2,2,1,3,5,0,0,0,0,0,0,3,11,0,2014-02-16,55,1,0,2,0,93000,0.25,0.2857142857142857,Tua
174,174,641,1967,S1,Lajang,52074000.0,0,1,2014-04-04,77,59000,0,12000,0,0,48000,1,2,2,2,4,1,0,0,0,0,0,3,11,0,2014-06-20,47,0,0,1,1,119000,0.14285714285714285,0.3333333333333333,Tua
175,175,8717,1975,S3,Menikah,80427000.0,0,1,2012-09-12,56,1149000,71000,449000,69000,71000,26000,1,11,8,8,5,0,0,0,0,0,0,3,11,0,2012-11-07,39,1,0,1,0,1835000,0.03571428571428571,0.6875,Tua
176,176,10314,1948,S3,Menikah,83837000.0,0,0,2012-12-16,79,847000,66000,119000,86000,89000,111000,1,9,10,5,4,0,1,0,1,0,0,3,11,1,2013-03-05,66,1,0,0,2,1318000,0.04,0.6923076923076923,Lansia
177,177,10854,1970,S3,Menikah,38853000.0,1,1,2014-05-23,90,29000,0,14000,0,0,2000,2,2,0,3,7,0,0,0,0,0,0,3,11,0,2014-08-21,44,1,0,2,0,45000,0.2857142857142857,0.2222222222222222,Tua
178,178,10492,1959,S1,Bertunangan,38285000.0,2,1,2014-06-24,96,2000,0,5000,2000,0,1000,1,0,0,3,2,0,0,0,0,0,0,3,11,0,2014-09-28,55,1,0,3,0,10000,0.25,0.0,Tua
179,179,6935,1951,D3,Menikah,78497000.0,0,0,2013-12-01,44,207000,26000,447000,75000,0,223000,1,5,7,12,2,0,0,0,1,0,0,3,11,0,2014-01-14,63,1,0,0,1,978000,0.04,0.7142857142857143,Lansia
180,180,7698,1976,S3,Menikah,51650000.0,0,1,2014-05-11,81,152000,3000,22000,2000,5000,7000,1,4,1,4,5,0,0,0,0,0,0,3,11,0,2014-07-31,38,1,0,1,0,191000,0.1,0.4444444444444444,Tua
181,181,3559,1988,D3,Menikah,16248000.0,1,0,2014-05-10,77,12000,11000,10000,3000,12000,9000,3,2,1,3,6,0,0,0,0,0,0,3,11,0,2014-07-26,26,1,0,1,0,57000,0.3333333333333333,0.25,Muda
182,182,10562,1946,S2,Menikah,66835000.0,0,0,2013-09-28,21,620000,26000,195000,34000,17000,141000,1,6,4,13,2,0,0,0,0,0,0,3,11,0,2013-10-19,68,1,0,0,0,1033000,0.041666666666666664,0.75,Lansia
183,183,10796,1984,S2,Menikah,30477000.0,1,0,2014-01-22,16,47000,1000,6000,0,0,12000,1,1,1,3,6,0,0,0,0,0,0,3,11,0,2014-02-07,30,1,0,1,0,66000,0.16666666666666666,0.14285714285714285,Muda
184,184,2563,1961,SMA,Menikah,28249000.0,0,0,2014-06-15,80,1000,9000,7000,2000,14000,10000,1,2,0,3,6,0,0,0,0,0,0,3,11,0,2014-09-03,53,1,1,0,0,43000,0.16666666666666666,0.25,Tua
185,185,3518,1983,S1,Menikah,25271000.0,1,0,2012-12-05,45,10000,1000,18000,10000,4000,7000,1,1,1,2,9,0,0,0,0,0,0,3,11,0,2013-01-19,31,1,0,1,0,50000,0.2,0.1,Tua
186,186,5823,1970,S3,Lajang,32303000.0,0,1,2014-03-08,63,35000,0,2000,0,0,2000,2,1,0,4,5,0,0,0,0,0,0,3,11,0,2014-05-10,44,0,0,1,0,39000,0.2857142857142857,0.16666666666666666,Tua
187,187,3934,1966,S1,Menikah,61286000.0,0,1,2013-08-02,34,356000,0,107000,19000,9000,117000,2,7,1,8,5,0,0,0,0,0,0,3,11,0,2013-09-05,48,1,0,1,0,608000,0.1111111111111111,0.5833333333333334,Tua
188,188,6982,1976,S1,Menikah,74068000.0,0,0,2013-03-19,14,783000,30000,537000,140000,76000,15000,1,4,10,9,2,0,0,0,0,0,0,3,11,0,2013-04-02,38,1,0,0,0,1581000,0.041666666666666664,0.6666666666666666,Tua
189,189,6431,1964,S3,Menikah,45759000.0,1,1,2013-02-23,13,42000,1000,18000,3000,0,4000,2,2,0,3,7,0,0,0,0,0,0,3,11,0,2013-03-08,50,1,0,2,0,68000,0.2857142857142857,0.2222222222222222,Tua
190,190,9733,1978,SMA,Bertunangan,24882000.0,1,0,2012-09-09,52,1000,4000,10000,29000,0,36000,1,1,1,2,6,1,0,0,0,0,0,3,11,0,2012-10-31,36,1,1,1,1,80000,0.2,0.14285714285714285,Tua
191,191,5602,1989,S3,Bertunangan,66973000.0,0,0,2013-05-17,98,466000,22000,432000,147000,113000,102000,1,8,7,12,3,0,0,0,0,0,0,3,11,0,2013-08-23,25,1,0,0,0,1282000,0.03571428571428571,0.7272727272727273,Muda
193,193,1324,1988,S1,Menikah,38872000.0,1,0,2013-05-30,93,23000,3000,21000,3000,19000,22000,2,3,0,3,8,0,0,0,0,0,0,3,11,0,2013-08-31,26,1,0,1,0,91000,0.25,0.2727272727272727,Muda
194,194,326,1973,S1,Menikah,51148000.0,1,1,2013-02-18,38,235000,6000,45000,8000,9000,12000,4,5,1,6,6,0,0,0,0,0,0,3,11,0,2013-03-28,41,1,0,2,0,315000,0.25,0.45454545454545453,Tua
195,195,7224,1977,S1,Menikah,31353000.0,1,1,2013-12-29,24,10000,0,10000,3000,1000,7000,2,1,1,2,8,0,0,0,0,0,0,3,11,0,2014-01-22,37,1,0,2,0,31000,0.3333333333333333,0.1111111111111111,Tua
196,196,6999,1980,S2,Menikah,69661000.0,0,0,2014-05-13,80,656000,16000,106000,32000,16000,8000,1,7,3,12,3,0,0,0,0,0,0,3,11,0,2014-08-01,34,1,0,0,0,834000,0.043478260869565216,0.7,Tua
197,197,9938,1954,S1,Menikah,80067000.0,0,0,2013-09-19,82,519000,17000,813000,27000,173000,51000,1,4,6,6,2,0,0,1,0,0,0,3,11,0,2013-12-10,60,1,0,0,1,1600000,0.058823529411764705,0.6666666666666666,Lansia
198,198,6422,1954,S1,Menikah,86718000.0,0,0,2013-01-17,20,344000,189000,482000,50000,33000,172000,1,5,6,5,2,0,0,0,0,0,0,3,11,0,2013-02-06,60,1,0,0,0,1270000,0.058823529411764705,0.7142857142857143,Lansia
199,199,3182,1973,S3,Lajang,46854000.0,1,1,2014-03-31,81,96000,1000,79000,7000,1000,79000,6,5,1,3,8,1,0,0,0,0,0,3,11,1,2014-06-20,41,0,0,2,1,263000,0.4,0.38461538461538464,Tua
200,200,7300,1952,S1,Cerai,69142000.0,0,1,2014-06-29,50,448000,4000,34000,6000,4000,39000,3,8,1,7,5,0,1,0,0,0,0,3,11,0,2014-08-18,62,0,0,1,1,535000,0.15789473684210525,0.6153846153846154,Lansia
201,201,10424,1968,S1,Lajang,75922000.0,0,0,2013-12-09,60,265000,138000,553000,224000,23000,92000,1,4,4,9,1,0,0,0,0,0,0,3,11,0,2014-02-07,46,0,0,0,0,1295000,0.05555555555555555,0.8,Tua
202,202,8727,1978,S1,Cerai,63693000.0,0,1,2013-10-14,63,587000,43000,337000,42000,87000,54000,3,11,6,9,6,0,0,0,0,0,0,3,11,0,2013-12-16,36,0,0,1,0,1150000,0.10344827586206896,0.6470588235294118,Tua
203,203,2798,1977,S3,Bertunangan,102160000.0,0,0,2012-11-02,54,763000,29000,138000,76000,176000,58000,0,7,9,10,4,0,1,1,1,0,0,3,11,1,2012-12-26,37,1,0,0,3,1240000,0.0,0.6363636363636364,Tua
204,204,1030,1965,S3,Lajang,40637000.0,1,1,2013-07-17,72,22000,0,13000,0,0,3000,2,1,0,3,7,0,0,0,0,0,0,3,11,0,2013-09-27,49,0,0,2,0,38000,0.3333333333333333,0.125,Tua
205,205,624,1984,S2,Lajang,18890000.0,0,0,2012-11-10,5,6000,4000,1000,7000,2000,15000,1,0,1,2,6,1,0,0,0,0,0,3,11,1,2012-11-15,30,0,0,0,1,35000,0.25,0.0,Muda
206,206,5176,1988,S1,Bertunangan,29604000.0,1,0,2013-12-08,88,7000,6000,13000,7000,6000,14000,1,1,0,3,9,1,0,0,0,0,0,3,11,0,2014-03-06,26,1,0,1,1,53000,0.2,0.1,Muda
207,207,5552,1963,S2,Cerai,48721000.0,1,1,2013-05-13,50,81000,18000,113000,47000,13000,21000,6,4,2,5,6,0,0,0,0,0,0,3,11,0,2013-07-02,51,0,0,2,0,293000,0.35294117647058826,0.4,Tua
208,208,868,1966,S1,Menikah,44794000.0,0,1,2014-06-08,99,54000,0,7000,0,0,4000,1,2,0,3,6,0,0,0,0,0,0,3,11,0,2014-09-15,48,1,0,1,0,65000,0.16666666666666666,0.25,Tua
209,209,380,1954,S1,Cerai,64497000.0,0,1,2012-09-10,17,1170000,48000,320000,42000,32000,192000,5,11,4,9,8,1,0,0,0,0,0,3,11,1,2012-09-27,60,0,0,1,1,1804000,0.1724137931034483,0.5789473684210527,Lansia
210,210,2677,1956,S1,Bertunangan,46097000.0,0,1,2013-03-31,11,72000,24000,68000,65000,4000,8000,5,3,1,6,4,0,0,0,0,0,0,3,11,0,2013-04-11,58,1,0,1,0,241000,0.3333333333333333,0.42857142857142855,Lansia
211,211,6521,1954,S1,Bertunangan,77972000.0,0,0,2014-03-18,18,613000,22000,319000,33000,102000,12000,1,4,6,9,1,0,0,0,0,0,0,3,11,0,2014-04-05,60,1,0,0,0,1101000,0.05,0.8,Lansia
212,212,6927,1968,S3,Menikah,44377000.0,1,1,2012-10-05,70,224000,0,30000,0,0,10000,8,5,1,5,8,0,0,0,0,0,0,3,11,0,2012-12-14,46,1,0,2,0,264000,0.42105263157894735,0.38461538461538464,Tua
213,213,2877,1974,S2,Bertunangan,46014000.0,1,1,2013-01-21,21,410000,0,59000,19000,9000,44000,10,7,1,8,7,0,0,0,0,0,0,3,11,0,2013-02-11,40,1,0,2,0,541000,0.38461538461538464,0.5,Tua
214,214,0,1985,S1,Menikah,70951000.0,0,0,2013-05-04,66,239000,10000,554000,254000,87000,54000,1,3,4,9,1,0,0,0,0,0,0,3,11,0,2013-07-09,29,1,0,0,0,1198000,0.058823529411764705,0.75,Muda
215,215,1584,1977,S1,Menikah,41443000.0,1,0,2014-04-01,79,171000,7000,171000,25000,19000,89000,6,8,1,5,8,0,0,0,0,0,0,3,11,0,2014-06-19,37,1,0,1,0,482000,0.3,0.5,Tua
216,216,7264,1978,D3,Lajang,52195000.0,2,1,2014-05-12,2,12000,0,4000,0,0,1000,1,1,0,2,8,0,0,0,0,0,0,3,11,0,2014-05-14,36,0,0,3,0,17000,0.25,0.1111111111111111,Tua
217,217,6274,1948,S2,Menikah,83790000.0,0,0,2013-11-15,81,1076000,16000,417000,42000,48000,16000,1,8,10,6,3,0,1,1,0,0,0,3,11,0,2014-02-04,66,1,0,0,2,1615000,0.04,0.7272727272727273,Lansia
218,218,1377,1954,S2,Janda,44551000.0,0,1,2013-08-31,24,182000,4000,33000,0,0,66000,2,4,1,5,7,0,0,0,0,0,0,3,11,0,2013-09-24,60,0,0,1,0,285000,0.16666666666666666,0.36363636363636365,Lansia
219,219,454,1980,S1,Bertunangan,69508000.0,1,0,2012-11-14,48,824000,32000,162000,42000,32000,43000,2,11,4,11,6,0,0,0,0,0,0,3,11,0,2013-01-01,34,1,0,1,0,1135000,0.07142857142857142,0.6470588235294118,Tua
220,220,1755,1988,D3,Bertunangan,45204000.0,1,0,2014-04-11,93,30000,11000,25000,29000,1000,18000,1,1,1,4,3,0,0,0,0,0,0,3,11,0,2014-07-13,26,1,0,1,0,114000,0.14285714285714285,0.25,Muda
221,221,2075,1969,S1,Menikah,72460000.0,0,0,2013-11-14,56,377000,10000,540000,80000,30000,10000,1,3,5,7,1,0,0,0,0,0,0,3,11,0,2014-01-09,45,1,0,0,0,1047000,0.0625,0.75,Tua
222,222,4785,1970,S3,Bertunangan,77622000.0,0,2,2014-04-14,3,520000,7000,154000,19000,0,14000,2,6,3,11,3,0,0,0,0,0,0,3,11,0,2014-04-17,44,1,0,2,0,714000,0.09090909090909091,0.6666666666666666,Tua
223,223,9076,1980,S3,Menikah,30732000.0,1,0,2013-01-05,44,155000,1000,25000,0,1000,3000,4,4,1,4,8,0,0,0,0,0,0,3,11,0,2013-02-18,34,1,0,1,0,185000,0.3076923076923077,0.3333333333333333,Tua
224,224,7079,1962,S1,Cerai,63887000.0,0,1,2012-09-08,38,897000,23000,207000,15000,11000,92000,5,9,6,12,6,0,0,0,0,0,0,3,11,0,2012-10-16,52,0,0,1,0,1245000,0.15625,0.6,Tua
225,225,4653,1978,S1,Bertunangan,42011000.0,1,0,2013-03-26,46,131000,0,16000,2000,1000,39000,4,3,1,4,8,0,0,0,0,0,0,3,11,0,2013-05-11,36,1,0,1,0,189000,0.3333333333333333,0.2727272727272727,Tua
226,226,7375,1976,S1,Bertunangan,51369000.0,0,1,2012-10-25,84,297000,7000,79000,0,11000,182000,2,8,2,4,8,0,0,0,0,0,0,3,11,0,2013-01-17,38,1,0,1,0,576000,0.125,0.5,Tua
227,227,709,1952,S1,Cerai,51537000.0,0,1,2012-12-09,27,787000,20000,204000,0,0,92000,3,2,2,11,8,0,0,0,0,0,0,3,11,0,2013-01-05,62,0,0,1,0,1103000,0.16666666666666666,0.2,Lansia
228,228,460,1972,S3,Menikah,79930000.0,0,0,2012-08-08,72,792000,86000,740000,67000,51000,17000,1,3,5,8,2,0,0,0,0,0,0,3,11,0,2012-10-19,42,1,0,0,0,1753000,0.058823529411764705,0.6,Tua
229,229,3726,1986,S3,Bertunangan,34320000.0,1,0,2014-02-16,66,4000,1000,9000,3000,0,0,1,1,0,2,8,0,0,0,0,0,0,3,11,0,2014-04-23,28,1,0,1,0,17000,0.25,0.1111111111111111,Muda
230,230,6798,1966,S1,Lajang,37070000.0,1,1,2013-03-20,30,231000,7000,137000,4000,15000,39000,9,5,1,8,7,0,0,0,0,0,0,3,11,1,2013-04-19,48,0,0,2,0,433000,0.391304347826087,0.4166666666666667,Tua
231,231,5341,1962,D3,Cerai,81975000.0,0,1,2013-01-05,2,983000,76000,184000,180000,138000,27000,1,6,3,4,7,0,0,1,0,0,0,3,11,0,2013-01-07,52,0,0,1,1,1588000,0.07142857142857142,0.46153846153846156,Tua
232,232,1606,1971,S1,Bertunangan,38590000.0,1,0,2013-05-15,65,3000,1000,8000,4000,3000,3000,1,1,0,2,8,0,0,0,0,0,0,3,11,0,2013-07-19,43,1,0,1,0,22000,0.25,0.1111111111111111,Tua
233,233,9617,1951,S1,Lajang,15033000.0,0,0,2014-04-16,37,0,4000,5000,6000,0,4000,1,1,0,3,3,0,0,0,0,0,0,3,11,0,2014-05-23,63,0,0,0,0,19000,0.2,0.25,Lansia
234,234,3233,1965,S3,Menikah,62745000.0,0,1,2013-03-23,89,562000,21000,464000,28000,10000,32000,3,7,8,11,5,0,0,0,0,0,0,3,11,0,2013-06-20,49,1,0,1,0,1117000,0.10344827586206896,0.5833333333333334,Tua
235,235,89,1975,D3,Menikah,22212000.0,1,0,2013-12-09,49,5000,9000,20000,6000,8000,21000,2,2,0,4,6,0,0,0,0,0,0,3,11,0,2014-01-27,39,1,0,1,0,69000,0.25,0.25,Tua
236,236,2936,1982,S2,Bertunangan,23661000.0,1,0,2013-12-04,46,18000,0,4000,0,0,1000,1,1,0,3,7,0,0,0,0,0,0,3,11,0,2014-01-19,32,1,0,1,0,23000,0.2,0.125,Tua
237,237,9449,1958,S3,Lajang,79761000.0,0,1,2013-10-04,32,415000,5000,124000,15000,35000,11000,1,5,2,11,3,0,0,0,0,0,0,3,11,0,2013-11-05,56,0,0,1,0,605000,0.05263157894736842,0.625,Lansia
238,238,7297,1973,S1,Lajang,7500000.0,1,0,2013-12-26,54,5000,3000,10000,12000,7000,20000,4,3,1,3,7,0,0,0,0,0,0,3,11,0,2014-02-18,41,0,0,1,0,57000,0.36363636363636365,0.3,Tua
240,240,313,1968,S1,Janda,73455000.0,0,0,2013-10-28,98,901000,61000,757000,186000,163000,20000,1,6,5,10,3,0,1,0,0,0,0,3,11,0,2014-02-03,46,0,0,0,1,2088000,0.045454545454545456,0.6666666666666666,Tua
241,241,9940,1958,S1,Bertunangan,64961000.0,0,1,2012-12-23,97,382000,114000,276000,75000,124000,38000,2,6,4,4,3,0,0,0,0,0,0,3,11,0,2013-03-30,56,1,0,1,0,1009000,0.125,0.6666666666666666,Lansia
242,242,10735,1971,S1,Lajang,22804000.0,1,0,2013-07-31,75,14000,1000,7000,2000,1000,1000,1,2,0,2,9,0,0,0,0,0,0,3,11,0,2013-10-14,43,0,0,1,0,26000,0.2,0.18181818181818182,Tua
243,243,9529,1990,S1,Menikah,73687000.0,0,0,2013-11-28,8,559000,153000,503000,218000,13000,181000,1,3,9,9,2,0,0,0,1,0,0,3,11,1,2013-12-06,24,1,0,0,1,1627000,0.045454545454545456,0.6,Muda
244,244,6439,1958,S1,Menikah,61074000.0,0,1,2012-08-17,37,789000,0,133000,0,28000,152000,7,11,5,8,7,0,0,0,0,0,0,3,11,0,2012-09-23,56,1,0,1,0,1102000,0.22580645161290322,0.6111111111111112,Lansia
245,245,7411,1964,S3,Menikah,31686000.0,1,1,2014-06-05,31,11000,0,5000,0,0,1000,2,1,0,3,6,0,0,0,0,0,0,3,11,0,2014-07-06,50,1,0,2,0,17000,0.3333333333333333,0.14285714285714285,Tua
246,246,2176,1972,S1,Menikah,80134000.0,1,0,2013-05-20,40,1218000,16000,272000,104000,0,80000,2,5,3,6,6,0,1,1,1,0,0,3,11,1,2013-06-29,42,1,0,1,3,1690000,0.125,0.45454545454545453,Tua
247,247,9265,1953,S1,Menikah,75027000.0,0,1,2013-01-09,74,925000,64000,179000,133000,12000,77000,2,9,4,6,5,0,0,0,0,0,0,3,11,0,2013-03-24,61,1,0,1,0,1390000,0.09523809523809523,0.6428571428571429,Lansia
248,248,8867,1988,S3,Menikah,67546000.0,0,0,2012-08-31,90,864000,134000,768000,150000,38000,172000,1,4,10,5,3,0,0,0,0,0,0,3,11,0,2012-11-29,26,1,0,0,0,2126000,0.05,0.5714285714285714,Muda
249,249,8932,1969,S2,Bertunangan,65176000.0,0,1,2012-10-29,57,960000,28000,183000,220000,70000,70000,4,9,6,6,6,0,0,0,0,0,0,3,11,0,2012-12-25,45,1,0,1,0,1531000,0.16,0.6,Tua
250,250,10236,1975,S2,Lajang,31160000.0,1,0,2013-09-16,59,16000,3000,25000,6000,1000,13000,2,2,0,3,8,0,0,0,0,0,0,3,11,0,2013-11-14,39,0,0,1,0,64000,0.2857142857142857,0.2,Tua
251,251,6340,1985,S1,Lajang,29938000.0,1,0,2013-10-27,52,3000,3000,7000,0,2000,11000,2,1,0,3,6,0,0,0,0,0,0,3,11,0,2013-12-18,29,0,0,1,0,26000,0.3333333333333333,0.14285714285714285,Muda
252,252,10089,1974,S1,Cerai,102692000.0,0,0,2013-04-05,5,168000,148000,444000,32000,172000,148000,1,6,9,13,2,0,1,1,1,1,0,3,11,1,2013-04-10,40,0,0,0,4,1112000,0.034482758620689655,0.75,Tua
253,253,2227,1958,D3,Bertunangan,26490000.0,0,0,2012-09-22,92,45000,47000,52000,21000,20000,25000,2,3,1,5,6,0,0,0,0,0,0,3,11,0,2012-12-23,56,1,0,0,0,210000,0.18181818181818182,0.3333333333333333,Lansia
254,254,10992,1967,S1,Bertunangan,75702000.0,1,1,2012-08-29,77,650000,28000,353000,45000,42000,30000,5,4,6,11,8,0,0,0,0,0,0,3,11,0,2012-11-14,47,1,0,2,0,1148000,0.19230769230769232,0.3333333333333333,Tua
255,255,5304,1974,S3,Lajang,30899000.0,1,0,2012-10-13,35,24000,0,8000,0,0,1000,2,1,0,3,6,0,0,0,0,0,0,3,11,0,2012-11-17,40,0,0,1,0,33000,0.3333333333333333,0.14285714285714285,Tua
256,256,309,1961,S3,Bertunangan,63342000.0,0,1,2012-10-16,48,918000,21000,118000,13000,10000,21000,3,8,3,5,6,0,1,0,0,0,0,3,11,0,2012-12-03,53,1,0,1,1,1101000,0.15789473684210525,0.5714285714285714,Tua
257,257,3406,1964,S1,Lajang,45989000.0,0,1,2012-10-22,97,138000,33000,87000,28000,24000,12000,4,3,2,7,3,0,0,0,0,0,0,3,11,0,2013-01-27,50,0,0,1,0,322000,0.25,0.5,Tua
258,258,2661,1964,S1,Lajang,18701000.0,1,1,2013-06-04,95,12000,4000,2000,10000,6000,10000,4,2,0,4,5,0,0,0,0,0,0,3,11,0,2013-09-07,50,0,0,2,0,44000,0.4,0.2857142857142857,Tua
259,259,3153,1957,S3,Lajang,40737000.0,2,1,2013-12-08,24,11000,0,4000,0,0,2000,1,1,0,2,8,0,0,0,0,0,0,3,11,0,2014-01-01,57,0,0,3,0,17000,0.25,0.1111111111111111,Lansia
260,260,10264,1979,S1,Cerai,15287000.0,1,0,2012-10-10,60,1000,2000,8000,4000,3000,13000,2,1,1,2,7,1,0,0,0,0,0,3,11,1,2012-12-09,35,0,0,1,1,31000,0.3333333333333333,0.125,Tua
261,261,1184,1968,S3,Cerai,69674000.0,0,2,2013-05-22,46,554000,41000,215000,11000,0,24000,3,10,2,10,5,0,0,0,0,0,0,3,11,0,2013-07-07,46,0,0,2,0,845000,0.12,0.6666666666666666,Tua
262,262,4200,1970,S2,Menikah,44159000.0,1,0,2014-06-17,85,167000,2000,62000,24000,13000,7000,4,4,1,6,5,0,0,0,0,0,0,3,11,0,2014-09-10,44,1,0,1,0,275000,0.26666666666666666,0.4444444444444444,Tua
263,263,9396,1978,S3,Menikah,37717000.0,1,0,2012-11-23,31,9000,0,6000,4000,1000,5000,1,1,0,2,9,0,0,0,0,0,0,3,11,0,2012-12-24,36,1,0,1,0,25000,0.25,0.1,Tua
264,264,2387,1952,S2,Bertunangan,43776000.0,1,1,2013-02-03,9,177000,2000,71000,3000,2000,20000,6,5,2,4,8,0,0,0,0,0,0,3,11,1,2013-02-12,62,1,0,2,0,275000,0.35294117647058826,0.38461538461538464,Lansia
265,265,6690,1966,S2,Menikah,38179000.0,1,1,2013-03-14,30,38000,4000,22000,4000,2000,20000,4,3,1,3,7,0,0,0,0,0,0,3,11,0,2013-04-13,48,1,0,2,0,90000,0.36363636363636365,0.3,Tua
266,266,1225,1963,S1,Menikah,80124000.0,0,0,2014-06-26,47,483000,84000,398000,205000,84000,241000,1,3,7,8,1,1,0,0,0,0,0,3,11,0,2014-08-12,51,1,0,0,1,1495000,0.05263157894736842,0.75,Tua
267,267,9703,1970,S3,Menikah,38097000.0,1,1,2012-10-15,70,77000,2000,35000,0,1000,69000,4,3,2,2,7,1,0,0,0,0,0,3,11,1,2012-12-24,44,1,0,2,1,184000,0.36363636363636365,0.3,Tua
268,268,291,1970,S1,Menikah,72940000.0,0,0,2013-06-19,13,182000,74000,298000,162000,149000,116000,1,3,3,6,1,0,0,0,0,0,0,3,11,0,2013-07-02,44,1,0,0,0,981000,0.07692307692307693,0.75,Tua
269,269,4557,1970,S1,Bertunangan,22070000.0,1,0,2013-10-04,11,10000,7000,19000,8000,2000,21000,2,2,2,2,6,0,0,0,0,0,0,3,11,0,2013-10-15,44,1,0,1,0,67000,0.25,0.25,Tua
270,270,2379,1953,S1,Lajang,69267000.0,0,0,2012-09-22,31,778000,44000,499000,95000,73000,146000,2,3,4,5,7,0,0,0,0,0,0,3,11,1,2012-10-23,61,0,0,0,0,1635000,0.14285714285714285,0.3,Lansia
271,271,5726,1983,S2,Lajang,31788000.0,1,0,2014-03-20,15,16000,7000,23000,0,8000,6000,3,3,0,4,5,0,0,0,0,0,1,3,11,0,2014-04-04,31,0,0,1,0,60000,0.3,0.375,Tua
272,272,3066,1975,S3,Bertunangan,61905000.0,0,1,2014-02-04,2,167000,0,43000,6000,2000,13000,2,4,2,4,5,0,0,0,0,0,0,3,11,0,2014-02-06,39,1,0,1,0,231000,0.16666666666666666,0.4444444444444444,Tua
273,273,6336,1960,S1,Menikah,29315000.0,1,1,2014-04-06,55,13000,2000,14000,8000,7000,4000,4,2,0,4,6,0,0,0,0,0,0,3,11,0,2014-05-31,54,1,0,2,0,48000,0.4,0.25,Tua
274,274,10967,1963,S1,Cerai,33378000.0,1,1,2013-02-06,38,33000,6000,40000,3000,7000,10000,3,2,0,4,7,0,0,0,0,0,0,3,11,0,2013-03-16,51,0,0,2,0,99000,0.3333333333333333,0.2222222222222222,Tua
275,275,2304,1963,S3,Bertunangan,66313000.0,0,1,2013-09-16,86,625000,7000,99000,10000,22000,7000,2,6,3,12,4,0,0,0,0,0,0,3,11,0,2013-12-11,51,1,0,1,0,770000,0.08695652173913043,0.6,Tua
276,276,3445,1956,S1,Lajang,60714000.0,0,0,2013-01-17,56,216000,162000,224000,101000,92000,162000,2,7,4,10,5,0,0,0,0,0,0,3,11,1,2013-03-14,58,0,0,0,0,957000,0.08695652173913043,0.5833333333333334,Lansia
277,277,7828,1981,S2,Bertunangan,77882000.0,0,0,2014-04-30,29,68000,129000,396000,188000,22000,15000,1,3,3,5,1,0,0,0,0,0,0,3,11,0,2014-05-29,33,1,0,0,0,818000,0.08333333333333333,0.75,Tua
278,278,3762,1986,S3,Lajang,69867000.0,0,0,2013-04-02,30,196000,0,512000,33000,130000,54000,1,3,5,8,1,0,0,0,1,0,0,3,11,1,2013-05-02,28,0,0,0,1,925000,0.058823529411764705,0.75,Muda
279,279,4391,1968,S2,Cerai,63841000.0,0,1,2013-04-21,64,635000,15000,100000,20000,7000,131000,1,9,3,9,6,0,0,0,0,0,0,3,11,0,2013-06-24,46,0,0,1,0,908000,0.045454545454545456,0.6,Tua
280,280,4669,1981,SMA,Menikah,24480000.0,1,0,2013-02-11,46,4000,19000,9000,28000,25000,17000,3,3,0,4,7,0,0,0,0,0,0,3,11,0,2013-03-29,33,1,1,1,0,102000,0.3,0.3,Tua
281,281,10144,1976,S1,Bertunangan,51369000.0,0,1,2012-10-25,84,297000,7000,79000,0,11000,182000,2,8,2,4,8,0,0,0,0,0,0,3,11,0,2013-01-17,38,1,0,1,0,576000,0.125,0.5,Tua
282,282,8652,1946,S1,Bertunangan,37760000.0,0,0,2012-08-31,20,84000,5000,38000,150000,12000,28000,2,4,1,6,7,0,0,0,0,0,0,3,11,0,2012-09-20,68,1,0,0,0,317000,0.15384615384615385,0.36363636363636365,Lansia
283,283,1672,1974,S3,Bertunangan,65640000.0,0,1,2014-03-01,74,204000,7000,149000,20000,15000,66000,1,5,1,8,2,0,0,0,0,0,0,3,11,0,2014-05-14,40,1,0,1,0,461000,0.06666666666666667,0.7142857142857143,Tua
284,284,8962,1975,S2,Menikah,44319000.0,1,1,2014-04-17,18,26000,0,8000,0,0,3000,2,2,0,3,5,0,0,0,0,0,0,3,11,0,2014-05-05,39,1,0,2,0,37000,0.2857142857142857,0.2857142857142857,Tua
285,285,9974,1974,S1,Menikah,30631000.0,1,0,2013-07-12,75,15000,6000,20000,4000,5000,20000,1,3,1,2,7,0,0,0,0,0,0,3,11,0,2013-09-25,40,1,0,1,0,70000,0.14285714285714285,0.3,Tua
286,286,10983,1952,S1,Bertunangan,75278000.0,0,0,2013-01-29,17,304000,98000,230000,150000,74000,74000,1,6,3,13,3,0,0,0,0,0,0,3,11,0,2013-02-15,62,1,0,0,0,930000,0.043478260869565216,0.6666666666666666,Lansia
287,287,8148,1956,S2,Bertunangan,50898000.0,1,1,2013-01-08,88,285000,28000,242000,55000,114000,135000,13,6,2,12,5,0,0,0,0,0,0,3,11,0,2013-04-06,58,1,0,2,0,859000,0.3939393939393939,0.5454545454545454,Lansia
288,288,10102,1966,S1,Janda,79946000.0,0,0,2014-05-12,19,395000,183000,565000,166000,141000,28000,1,5,11,5,3,0,0,0,0,0,0,3,11,0,2014-05-31,48,0,0,0,0,1478000,0.045454545454545456,0.625,Tua
289,289,4697,1949,S2,Cerai,35416000.0,0,0,2013-06-13,62,248000,3000,81000,4000,3000,51000,3,7,1,5,8,0,0,0,0,0,0,3,11,0,2013-08-14,65,0,0,0,0,390000,0.1875,0.4666666666666667,Lansia
290,290,9262,1984,D3,Bertunangan,32414000.0,0,0,2013-07-04,11,20000,6000,5000,0,9000,12000,1,1,0,3,7,1,0,0,0,0,0,3,11,0,2013-07-15,30,1,0,0,1,52000,0.2,0.125,Muda
291,291,7254,1969,S1,Bertunangan,38361000.0,1,0,2013-12-27,74,39000,0,56000,20000,8000,14000,3,3,1,3,7,0,0,0,0,0,0,3,11,0,2014-03-11,45,1,0,1,0,137000,0.3,0.3,Tua
292,292,4543,1980,S1,Menikah,82497000.0,0,0,2012-10-31,32,777000,129000,573000,216000,21000,203000,1,2,7,9,4,0,0,1,0,0,0,3,11,0,2012-12-02,34,1,0,0,1,1919000,0.05263157894736842,0.3333333333333333,Tua
293,293,4927,1971,S1,Bertunangan,16626000.0,2,0,2014-01-15,76,8000,3000,22000,21000,1000,13000,3,3,0,3,9,0,0,0,0,0,0,3,11,0,2014-04-01,43,1,0,2,0,68000,0.3333333333333333,0.25,Tua
294,294,10451,1965,S1,Bertunangan,29672000.0,1,1,2013-03-12,6,9000,1000,3000,0,4000,8000,1,0,0,3,6,0,0,0,0,0,0,3,11,0,2013-03-18,49,1,0,2,0,25000,0.25,0.0,Tua
295,295,2926,1952,S2,Bertunangan,55951000.0,0,1,2012-08-23,62,1241000,0,80000,0,13000,40000,3,3,6,11,8,0,1,0,0,1,0,3,11,0,2012-10-24,62,1,0,1,2,1374000,0.13043478260869565,0.2727272727272727,Lansia
296,296,2874,1988,D3,Cerai,35388000.0,1,0,2013-03-07,20,6000,4000,7000,4000,3000,8000,1,1,0,3,7,0,0,0,0,0,0,3,11,0,2013-03-27,26,0,0,1,0,32000,0.2,0.125,Muda
297,297,9738,1986,S2,Bertunangan,42386000.0,1,0,2013-01-13,43,65000,4000,16000,0,4000,11000,1,3,0,3,8,0,0,0,0,0,0,3,11,0,2013-02-25,28,1,0,1,0,100000,0.14285714285714285,0.2727272727272727,Muda
298,298,7119,1982,S1,Lajang,68627000.0,0,0,2013-01-12,45,395000,15000,263000,60000,54000,38000,1,2,3,6,1,0,0,0,0,0,0,3,11,0,2013-02-26,32,0,0,0,0,825000,0.08333333333333333,0.6666666666666666,Tua
299,299,3924,1965,S3,Cerai,57912000.0,0,1,2014-03-17,34,801000,0,80000,0,0,35000,5,8,3,12,5,0,1,0,0,0,0,3,11,0,2014-04-20,49,0,0,1,1,916000,0.17857142857142858,0.6153846153846154,Tua
300,300,5827,1958,S1,Cerai,35246000.0,1,1,2014-04-16,53,36000,0,12000,2000,2000,10000,4,3,1,3,5,0,0,0,0,0,0,3,11,0,2014-06-08,56,0,0,2,0,62000,0.36363636363636365,0.375,Lansia
301,301,5596,1956,D3,Bertunangan,58821000.0,0,1,2013-10-12,44,513000,14000,154000,19000,0,28000,1,9,2,9,6,0,0,0,0,0,0,3,11,0,2013-11-25,58,1,0,1,0,728000,0.047619047619047616,0.6,Lansia
302,302,10812,1978,S3,Menikah,46377000.0,1,0,2014-03-01,89,37000,0,46000,4000,3000,0,1,2,1,3,4,0,0,0,0,0,0,3,11,0,2014-05-29,36,1,0,1,0,90000,0.14285714285714285,0.3333333333333333,Tua
303,303,1717,1988,S1,Lajang,39747000.0,1,0,2014-04-13,43,80000,15000,93000,20000,13000,52000,3,5,1,4,8,0,0,0,0,0,0,3,11,0,2014-05-26,26,0,0,1,0,273000,0.23076923076923078,0.38461538461538464,Muda
304,304,9491,1984,S1,Bertunangan,23976000.0,1,0,2013-12-27,68,14000,1000,21000,2000,3000,25000,3,3,1,3,7,0,0,0,0,0,0,3,11,0,2014-03-05,30,1,0,1,0,66000,0.3,0.3,Muda
305,305,9274,1961,S2,Menikah,80950000.0,0,0,2013-03-28,44,525000,147000,112000,219000,147000,63000,1,6,7,9,2,0,0,0,1,0,0,3,11,0,2013-05-11,53,1,0,0,1,1213000,0.043478260869565216,0.75,Tua
306,306,6609,1966,S1,Janda,27038000.0,0,0,2012-09-18,64,1000,26000,25000,17000,23000,15000,1,3,0,3,9,0,0,0,0,0,0,3,11,1,2012-11-21,48,0,0,0,0,107000,0.14285714285714285,0.25,Tua
307,307,6963,1947,S1,Lajang,77457000.0,0,0,2014-03-05,85,675000,11000,400000,15000,45000,11000,1,2,5,10,1,0,0,1,0,0,0,3,11,0,2014-05-29,67,0,0,0,1,1157000,0.05555555555555555,0.6666666666666666,Lansia
308,308,4440,1964,S2,Menikah,64100000.0,0,1,2013-09-10,93,509000,0,27000,0,0,10000,1,8,3,6,7,0,1,0,0,0,0,3,11,0,2013-12-12,50,1,0,1,1,546000,0.05555555555555555,0.5333333333333333,Tua
309,309,1379,1992,S2,Bertunangan,42670000.0,0,0,2013-04-27,12,154000,2000,46000,20000,4000,15000,1,4,2,4,4,0,0,0,0,0,0,3,11,0,2013-05-09,22,1,0,0,0,241000,0.09090909090909091,0.5,Muda
310,310,10032,1976,S1,Cerai,12571000.0,1,0,2014-01-18,86,3000,5000,14000,2000,12000,17000,4,3,1,3,6,0,0,0,0,0,0,3,11,0,2014-04-14,38,0,0,1,0,53000,0.36363636363636365,0.3333333333333333,Tua
311,311,2826,1967,S1,Menikah,22574000.0,2,1,2013-10-28,28,25000,0,8000,2000,0,2000,2,2,0,3,7,0,0,0,0,0,0,3,11,0,2013-11-25,47,1,0,3,0,37000,0.2857142857142857,0.2222222222222222,Tua
313,313,6320,1976,S2,Lajang,70893000.0,0,0,2013-02-06,42,768000,44000,561000,77000,44000,14000,1,6,6,10,3,0,0,0,0,0,0,3,11,0,2013-03-20,38,0,0,0,0,1508000,0.043478260869565216,0.6666666666666666,Tua
314,314,3050,1966,S1,Menikah,54198000.0,1,1,2013-12-17,13,185000,0,28000,3000,2000,17000,6,3,1,6,4,0,0,0,0,0,0,3,11,0,2013-12-30,48,1,0,2,0,235000,0.375,0.42857142857142855,Tua
315,315,231,1956,S2,Bertunangan,28839000.0,1,1,2014-03-11,86,24000,0,7000,0,0,1000,2,2,0,3,5,0,0,0,0,0,0,3,11,0,2014-06-05,58,1,0,2,0,32000,0.2857142857142857,0.2857142857142857,Lansia
316,316,2392,1972,S1,Menikah,40321000.0,1,1,2013-07-29,59,44000,4000,21000,6000,0,27000,2,3,0,3,7,0,0,0,0,0,0,3,11,0,2013-09-26,42,1,0,2,0,102000,0.25,0.3,Tua
317,317,9478,1985,S1,Lajang,66503000.0,1,0,2012-08-14,30,91000,64000,128000,65000,3000,50000,2,4,3,6,3,0,0,0,0,0,0,3,11,0,2012-09-13,29,0,0,1,0,401000,0.13333333333333333,0.5714285714285714,Muda
318,318,113,1951,S1,Menikah,30833000.0,1,1,2013-07-16,33,11000,0,7000,3000,1000,6000,2,1,0,3,5,0,0,0,0,0,0,3,11,0,2013-08-18,63,1,0,2,0,28000,0.3333333333333333,0.16666666666666666,Lansia
320,320,1802,1971,S1,Menikah,64795000.0,0,1,2013-01-17,23,412000,5000,119000,38000,29000,77000,3,3,3,12,2,0,0,0,0,0,0,3,11,0,2013-02-09,43,1,0,1,0,680000,0.14285714285714285,0.6,Tua
321,321,520,1974,S1,Menikah,34421000.0,1,0,2013-07-01,81,3000,3000,7000,6000,2000,9000,1,1,0,2,7,0,0,0,0,0,0,3,11,0,2013-09-20,40,1,0,1,0,30000,0.25,0.125,Tua
322,322,8275,1965,S3,Cerai,47025000.0,1,1,2014-02-09,6,16000,0,3000,0,0,1000,1,1,0,2,7,0,0,0,0,0,0,3,11,0,2014-02-15,49,0,0,2,0,20000,0.25,0.125,Tua
323,323,9750,1961,S3,Cerai,64325000.0,0,1,2013-02-07,41,731000,60000,353000,78000,12000,73000,5,10,3,5,7,0,0,0,0,0,0,3,11,0,2013-03-20,53,0,0,1,0,1307000,0.21739130434782608,0.5882352941176471,Tua
324,324,2607,1953,S1,Lajang,40464000.0,0,1,2013-01-11,78,424000,17000,118000,7000,23000,41000,6,8,2,8,8,0,0,0,0,0,0,3,11,0,2013-03-30,61,0,0,1,0,630000,0.25,0.5,Lansia
325,325,7214,1957,S1,Menikah,62187000.0,0,0,2013-07-05,49,792000,0,275000,45000,45000,126000,1,4,8,5,3,0,0,0,0,0,0,3,11,0,2013-08-23,57,1,0,0,0,1283000,0.05555555555555555,0.5714285714285714,Lansia
326,326,5835,1976,S3,Cerai,14849000.0,1,0,2013-07-02,39,21000,2000,28000,3000,2000,9000,3,2,0,4,8,0,0,0,0,0,0,3,11,0,2013-08-10,38,0,0,1,0,65000,0.3333333333333333,0.2,Tua
327,327,3896,1984,S1,Menikah,27255000.0,1,0,2013-11-07,3,22000,1000,11000,0,1000,2000,1,1,0,3,7,0,0,0,0,0,0,3,11,0,2013-11-10,30,1,0,1,0,37000,0.2,0.125,Muda
328,328,10350,1950,S3,Menikah,54432000.0,2,1,2013-05-09,37,33000,0,5000,0,0,0,1,1,0,3,4,0,0,0,0,0,0,3,11,0,2013-06-15,64,1,0,3,0,38000,0.2,0.2,Lansia
329,329,7786,1986,S3,Lajang,29999000.0,1,0,2013-02-13,22,68000,7000,59000,10000,5000,11000,4,3,1,4,8,0,0,0,0,0,0,3,11,0,2013-03-07,28,0,0,1,0,160000,0.3333333333333333,0.2727272727272727,Muda
330,330,2861,1983,S1,Lajang,24072000.0,1,0,2013-04-16,79,9000,1000,6000,3000,0,4000,1,1,0,2,8,0,0,0,0,0,0,3,11,0,2013-07-04,31,0,0,1,0,23000,0.25,0.1111111111111111,Tua
331,331,663,1989,S3,Lajang,33996000.0,0,0,2013-09-11,46,40000,2000,15000,8000,0,6000,1,1,1,3,4,0,0,0,0,0,0,3,11,0,2013-10-27,25,0,0,0,0,71000,0.16666666666666666,0.2,Muda
332,332,10675,1956,S3,Menikah,66334000.0,0,1,2013-04-03,82,909000,11000,218000,0,0,23000,2,9,3,5,5,0,0,0,0,0,0,3,11,1,2013-06-24,58,1,0,1,0,1161000,0.10526315789473684,0.6428571428571429,Lansia
333,333,2521,1971,S2,Menikah,35178000.0,1,0,2013-01-10,10,23000,1000,13000,2000,2000,18000,1,1,1,2,7,1,0,0,0,0,0,3,11,1,2013-01-20,43,1,0,1,1,59000,0.2,0.125,Tua
334,334,9592,1983,S1,Bertunangan,22010000.0,1,0,2013-06-30,51,11000,2000,9000,3000,0,8000,2,2,0,3,8,0,0,0,0,0,0,3,11,0,2013-08-20,31,1,0,1,0,33000,0.2857142857142857,0.2,Tua
335,335,10151,1960,S1,Cerai,62204000.0,0,2,2012-09-12,38,317000,46000,247000,151000,46000,139000,1,4,5,12,3,0,0,0,0,0,0,3,11,0,2012-10-20,54,0,0,2,0,946000,0.045454545454545456,0.5714285714285714,Tua
336,336,7381,1968,S1,Cerai,75693000.0,0,0,2012-12-06,10,797000,153000,293000,72000,97000,30000,1,11,4,6,4,0,1,1,1,0,0,3,11,1,2012-12-16,46,0,0,0,3,1442000,0.045454545454545456,0.7333333333333333,Tua
337,337,4099,1972,S1,Menikah,30675000.0,1,0,2012-11-12,14,10000,2000,16000,11000,2000,21000,1,1,0,3,8,0,0,0,0,0,0,3,11,0,2012-11-26,42,1,0,1,0,62000,0.2,0.1111111111111111,Tua
338,338,9560,1965,S1,Bertunangan,83003000.0,0,0,2013-03-03,18,856000,61000,570000,40000,25000,122000,1,7,6,8,3,0,0,1,0,0,0,3,11,1,2013-03-21,49,1,0,0,1,1674000,0.045454545454545456,0.7,Tua
340,340,10172,1988,S1,Lajang,68655000.0,0,0,2012-08-10,95,456000,19000,832000,75000,118000,38000,1,4,5,11,3,0,0,0,0,0,0,3,11,0,2012-11-13,26,0,0,0,0,1538000,0.047619047619047616,0.5714285714285714,Muda
341,341,11191,1986,S1,Cerai,41411000.0,0,0,2013-12-07,11,37000,32000,38000,11000,3000,18000,1,2,1,4,6,0,0,0,0,0,0,3,11,0,2013-12-18,28,0,0,0,0,139000,0.125,0.25,Muda
342,342,9707,1969,S3,Menikah,55212000.0,0,1,2012-11-23,65,1103000,0,45000,0,0,34000,3,4,2,11,8,0,1,0,0,1,0,3,11,0,2013-01-27,45,1,0,1,2,1182000,0.15,0.3333333333333333,Tua
343,343,6245,1950,S3,Bertunangan,59292000.0,0,1,2013-06-13,71,378000,14000,68000,19000,14000,14000,2,3,5,8,3,0,0,0,0,0,0,3,11,0,2013-08-23,64,1,0,1,0,507000,0.1111111111111111,0.5,Lansia
344,344,8234,1973,SMA,Bertunangan,27190000.0,1,0,2013-08-15,13,1000,6000,7000,0,1000,3000,1,1,0,2,8,1,0,0,0,0,0,3,11,1,2013-08-28,41,1,1,1,1,18000,0.25,0.1111111111111111,Tua
345,345,1411,1952,S1,Cerai,82623000.0,0,0,2013-11-10,58,204000,34000,204000,172000,153000,173000,1,2,9,4,1,0,0,0,0,0,0,3,11,0,2014-01-07,62,0,0,0,0,940000,0.0625,0.6666666666666666,Lansia
346,346,8553,1965,S1,Menikah,44300000.0,1,1,2013-06-23,65,30000,0,9000,0,0,3000,2,1,0,3,6,0,0,0,0,0,0,3,11,0,2013-08-27,49,1,0,2,0,42000,0.3333333333333333,0.14285714285714285,Tua
347,347,1826,1970,S1,Cerai,84835000.0,0,0,2014-06-16,0,189000,104000,379000,111000,189000,218000,1,4,4,6,1,0,0,0,0,0,0,3,11,1,2014-06-16,44,0,0,0,0,1190000,0.06666666666666667,0.8,Tua
348,348,8842,1971,S1,Janda,30372000.0,1,1,2012-12-25,33,15000,0,12000,7000,3000,7000,3,2,0,3,7,0,0,0,0,0,0,3,11,0,2013-01-27,43,0,0,2,0,44000,0.375,0.2222222222222222,Tua
349,349,11030,1976,S2,Menikah,33181000.0,1,0,2014-01-03,90,9000,0,3000,0,0,4000,1,1,0,2,6,1,0,0,0,0,0,3,11,0,2014-04-03,38,1,0,1,1,16000,0.25,0.14285714285714285,Tua
350,350,2579,1957,S1,Menikah,71113000.0,0,1,2013-12-17,95,495000,33000,255000,11000,33000,8000,4,6,7,9,4,0,0,0,0,0,0,3,11,0,2014-03-22,57,1,0,1,0,835000,0.15384615384615385,0.6,Lansia
351,351,175,1986,S1,Menikah,71952000.0,1,0,2013-01-10,93,656000,80000,455000,52000,107000,93000,2,8,4,8,4,1,0,1,0,0,0,3,11,0,2013-04-13,28,1,0,1,2,1443000,0.09090909090909091,0.6666666666666666,Muda
352,352,9185,1966,S3,Lajang,69759000.0,0,0,2013-10-28,38,452000,20000,514000,13000,30000,0,3,4,6,5,3,0,0,0,0,0,0,3,11,1,2013-12-05,48,0,0,0,0,1029000,0.16666666666666666,0.5714285714285714,Tua
353,353,11056,1974,S1,Menikah,72099000.0,0,0,2012-10-27,18,546000,91000,410000,119000,0,22000,1,3,4,10,1,0,0,0,0,0,0,3,11,0,2012-11-14,40,1,0,0,0,1188000,0.05555555555555555,0.75,Tua
354,354,9365,1976,S3,Lajang,60000000.0,0,1,2012-12-22,57,1048000,0,217000,0,0,12000,5,11,3,5,6,0,0,0,0,0,0,3,11,0,2013-02-17,38,0,0,1,0,1277000,0.20833333333333334,0.6470588235294118,Tua
355,355,6201,1978,S1,Lajang,38643000.0,1,1,2013-11-29,45,22000,2000,14000,0,1000,10000,2,2,0,3,7,0,0,0,0,0,1,3,11,0,2014-01-13,36,0,0,2,0,49000,0.2857142857142857,0.2222222222222222,Tua
356,356,2061,1955,S1,Menikah,50737000.0,0,1,2013-05-11,61,78000,0,11000,0,0,10000,1,2,0,4,6,0,1,0,0,0,0,3,11,0,2013-07-11,59,1,0,1,1,99000,0.14285714285714285,0.25,Lansia
357,357,6184,1969,S3,Menikah,68462000.0,0,0,2012-12-12,6,561000,64000,785000,84000,128000,48000,1,3,3,8,1,0,0,0,0,0,0,3,11,0,2012-12-18,45,1,0,0,0,1670000,0.06666666666666667,0.75,Tua
358,358,6142,1943,S2,Menikah,65073000.0,0,0,2013-08-20,65,629000,17000,177000,69000,0,8000,1,5,3,5,2,0,0,0,0,0,1,3,11,0,2013-10-24,71,1,0,0,0,900000,0.07142857142857142,0.7142857142857143,Lansia
359,359,4107,1948,S3,Bertunangan,46681000.0,0,2,2013-10-08,52,269000,15000,69000,15000,19000,38000,2,4,6,4,5,0,0,0,0,0,0,3,11,0,2013-11-29,66,1,0,2,0,425000,0.125,0.4444444444444444,Lansia
360,360,7274,1957,S1,Menikah,78618000.0,0,0,2012-09-28,87,736000,163000,818000,212000,163000,61000,1,4,7,10,2,0,1,0,0,0,0,3,11,0,2012-12-24,57,1,0,0,1,2153000,0.045454545454545456,0.6666666666666666,Lansia
361,361,9336,1969,S3,Janda,62187000.0,0,1,2014-03-22,38,512000,0,83000,0,0,41000,3,6,2,10,4,0,0,0,0,0,0,3,11,0,2014-04-29,45,0,0,1,0,636000,0.14285714285714285,0.6,Tua
362,362,2958,1978,S1,Menikah,28442000.0,2,0,2014-02-24,53,19000,3000,10000,11000,8000,6000,3,2,1,4,4,0,0,0,0,0,0,3,11,0,2014-04-18,36,1,0,2,0,57000,0.3,0.3333333333333333,Tua
363,363,933,1978,S3,Menikah,37717000.0,1,0,2012-11-23,31,9000,0,6000,4000,1000,5000,1,1,0,2,9,0,0,0,0,0,0,3,11,0,2012-12-24,36,1,0,1,0,25000,0.25,0.1,Tua
364,364,5837,1967,S1,Menikah,51479000.0,1,1,2012-12-28,67,247000,8000,160000,6000,8000,65000,7,6,3,6,7,0,0,0,0,0,0,3,11,0,2013-03-05,47,1,0,2,0,494000,0.3181818181818182,0.46153846153846156,Tua
365,365,10704,1969,S1,Lajang,54803000.0,0,1,2012-08-21,65,404000,0,92000,28000,27000,142000,2,6,2,9,4,0,0,0,0,0,0,3,11,0,2012-10-25,45,0,0,1,0,693000,0.10526315789473684,0.6,Tua
366,366,5125,1960,S1,Menikah,79530000.0,0,0,2013-05-17,64,333000,0,815000,129000,42000,29000,1,4,10,11,2,0,0,0,0,0,0,3,11,0,2013-07-20,54,1,0,0,0,1348000,0.038461538461538464,0.6666666666666666,Tua
367,367,4432,1976,S1,Cerai,31615000.0,1,0,2013-03-16,82,2000,3000,20000,6000,11000,9000,2,2,0,3,7,0,0,0,0,0,0,3,11,0,2013-06-06,38,0,0,1,0,51000,0.2857142857142857,0.2222222222222222,Tua
368,368,5955,1962,S1,Bertunangan,72025000.0,0,0,2012-11-17,27,833000,33000,549000,151000,133000,233000,1,4,3,8,3,0,0,0,0,0,0,3,11,0,2012-12-14,52,1,0,0,0,1932000,0.0625,0.5714285714285714,Tua
369,369,2928,1975,S3,Lajang,52614000.0,0,1,2012-12-01,63,789000,0,142000,12000,9000,38000,2,2,4,8,8,0,0,0,0,0,0,3,11,0,2013-02-02,39,0,0,1,0,990000,0.125,0.2,Tua
370,370,5680,1984,D3,Menikah,35684000.0,1,0,2014-04-22,66,10000,4000,7000,0,6000,3000,1,1,0,3,6,0,0,0,0,0,0,3,11,0,2014-06-27,30,1,0,1,0,30000,0.2,0.14285714285714285,Muda
371,371,10313,1975,S1,Menikah,48178000.0,1,1,2012-10-28,69,159000,4000,45000,6000,2000,38000,6,5,1,4,8,0,0,0,0,0,0,3,11,0,2013-01-05,39,1,0,2,0,254000,0.375,0.38461538461538464,Tua
372,372,2557,1970,S2,Lajang,29548000.0,1,0,2013-08-29,52,7000,1000,6000,3000,1000,11000,1,1,1,2,4,1,0,0,0,0,0,3,11,0,2013-10-20,44,0,0,1,1,29000,0.2,0.2,Tua
373,373,1245,1966,S1,Lajang,63810000.0,0,1,2012-11-11,45,977000,12000,253000,16000,12000,101000,4,4,3,12,8,0,1,0,0,0,0,3,11,0,2012-12-26,48,0,0,1,1,1371000,0.17391304347826086,0.3333333333333333,Tua
374,374,1519,1972,S3,Lajang,38578000.0,1,1,2013-06-22,2,38000,4000,22000,3000,3000,3000,3,3,0,3,8,0,0,0,0,0,0,3,11,1,2013-06-24,42,0,0,2,0,73000,0.3333333333333333,0.2727272727272727,Tua
375,375,10703,1975,S2,Lajang,46098000.0,1,1,2012-08-18,86,57000,0,27000,0,0,36000,4,3,2,2,8,0,0,0,0,0,0,3,11,0,2012-11-12,39,0,0,2,0,120000,0.36363636363636365,0.2727272727272727,Tua
376,376,1726,1970,S1,Lajang,22585000.0,0,0,2013-03-18,23,3000,9000,15000,13000,2000,39000,1,1,1,2,9,1,0,0,0,0,0,3,11,1,2013-04-10,44,0,0,0,1,81000,0.2,0.1,Tua
377,377,4459,1989,S1,Lajang,30279000.0,1,0,2012-12-30,13,10000,4000,14000,4000,4000,1000,1,1,0,3,8,0,0,0,0,0,0,3,11,0,2013-01-12,25,0,0,1,0,37000,0.2,0.1111111111111111,Muda
378,378,1729,1961,S3,Bertunangan,66426000.0,0,1,2013-10-02,14,1043000,24000,97000,32000,24000,157000,2,3,5,10,6,0,0,0,0,0,0,3,11,0,2013-10-16,53,1,0,1,0,1377000,0.1,0.3333333333333333,Tua
379,379,1517,1969,S1,Lajang,30822000.0,1,0,2013-06-14,92,3000,9000,13000,2000,12000,12000,1,1,0,3,7,0,0,0,0,0,0,3,11,0,2013-09-14,45,0,0,1,0,51000,0.2,0.125,Tua
380,380,2098,1969,S3,Menikah,33581000.0,2,0,2013-01-08,38,11000,0,5000,0,0,1000,1,1,0,2,8,0,0,0,0,0,0,3,11,0,2013-02-15,45,1,0,2,0,17000,0.25,0.1111111111111111,Tua
381,381,9543,1985,S1,Menikah,19986000.0,1,0,2013-11-14,74,3000,6000,5000,0,2000,6000,1,0,0,3,7,0,0,0,0,0,0,3,11,0,2014-01-27,29,1,0,1,0,22000,0.25,0.0,Muda
382,382,6878,1954,S1,Janda,27421000.0,0,0,2012-12-12,14,43000,12000,96000,78000,40000,55000,3,4,1,6,7,0,0,0,0,0,0,3,11,0,2012-12-26,60,0,0,0,0,324000,0.21428571428571427,0.36363636363636365,Lansia
383,383,3310,1973,D3,Menikah,35688000.0,2,1,2012-08-22,94,73000,3000,90000,12000,1000,32000,7,4,1,4,8,0,0,0,0,0,0,3,11,0,2012-11-24,41,1,0,3,0,211000,0.4375,0.3333333333333333,Tua
384,384,2724,1981,S2,Lajang,36143000.0,1,0,2014-03-30,33,12000,0,1000,0,0,6000,1,0,1,2,3,0,0,0,0,0,0,3,11,0,2014-05-02,33,0,0,1,0,19000,0.25,0.0,Tua
385,385,948,1971,S1,Lajang,10245000.0,1,0,2013-05-15,32,4000,7000,7000,6000,4000,13000,3,1,2,2,5,0,0,0,0,0,0,3,11,0,2013-06-16,43,0,0,1,0,41000,0.375,0.16666666666666666,Tua
386,386,6720,1968,S2,Bertunangan,43795000.0,0,1,2013-10-16,11,314000,11000,53000,4000,3000,107000,3,7,3,4,7,0,1,0,0,0,0,3,11,1,2013-10-27,46,1,0,1,1,492000,0.17647058823529413,0.5,Tua
387,387,6202,1960,S1,Bertunangan,63381000.0,0,1,2012-10-05,78,571000,50000,142000,33000,50000,159000,4,4,5,13,2,0,0,0,0,0,0,3,11,0,2012-12-22,54,1,0,1,0,1005000,0.15384615384615385,0.6666666666666666,Tua
388,388,2066,1949,S1,Bertunangan,38823000.0,0,1,2012-08-30,56,70000,0,11000,2000,8000,23000,1,2,1,3,6,0,0,0,0,0,0,3,11,0,2012-10-25,65,1,0,1,0,114000,0.14285714285714285,0.25,Lansia
389,389,9799,1968,S3,Cerai,83664000.0,1,1,2013-05-08,57,866000,21000,151000,28000,21000,86000,3,2,2,12,5,0,0,0,0,0,0,3,11,0,2013-07-04,46,0,0,2,0,1173000,0.15789473684210525,0.2857142857142857,Tua
390,390,8318,1979,S1,Bertunangan,90300000.0,0,0,2014-01-03,7,594000,134000,786000,33000,134000,57000,0,5,6,8,1,0,0,1,0,0,0,3,11,0,2014-01-10,35,1,0,0,1,1738000,0.0,0.8333333333333334,Tua
391,391,5642,1979,S2,Bertunangan,62499000.0,1,0,2013-12-09,0,140000,4000,61000,0,13000,4000,2,3,1,6,4,0,0,0,0,0,0,3,11,0,2013-12-09,35,1,0,1,0,222000,0.16666666666666666,0.42857142857142855,Tua
392,392,2669,1993,S1,Lajang,74293000.0,0,0,2014-05-04,66,375000,152000,335000,93000,91000,81000,1,5,4,6,2,0,0,0,0,0,0,3,11,0,2014-07-09,21,0,0,0,0,1127000,0.0625,0.7142857142857143,Muda
393,393,455,1946,S3,Menikah,51012000.0,0,0,2013-04-18,86,102000,9000,63000,2000,9000,24000,1,4,1,4,6,0,0,0,0,0,0,3,11,0,2013-07-13,68,1,0,0,0,209000,0.1,0.4,Lansia
394,394,7683,1968,S2,Menikah,70777000.0,0,1,2014-02-25,80,554000,35000,113000,0,7000,78000,3,5,3,12,3,0,0,0,0,0,0,3,11,0,2014-05-16,46,1,0,1,0,787000,0.13043478260869565,0.625,Tua
395,395,3428,1991,S3,Bertunangan,68682000.0,0,0,2013-10-06,56,919000,0,505000,99000,30000,45000,1,4,9,10,2,0,0,0,0,0,0,3,11,0,2013-12-01,23,1,0,0,0,1598000,0.041666666666666664,0.6666666666666666,Muda
396,396,7414,1971,S1,Menikah,43824000.0,1,1,2012-09-15,18,96000,1000,42000,12000,3000,32000,4,3,1,4,8,0,0,0,0,0,0,3,11,0,2012-10-03,43,1,0,2,0,186000,0.3333333333333333,0.2727272727272727,Tua
397,397,6354,1984,S1,Bertunangan,15345000.0,1,0,2012-08-31,51,5000,2000,16000,3000,2000,19000,2,1,1,2,8,0,0,0,0,0,0,3,11,1,2012-10-21,30,1,0,1,0,47000,0.3333333333333333,0.1111111111111111,Muda
398,398,798,1987,S1,Lajang,23442000.0,1,0,2012-12-24,71,2000,0,6000,8000,6000,5000,1,1,0,3,7,0,0,0,0,0,0,3,11,0,2013-03-05,27,0,0,1,0,27000,0.2,0.125,Muda
399,399,8213,1980,D3,Bertunangan,14515000.0,1,0,2012-11-09,71,6000,4000,9000,6000,36000,35000,4,2,2,3,7,0,0,0,0,0,0,3,11,1,2013-01-19,34,1,0,1,0,96000,0.36363636363636365,0.2222222222222222,Tua
400,400,2488,1956,D3,Cerai,31395000.0,1,1,2013-03-23,80,23000,1000,25000,0,8000,7000,4,2,1,3,6,0,0,0,0,0,0,3,11,0,2013-06-11,58,0,0,2,0,64000,0.4,0.25,Lansia
401,401,9999,1965,S1,Bertunangan,75276000.0,0,0,2012-09-27,2,610000,105000,125000,137000,42000,21000,1,9,4,9,5,0,0,0,0,0,0,3,11,0,2012-09-29,49,1,0,0,0,1040000,0.043478260869565216,0.6428571428571429,Tua
402,402,7617,1974,S1,Lajang,42373000.0,1,1,2013-08-15,83,67000,5000,61000,3000,8000,19000,5,2,1,5,5,0,0,0,0,0,0,3,11,0,2013-11-06,40,0,0,2,0,163000,0.38461538461538464,0.2857142857142857,Tua
403,403,615,1960,S1,Bertunangan,30507000.0,0,0,2013-03-11,29,65000,36000,74000,38000,20000,110000,1,5,1,4,7,0,0,0,0,0,0,3,11,0,2013-04-09,54,1,0,0,0,343000,0.09090909090909091,0.4166666666666667,Tua
404,404,2552,1955,S3,Lajang,55521000.0,1,2,2013-10-22,11,416000,0,26000,0,0,4000,9,6,3,6,7,0,1,0,0,0,0,3,11,1,2013-11-02,59,0,0,3,1,446000,0.375,0.46153846153846156,Lansia
405,405,194,1965,S1,Menikah,48006000.0,1,1,2014-06-09,55,23000,0,11000,3000,2000,2000,1,1,0,3,6,0,0,0,0,0,0,3,11,0,2014-08-03,49,1,0,2,0,41000,0.2,0.14285714285714285,Tua
406,406,3645,1972,S3,Lajang,27213000.0,1,0,2012-08-30,19,19000,3000,26000,10000,9000,3000,3,2,0,4,8,0,0,0,0,0,0,3,11,1,2012-09-18,42,0,0,1,0,70000,0.3333333333333333,0.2,Tua
407,407,8890,1971,S3,Cerai,65808000.0,1,1,2014-05-30,1,155000,7000,80000,13000,7000,10000,3,5,1,5,6,0,0,0,0,0,0,3,11,0,2014-05-31,43,0,0,2,0,272000,0.21428571428571427,0.45454545454545453,Tua
408,408,5049,1974,S3,Bertunangan,30351000.0,1,0,2013-06-06,19,14000,0,24000,3000,3000,2000,1,3,0,2,9,0,0,0,0,0,0,3,11,0,2013-06-25,40,1,0,1,0,46000,0.16666666666666666,0.25,Tua
409,409,9973,1963,S1,Menikah,50437000.0,0,2,2012-10-17,28,370000,9000,92000,6000,9000,4000,3,7,1,8,7,0,0,0,0,0,0,3,11,0,2012-11-14,51,1,0,2,0,490000,0.15789473684210525,0.5,Tua
410,410,7301,1982,D3,Lajang,23616000.0,1,0,2012-11-17,76,4000,22000,11000,3000,7000,32000,2,3,0,3,8,0,0,0,0,0,0,3,11,1,2013-02-01,32,0,0,1,0,79000,0.25,0.2727272727272727,Tua
411,411,10882,1976,S1,Menikah,53858000.0,0,1,2012-11-09,50,407000,53000,221000,58000,150000,26000,4,4,3,6,4,0,0,0,0,0,0,3,11,0,2012-12-29,38,1,0,1,0,915000,0.23529411764705882,0.5,Tua
412,412,7030,1955,S3,Menikah,66465000.0,0,1,2013-03-30,1,1200000,0,204000,38000,29000,14000,3,11,9,12,6,0,0,0,1,0,0,3,11,0,2013-03-31,59,1,0,1,1,1485000,0.08571428571428572,0.6470588235294118,Lansia
413,413,7422,1987,S1,Lajang,46923000.0,1,0,2012-08-22,90,85000,44000,54000,102000,78000,6000,3,5,1,7,7,0,0,0,0,0,0,3,11,0,2012-11-20,27,0,0,1,0,369000,0.1875,0.4166666666666667,Muda
414,414,3523,1962,S1,Bertunangan,75072000.0,0,1,2013-01-23,83,583000,34000,309000,0,22000,125000,2,5,4,8,3,0,0,0,0,0,0,3,11,0,2013-04-16,52,1,0,1,0,1073000,0.10526315789473684,0.625,Tua
415,415,7106,1943,S3,Menikah,75865000.0,0,0,2014-03-31,73,483000,0,591000,156000,0,12000,1,3,5,10,1,0,0,0,0,0,0,3,11,0,2014-06-12,71,1,0,0,0,1242000,0.05263157894736842,0.75,Lansia
416,416,6504,1975,D3,Bertunangan,19789000.0,1,0,2013-11-20,24,2000,5000,9000,28000,6000,28000,3,2,1,3,5,1,0,0,0,0,0,3,11,0,2013-12-14,39,1,0,1,1,78000,0.3333333333333333,0.2857142857142857,Tua
417,417,5067,1994,S1,Bertunangan,80134000.0,0,0,2014-02-14,11,966000,26000,282000,52000,26000,26000,1,2,7,11,5,0,1,1,1,1,0,3,11,0,2014-02-25,20,1,0,0,4,1378000,0.047619047619047616,0.2857142857142857,Muda
418,418,4216,1981,S1,Lajang,91065000.0,0,0,2013-02-22,33,822000,114000,108000,179000,137000,114000,1,7,9,9,3,0,0,1,1,0,0,3,11,1,2013-03-27,33,0,0,0,2,1474000,0.038461538461538464,0.7,Tua
419,419,8581,1971,S2,Menikah,49505000.0,1,1,2013-03-05,4,604000,0,100000,19000,0,28000,9,10,2,8,8,0,0,0,0,0,0,3,11,0,2013-03-09,43,1,0,2,0,751000,0.3103448275862069,0.5555555555555556,Tua
420,420,5929,1973,S3,Menikah,37401000.0,1,0,2014-05-06,14,19000,3000,19000,3000,1000,3000,2,2,0,3,7,0,0,0,0,0,0,3,11,0,2014-05-20,41,1,0,1,0,48000,0.2857142857142857,0.2222222222222222,Tua
421,421,3129,1983,S1,Menikah,30096000.0,1,0,2014-05-22,30,5000,3000,11000,12000,5000,9000,1,2,0,3,6,0,0,0,0,0,0,3,11,0,2014-06-21,31,1,0,1,0,45000,0.16666666666666666,0.25,Tua
422,422,6528,1982,S2,Bertunangan,18492000.0,1,0,2014-06-05,75,2000,2000,2000,2000,1000,1000,1,1,0,2,8,0,0,0,0,0,0,3,11,0,2014-08-19,32,1,0,1,0,10000,0.25,0.1111111111111111,Tua
423,423,1361,1974,S2,Menikah,82584000.0,0,0,2013-06-04,26,1076000,68000,103000,29000,91000,68000,1,3,4,8,1,0,1,1,0,0,0,3,11,1,2013-06-30,40,1,0,0,2,1435000,0.0625,0.75,Tua
424,424,6932,1941,S3,Menikah,93027000.0,0,0,2013-04-13,77,1285000,42000,716000,55000,0,21000,0,7,10,5,2,0,0,1,0,0,0,3,11,0,2013-06-29,73,1,0,0,1,2119000,0.0,0.7777777777777778,Lansia
425,425,7284,1953,S1,Menikah,48686000.0,1,2,2013-12-04,8,10000,0,7000,2000,0,1000,1,1,0,2,8,0,0,0,0,0,0,3,11,0,2013-12-12,61,1,0,3,0,20000,0.25,0.1111111111111111,Lansia
426,426,1340,1986,S1,Menikah,92910000.0,0,0,2014-04-24,42,551000,137000,792000,179000,103000,33000,1,6,7,13,1,0,1,1,1,0,0,3,11,0,2014-06-05,28,1,0,0,3,1795000,0.037037037037037035,0.8571428571428571,Muda
427,427,8746,1989,S1,Menikah,75433000.0,1,0,2014-04-05,28,800000,0,297000,0,34000,57000,2,2,5,10,6,0,1,0,1,0,0,3,11,0,2014-05-03,25,1,0,1,2,1188000,0.10526315789473684,0.25,Muda
428,428,5987,1989,D3,Bertunangan,10404000.0,1,0,2014-05-04,52,2000,2000,11000,10000,6000,12000,2,1,0,4,5,0,0,0,0,0,0,3,11,0,2014-06-25,25,1,0,1,0,43000,0.2857142857142857,0.16666666666666666,Muda
429,429,3767,1968,S1,Menikah,61314000.0,0,1,2013-04-25,1,378000,0,189000,97000,172000,172000,2,5,5,12,3,0,0,0,0,0,0,3,11,0,2013-04-26,46,1,0,1,0,1008000,0.08333333333333333,0.625,Tua
430,430,3725,1961,S3,Lajang,84865000.0,0,0,2013-05-09,1,1248000,16000,349000,43000,16000,16000,1,2,4,9,4,0,1,1,1,1,0,3,11,1,2013-05-10,53,0,0,0,4,1688000,0.0625,0.3333333333333333,Tua
431,431,4324,1989,S1,Menikah,42387000.0,1,0,2012-10-29,42,235000,0,235000,19000,4000,191000,5,8,1,7,8,0,0,0,0,0,0,3,11,0,2012-12-10,25,1,0,1,0,684000,0.23809523809523808,0.5,Muda
432,432,238,1967,D3,Bertunangan,67309000.0,1,1,2013-01-23,76,515000,47000,181000,149000,95000,95000,15,9,6,9,7,0,0,0,0,0,0,3,11,0,2013-04-09,47,1,0,2,0,1082000,0.38461538461538464,0.5625,Tua
433,433,6694,1964,S1,Menikah,75236000.0,0,1,2013-11-25,27,438000,66000,400000,12000,38000,114000,1,8,3,13,4,0,0,0,0,0,0,3,11,0,2013-12-22,50,1,0,1,0,1068000,0.04,0.6666666666666666,Tua
434,434,498,1970,S1,Lajang,30015000.0,1,0,2014-02-02,28,25000,0,22000,2000,3000,5000,2,1,0,4,5,0,0,0,0,0,0,3,11,0,2014-03-02,44,0,0,1,0,57000,0.2857142857142857,0.16666666666666666,Tua
435,435,9347,1956,S2,Bertunangan,50943000.0,0,1,2013-06-21,49,31000,0,7000,2000,0,6000,1,1,0,3,5,0,0,0,0,0,0,3,11,0,2013-08-09,58,1,0,1,0,46000,0.2,0.16666666666666666,Lansia
436,436,9699,1966,S1,Cerai,67272000.0,0,1,2013-12-21,12,357000,35000,271000,28000,28000,14000,3,6,2,12,5,0,0,0,0,0,0,3,11,0,2014-01-02,48,0,0,1,0,733000,0.13043478260869565,0.5454545454545454,Tua
437,437,10664,1949,S2,Janda,51529000.0,0,1,2013-09-07,14,400000,4000,35000,6000,0,22000,2,9,1,5,8,0,0,0,0,0,0,3,11,0,2013-09-21,65,0,0,1,0,467000,0.11764705882352941,0.5294117647058824,Lansia
438,438,5455,1971,S3,Menikah,32011000.0,1,0,2013-08-22,89,99000,0,15000,2000,1000,5000,3,2,1,4,7,0,0,0,0,0,0,3,11,0,2013-11-19,43,1,0,1,0,122000,0.3,0.2222222222222222,Tua
439,439,456,1986,D3,Menikah,7500000.0,1,0,2013-02-07,96,1000,11000,5000,4000,6000,9000,2,2,0,3,8,0,0,0,0,0,0,3,11,0,2013-05-14,28,1,0,1,0,36000,0.2857142857142857,0.2,Muda
440,440,5012,1989,S1,Menikah,28691000.0,1,0,2013-07-04,56,5000,4000,13000,8000,0,4000,1,1,0,3,8,0,0,0,0,0,0,3,11,0,2013-08-29,25,1,0,1,0,34000,0.2,0.1111111111111111,Muda
441,441,7495,1948,S3,Menikah,56223000.0,0,1,2013-12-20,72,77000,28000,31000,16000,0,4000,2,2,1,5,4,0,0,0,0,0,0,3,11,0,2014-03-02,66,1,0,1,0,156000,0.2,0.3333333333333333,Lansia
442,442,5029,1946,S1,Menikah,18100000.0,0,0,2013-08-06,14,3000,1000,2000,4000,3000,1000,1,0,0,3,5,0,0,0,0,0,0,3,11,0,2013-08-20,68,1,0,0,0,14000,0.25,0.0,Lansia
443,443,10642,1989,S1,Lajang,30279000.0,1,0,2012-12-30,13,10000,4000,14000,4000,4000,1000,1,1,0,3,8,0,0,0,0,0,0,3,11,0,2013-01-12,25,0,0,1,0,37000,0.2,0.1111111111111111,Muda
444,444,2106,1974,D3,Menikah,20130000.0,0,0,2014-03-17,99,0,6000,3000,7000,6000,12000,1,1,0,3,8,0,0,0,0,0,0,3,11,0,2014-06-24,40,1,0,0,0,34000,0.2,0.1111111111111111,Tua
445,445,10364,1959,S1,Cerai,23295000.0,0,0,2013-07-13,72,0,0,1000,2000,12000,5000,1,1,0,2,8,0,0,0,0,0,0,3,11,0,2013-09-23,55,0,0,0,0,20000,0.25,0.1111111111111111,Tua
446,446,5954,1972,S2,Cerai,42618000.0,1,0,2013-10-09,92,76000,14000,74000,13000,5000,10000,2,5,0,4,8,0,0,0,0,0,0,3,11,0,2014-01-09,42,0,0,1,0,192000,0.18181818181818182,0.38461538461538464,Tua
447,447,1137,1964,S1,Lajang,81246000.0,0,0,2013-12-29,87,398000,190000,537000,61000,156000,37000,1,4,5,7,1,1,0,0,1,0,0,3,11,0,2014-03-26,50,0,0,0,2,1379000,0.058823529411764705,0.8,Tua
448,448,2541,1976,S1,Menikah,24027000.0,1,0,2013-06-09,7,14000,7000,11000,11000,0,5000,2,2,0,3,8,0,0,0,0,0,0,3,11,0,2013-06-16,38,1,0,1,0,48000,0.2857142857142857,0.2,Tua
449,449,1142,1953,S3,Menikah,55707000.0,0,1,2013-12-22,91,208000,7000,82000,30000,66000,35000,2,3,2,9,3,0,0,0,0,0,0,3,11,0,2014-03-23,61,1,0,1,0,428000,0.125,0.5,Lansia
450,450,2276,1955,S1,Lajang,57959000.0,0,1,2013-05-02,71,430000,16000,322000,43000,24000,33000,5,4,7,11,3,0,0,0,0,0,0,3,11,0,2013-07-12,59,0,0,1,0,868000,0.18518518518518517,0.5714285714285714,Lansia
451,451,2807,1969,S1,Menikah,56796000.0,0,1,2013-02-16,24,656000,38000,161000,62000,47000,37000,3,8,9,7,7,0,0,0,0,0,0,3,11,0,2013-03-12,45,1,0,1,0,1001000,0.1111111111111111,0.5333333333333333,Tua
452,452,6471,1971,S2,Lajang,36230000.0,1,0,2013-10-17,17,14000,2000,30000,8000,2000,3000,1,2,0,4,5,0,0,0,0,0,0,3,11,0,2013-11-03,43,0,0,1,0,59000,0.14285714285714285,0.2857142857142857,Tua
453,453,6131,1980,D3,Menikah,70829000.0,1,1,2013-12-01,87,141000,70000,106000,72000,19000,23000,2,4,2,8,3,0,0,0,0,0,0,3,11,0,2014-02-26,34,1,0,2,0,431000,0.125,0.5714285714285714,Tua
454,454,6233,1976,S1,Menikah,65991000.0,0,1,2012-09-07,21,507000,19000,364000,25000,47000,9000,3,9,5,10,7,0,0,0,0,0,0,3,11,0,2012-09-28,38,1,0,1,0,971000,0.1111111111111111,0.5625,Tua
455,455,4148,1972,S1,Menikah,38988000.0,1,2,2012-08-20,90,164000,24000,103000,12000,3000,42000,7,5,1,6,8,0,0,0,0,0,0,3,11,0,2012-11-18,42,1,0,3,0,348000,0.3684210526315789,0.38461538461538464,Tua
456,456,4947,1966,D3,Lajang,89572000.0,0,0,2012-09-15,44,606000,24000,974000,197000,194000,64000,1,7,7,9,4,0,1,0,1,0,0,3,11,1,2012-10-29,48,0,0,0,2,2059000,0.041666666666666664,0.6363636363636364,Tua
457,457,3225,1984,S2,Menikah,42207000.0,1,0,2013-04-01,71,116000,11000,72000,3000,17000,46000,4,4,1,5,6,1,0,0,0,0,0,3,11,1,2013-06-11,30,1,0,1,1,265000,0.2857142857142857,0.4,Muda
458,458,7540,1952,S1,Menikah,50300000.0,0,1,2014-05-25,52,143000,15000,60000,24000,23000,5000,2,2,1,8,2,0,0,0,0,0,0,3,11,0,2014-07-16,62,1,0,1,0,270000,0.15384615384615385,0.5,Lansia
459,459,10648,1982,D3,Bertunangan,66664000.0,0,0,2012-09-25,78,398000,96000,447000,220000,96000,32000,1,5,7,6,3,0,0,0,0,0,0,3,11,0,2012-12-12,32,1,0,0,0,1289000,0.05263157894736842,0.625,Tua
460,460,1992,1964,S1,Menikah,60597000.0,0,1,2014-01-01,2,522000,0,257000,32000,16000,66000,4,2,2,8,7,0,0,0,1,0,0,3,11,1,2014-01-03,50,1,0,1,1,893000,0.25,0.2222222222222222,Tua
461,461,7851,1949,S1,Janda,70165000.0,0,0,2013-09-22,60,161000,0,253000,199000,191000,122000,1,3,7,11,1,0,0,0,0,0,0,3,11,0,2013-11-21,65,0,0,0,0,926000,0.045454545454545456,0.75,Lansia
462,462,8594,1958,S3,Janda,50520000.0,0,1,2014-01-28,25,112000,0,6000,2000,1000,14000,2,3,1,3,6,0,0,0,0,0,0,3,11,0,2014-02-22,56,0,0,1,0,135000,0.2222222222222222,0.3333333333333333,Lansia
463,463,7059,1963,S1,Menikah,80124000.0,0,0,2014-06-26,47,483000,84000,398000,205000,84000,241000,1,3,7,8,1,1,0,0,0,0,0,3,11,0,2014-08-12,51,1,0,0,1,1495000,0.05263157894736842,0.75,Tua
464,464,2815,1975,S1,Menikah,33183000.0,1,0,2014-02-24,46,7000,5000,39000,17000,15000,37000,2,4,0,3,7,0,0,0,0,0,0,3,11,0,2014-04-11,39,1,0,1,0,120000,0.2222222222222222,0.36363636363636365,Tua
465,465,2416,1969,S3,Lajang,66582000.0,0,0,2014-03-03,83,789000,25000,420000,16000,38000,0,1,2,8,9,1,0,0,0,0,0,0,3,11,0,2014-05-25,45,0,0,0,0,1288000,0.05,0.6666666666666666,Tua
466,466,7999,1955,S3,Bertunangan,75261000.0,0,0,2013-04-23,17,1239000,17000,413000,23000,34000,17000,1,5,6,5,2,0,1,1,0,0,0,3,11,1,2013-05-10,59,1,0,0,2,1743000,0.058823529411764705,0.7142857142857143,Lansia
467,467,9213,1970,S1,Janda,31880000.0,1,0,2012-10-31,13,4000,1000,5000,2000,0,3000,1,1,0,2,8,0,0,0,0,0,0,3,11,0,2012-11-13,44,0,0,1,0,15000,0.25,0.1111111111111111,Tua
468,468,9697,1951,S1,Menikah,53790000.0,0,2,2014-03-06,86,335000,42000,127000,28000,5000,5000,3,7,2,8,6,0,0,0,0,0,0,3,11,0,2014-05-31,63,1,0,2,0,542000,0.15,0.5384615384615384,Lansia
469,469,3916,1971,S3,Bertunangan,49269000.0,1,0,2012-08-15,92,639000,8000,166000,11000,8000,58000,3,7,3,12,7,0,0,0,0,0,0,3,11,0,2012-11-15,43,1,0,1,0,890000,0.12,0.5,Tua
470,470,2021,1975,S1,Menikah,61456000.0,0,1,2013-03-27,47,563000,76000,384000,84000,192000,89000,4,6,10,13,4,0,0,0,0,0,0,3,11,0,2013-05-13,39,1,0,1,0,1388000,0.12121212121212122,0.6,Tua
471,471,1581,1980,S1,Menikah,37406000.0,1,0,2013-10-10,18,2000,0,8000,2000,2000,3000,1,1,0,2,8,0,0,0,0,0,0,3,11,1,2013-10-28,34,1,0,1,0,17000,0.25,0.1111111111111111,Tua
472,472,564,1981,S3,Bertunangan,56937000.0,1,0,2012-08-04,81,746000,8000,125000,11000,8000,8000,7,8,6,9,6,0,1,0,0,0,0,3,11,1,2012-10-24,33,1,0,1,1,906000,0.23333333333333334,0.5714285714285714,Tua
473,473,6619,1978,S1,Menikah,38415000.0,1,1,2013-01-02,91,22000,1000,13000,4000,0,4000,2,1,0,3,7,0,0,0,0,0,0,3,11,0,2013-04-03,36,1,0,2,0,44000,0.3333333333333333,0.125,Tua
474,474,9081,1988,S1,Lajang,20518000.0,1,0,2014-05-18,58,4000,1000,6000,4000,1000,9000,1,1,1,2,5,0,0,0,0,0,0,3,11,0,2014-07-15,26,0,0,1,0,25000,0.2,0.16666666666666666,Muda
475,475,178,1956,S1,Menikah,62503000.0,0,1,2013-02-18,40,478000,0,193000,110000,75000,117000,4,8,3,11,5,0,0,0,0,0,0,3,11,0,2013-03-30,58,1,0,1,0,973000,0.15384615384615385,0.6153846153846154,Lansia
476,476,916,1972,S3,Lajang,41644000.0,1,1,2014-05-09,67,20000,3000,4000,2000,0,2000,2,1,0,3,3,0,0,0,0,0,0,3,11,0,2014-07-15,42,0,0,2,0,31000,0.3333333333333333,0.25,Tua
477,477,5512,1977,S2,Menikah,55842000.0,0,1,2014-05-23,19,451000,0,39000,0,4000,24000,1,7,1,8,5,0,0,0,0,0,0,3,11,0,2014-06-11,37,1,0,1,0,518000,0.058823529411764705,0.5833333333333334,Tua
478,478,8970,1972,S3,Menikah,62010000.0,0,1,2012-10-23,93,371000,22000,39000,6000,0,92000,4,6,2,7,5,0,0,0,0,0,0,3,11,0,2013-01-24,42,1,0,1,0,530000,0.21052631578947367,0.5454545454545454,Tua
479,479,10581,1977,S1,Menikah,41124000.0,1,0,2012-10-31,41,281000,7000,84000,15000,0,119000,7,7,3,4,8,0,0,0,0,0,0,3,11,0,2012-12-11,37,1,0,1,0,506000,0.3333333333333333,0.4666666666666667,Tua
480,480,5300,1973,S2,Menikah,38961000.0,1,0,2013-12-30,60,19000,7000,19000,0,1000,24000,1,2,1,2,7,0,0,0,0,0,0,3,11,0,2014-02-28,41,1,0,1,0,70000,0.16666666666666666,0.2222222222222222,Tua
481,481,5154,1972,S2,Cerai,37760000.0,1,0,2013-08-11,54,26000,3000,13000,2000,10000,0,1,2,0,3,6,0,0,0,0,0,0,3,11,0,2013-10-04,42,0,0,1,0,54000,0.16666666666666666,0.25,Tua
482,482,8346,1974,S1,Lajang,32233000.0,1,0,2012-08-19,26,138000,15000,35000,25000,11000,72000,2,6,2,2,9,1,0,0,0,0,0,3,11,1,2012-09-14,40,0,0,1,1,296000,0.16666666666666666,0.4,Tua
483,483,1676,1975,S1,Menikah,43057000.0,0,1,2013-10-30,30,213000,2000,44000,0,2000,5000,4,4,2,5,5,0,0,0,0,0,0,3,11,0,2013-11-29,39,1,0,1,0,266000,0.26666666666666666,0.4444444444444444,Tua
484,484,9286,1960,S2,Bertunangan,83151000.0,0,0,2012-10-10,93,407000,28000,100000,120000,74000,18000,1,5,9,4,3,0,0,0,0,0,0,3,11,0,2013-01-11,54,1,0,0,0,747000,0.05263157894736842,0.625,Tua
485,485,2426,1964,S3,Cerai,78825000.0,0,0,2012-09-14,35,483000,74000,114000,169000,37000,18000,1,5,10,13,3,0,0,0,0,0,0,3,11,1,2012-10-19,50,0,0,0,0,895000,0.034482758620689655,0.625,Tua
486,486,5172,1976,S2,Bertunangan,65104000.0,0,1,2013-11-14,4,738000,0,232000,13000,20000,50000,2,3,5,7,7,0,0,0,0,0,0,3,11,0,2013-11-18,38,1,0,1,0,1053000,0.11764705882352941,0.3,Tua
487,487,5562,1974,S1,Menikah,60093000.0,0,1,2013-06-26,92,502000,12000,109000,16000,6000,90000,2,7,2,10,6,0,0,0,0,0,0,3,11,0,2013-09-26,40,1,0,1,0,735000,0.09523809523809523,0.5384615384615384,Tua
488,488,3436,1969,S1,Menikah,14045000.0,1,0,2014-01-26,24,11000,0,5000,2000,1000,1000,1,1,0,3,7,0,0,0,0,0,0,3,11,0,2014-02-19,45,1,0,1,0,20000,0.2,0.125,Tua
489,489,3921,1952,D3,Janda,28457000.0,0,0,2012-10-28,96,24000,1000,108000,29000,29000,14000,1,4,1,4,8,0,0,0,0,0,0,3,11,0,2013-02-01,62,0,0,0,0,205000,0.1,0.3333333333333333,Lansia
490,490,3403,1958,S3,Bertunangan,78952000.0,0,1,2012-09-24,11,1170000,19000,594000,99000,76000,134000,2,2,5,12,6,0,0,0,0,0,0,3,11,0,2012-10-05,56,1,0,1,0,2092000,0.09523809523809523,0.25,Lansia
491,491,22,1976,S1,Cerai,46310000.0,1,0,2012-12-03,99,185000,2000,88000,15000,5000,14000,2,6,1,5,8,0,0,0,0,0,0,3,11,0,2013-03-12,38,0,0,1,0,309000,0.14285714285714285,0.42857142857142855,Tua
492,492,10965,1955,S1,Bertunangan,76005000.0,0,0,2013-02-22,72,983000,20000,389000,240000,50000,40000,1,3,5,13,6,0,0,0,1,0,0,3,11,0,2013-05-05,59,1,0,0,1,1722000,0.045454545454545456,0.3333333333333333,Lansia
493,493,9426,1964,S2,Lajang,58308000.0,0,1,2013-01-12,77,691000,0,69000,10000,0,130000,4,2,6,3,8,0,0,0,0,0,0,3,11,0,2013-03-30,50,0,0,1,0,900000,0.26666666666666666,0.2,Tua
494,494,6605,1944,S3,Cerai,55614000.0,0,0,2013-11-27,85,504000,13000,131000,8000,0,26000,1,9,4,6,7,0,1,0,0,0,0,3,11,0,2014-02-20,70,0,0,0,1,682000,0.05,0.5625,Lansia
495,495,3136,1962,S2,Cerai,59432000.0,0,1,2013-04-13,88,317000,25000,265000,25000,19000,12000,3,5,3,11,5,0,0,0,0,0,0,3,11,0,2013-07-10,52,0,0,1,0,663000,0.13636363636363635,0.5,Tua
496,496,8737,1978,S1,Cerai,55563000.0,0,1,2014-04-05,22,29000,1000,9000,2000,0,2000,1,2,0,3,3,0,0,0,0,0,0,3,11,0,2014-04-27,36,0,0,1,0,43000,0.16666666666666666,0.4,Tua
497,497,11088,1971,S3,Bertunangan,78642000.0,0,1,2013-04-21,83,1396000,0,322000,46000,35000,17000,1,4,9,4,6,0,0,0,0,0,0,3,11,0,2013-07-13,43,1,0,1,0,1816000,0.05555555555555555,0.4,Tua
498,498,716,1949,S3,Bertunangan,67911000.0,0,1,2014-05-22,63,529000,0,356000,63000,28000,0,3,6,7,11,3,0,0,0,0,0,0,3,11,0,2014-07-24,65,1,0,1,0,976000,0.1111111111111111,0.6666666666666666,Lansia
499,499,466,1944,S1,Menikah,65275000.0,0,0,2013-04-03,9,388000,14000,218000,91000,14000,21000,1,4,3,13,2,0,0,0,0,0,0,3,11,0,2013-04-12,70,1,0,0,0,746000,0.047619047619047616,0.6666666666666666,Lansia
500,500,9135,1950,S1,Bertunangan,27203000.0,1,1,2012-08-06,92,13000,2000,21000,4000,0,24000,2,1,1,2,8,0,0,0,0,0,0,3,11,0,2012-11-06,64,1,0,2,0,64000,0.3333333333333333,0.1111111111111111,Lansia
501,501,10623,1961,S2,Bertunangan,48330000.0,0,1,2013-11-15,2,28000,0,4000,0,0,0,1,1,0,3,5,0,0,0,0,0,0,3,11,0,2013-11-17,53,1,0,1,0,32000,0.2,0.16666666666666666,Tua
502,502,8151,1990,SMA,Menikah,24279000.0,0,0,2012-12-29,6,16000,36000,21000,20000,62000,108000,1,4,1,3,8,0,0,0,0,0,0,3,11,0,2013-01-04,24,1,1,0,0,263000,0.1111111111111111,0.3333333333333333,Muda
503,503,5140,1985,S3,Menikah,64355000.0,1,0,2012-08-24,66,1047000,0,140000,67000,38000,153000,2,4,3,12,8,0,0,0,0,0,0,3,11,0,2012-10-29,29,1,0,1,0,1445000,0.09523809523809523,0.3333333333333333,Muda
504,504,10160,1956,S2,Bertunangan,50943000.0,0,1,2013-06-21,49,31000,0,7000,2000,0,6000,1,1,0,3,5,0,0,0,0,0,0,3,11,0,2013-08-09,58,1,0,1,0,46000,0.2,0.16666666666666666,Lansia
505,505,4945,1953,S1,Janda,53653000.0,0,0,2012-11-07,29,815000,10000,239000,28000,10000,108000,2,10,4,12,6,0,0,0,0,0,0,3,11,0,2012-12-06,61,0,0,0,0,1210000,0.07142857142857142,0.625,Lansia
506,506,10584,1976,S1,Menikah,65665000.0,0,1,2013-12-02,77,225000,162000,387000,106000,36000,29000,1,5,10,8,3,0,0,0,0,0,0,3,11,0,2014-02-17,38,1,0,1,0,945000,0.041666666666666664,0.625,Tua
507,507,6071,1989,S1,Lajang,81217000.0,0,0,2013-07-19,77,493000,70000,324000,146000,40000,84000,1,3,7,11,1,0,0,0,0,0,0,3,11,0,2013-10-04,25,0,0,0,0,1157000,0.045454545454545456,0.75,Muda
508,508,3386,1992,S1,Menikah,34935000.0,0,0,2013-06-21,71,34000,4000,66000,3000,10000,20000,1,2,1,4,7,0,0,0,0,0,0,3,11,0,2013-08-31,22,1,0,0,0,137000,0.125,0.2222222222222222,Muda
509,509,8939,1959,S1,Cerai,61250000.0,0,1,2012-12-16,49,382000,138000,65000,60000,26000,59000,6,5,2,12,5,0,0,0,0,0,0,3,11,0,2013-02-03,55,0,0,1,0,730000,0.24,0.5,Tua
510,510,9925,1981,S3,Bertunangan,39665000.0,1,0,2013-05-25,97,127000,1000,56000,0,1000,31000,3,4,2,3,7,1,0,0,0,0,0,3,11,0,2013-08-30,33,1,0,1,1,216000,0.25,0.36363636363636365,Tua
511,511,4320,1979,S1,Lajang,60152000.0,0,1,2013-03-28,6,325000,83000,300000,86000,58000,91000,1,6,4,12,3,0,0,0,0,0,0,3,11,0,2013-04-03,35,0,0,1,0,943000,0.043478260869565216,0.6666666666666666,Tua
512,512,5389,1964,S1,Menikah,48920000.0,0,2,2013-10-20,93,238000,17000,68000,8000,10000,6000,3,6,2,5,7,0,1,0,0,0,0,3,11,0,2014-01-21,50,1,0,2,1,347000,0.1875,0.46153846153846156,Tua
513,513,6036,1959,S2,Bertunangan,89120000.0,0,0,2014-03-17,78,1168000,92000,408000,72000,129000,55000,1,5,6,7,1,0,0,1,0,0,0,3,11,0,2014-06-03,55,1,0,0,1,1924000,0.05263157894736842,0.8333333333333334,Tua
514,514,182,1946,S3,Bertunangan,44124000.0,0,1,2013-05-11,62,284000,0,55000,0,6000,52000,4,6,2,5,8,0,0,0,0,0,0,3,11,0,2013-07-12,68,1,0,1,0,397000,0.23529411764705882,0.42857142857142855,Lansia
515,515,203,1975,S2,Lajang,81169000.0,0,0,2013-04-14,47,1288000,20000,613000,80000,61000,27000,1,5,7,9,2,0,0,0,0,0,0,3,11,0,2013-05-31,39,0,0,0,0,2089000,0.045454545454545456,0.7142857142857143,Tua
516,516,11025,1961,S1,Menikah,36443000.0,1,1,2013-02-03,9,65000,0,46000,4000,3000,20000,4,3,1,3,8,0,0,0,0,0,0,3,11,0,2013-02-12,53,1,0,2,0,138000,0.36363636363636365,0.2727272727272727,Tua
517,517,10203,1990,S1,Lajang,26095000.0,1,0,2013-06-30,77,11000,7000,9000,3000,1000,11000,1,1,0,3,7,0,0,0,0,0,0,3,11,0,2013-09-15,24,0,0,1,0,42000,0.2,0.125,Muda
518,518,4607,1959,S1,Bertunangan,71367000.0,0,0,2013-08-23,24,227000,23000,389000,42000,21000,75000,1,4,5,7,2,0,0,0,0,0,0,3,11,0,2013-09-16,55,1,0,0,0,777000,0.058823529411764705,0.6666666666666666,Tua
519,519,3711,1944,S2,Menikah,80184000.0,0,0,2014-03-01,19,1035000,134000,670000,25000,38000,0,1,6,3,10,3,0,0,1,1,0,0,3,11,0,2014-03-20,70,1,0,0,2,1902000,0.05,0.6666666666666666,Lansia
520,520,3696,1965,S1,Cerai,30630000.0,1,1,2014-01-27,67,27000,1000,12000,2000,0,10000,2,2,0,3,7,0,0,0,0,0,0,3,11,0,2014-04-04,49,0,0,2,0,52000,0.2857142857142857,0.2222222222222222,Tua
521,521,2532,1987,S2,Lajang,73454000.0,0,0,2014-03-01,95,982000,73000,351000,56000,14000,175000,1,2,4,6,5,1,0,0,0,0,0,3,11,0,2014-06-04,27,0,0,0,1,1651000,0.07692307692307693,0.2857142857142857,Muda
522,522,9214,1991,S1,Menikah,42691000.0,0,0,2013-08-16,48,179000,2000,64000,38000,17000,58000,1,5,1,6,5,0,0,0,0,0,0,3,11,0,2013-10-03,23,1,0,0,0,358000,0.07692307692307693,0.5,Muda
523,523,4943,1953,S1,Menikah,70503000.0,0,0,2012-09-30,73,1379000,33000,216000,0,33000,66000,1,2,4,9,6,0,1,1,0,0,0,3,11,0,2012-12-12,61,1,0,0,2,1727000,0.0625,0.25,Lansia
524,524,35,1987,S1,Menikah,25545000.0,1,0,2012-09-08,35,32000,1000,64000,16000,12000,85000,3,2,2,3,6,0,0,0,0,0,0,3,11,1,2012-10-13,27,1,0,1,0,210000,0.3,0.25,Muda
525,525,2258,1986,S1,Menikah,32880000.0,1,0,2012-12-04,76,8000,4000,15000,7000,6000,2000,1,1,0,3,8,0,0,0,0,0,0,3,11,0,2013-02-18,28,1,0,1,0,42000,0.2,0.1111111111111111,Muda
526,526,4322,1958,S3,Bertunangan,77863000.0,0,0,2013-11-27,20,881000,38000,319000,16000,25000,12000,1,4,5,10,2,0,0,0,0,0,0,3,11,0,2013-12-17,56,1,0,0,0,1291000,0.05,0.6666666666666666,Lansia
527,527,713,1977,S2,Menikah,50353000.0,0,0,2014-06-08,72,141000,15000,153000,67000,31000,35000,1,4,4,6,3,0,0,0,0,0,0,3,11,0,2014-08-19,37,1,0,0,0,442000,0.06666666666666667,0.5714285714285714,Tua
528,528,4702,1964,S1,Lajang,61839000.0,0,0,2012-08-12,20,1000000,155000,379000,224000,17000,120000,1,4,8,4,8,0,0,0,0,0,0,3,11,0,2012-09-01,50,0,0,0,0,1895000,0.058823529411764705,0.3333333333333333,Tua
529,529,3281,1960,S3,Menikah,49154000.0,1,1,2013-11-03,69,206000,10000,67000,30000,27000,71000,6,4,1,8,6,0,0,0,0,0,0,3,11,0,2014-01-11,54,1,0,2,0,411000,0.3157894736842105,0.4,Tua
530,530,702,1975,D3,Janda,47682000.0,0,1,2013-02-15,80,162000,61000,83000,97000,57000,61000,4,4,3,8,5,0,0,0,0,0,0,3,11,0,2013-05-06,39,0,0,1,0,521000,0.21052631578947367,0.4444444444444444,Tua
531,531,2004,1969,S1,Lajang,72679000.0,0,1,2013-09-18,65,619000,54000,260000,127000,54000,54000,1,4,7,5,1,0,0,0,0,0,0,3,11,0,2013-11-22,45,0,0,1,0,1168000,0.058823529411764705,0.8,Tua
532,532,4769,1977,S2,Bertunangan,57954000.0,1,1,2014-06-18,52,456000,4000,24000,0,0,9000,7,8,2,6,7,0,1,0,0,0,0,3,11,0,2014-08-09,37,1,0,2,1,493000,0.30434782608695654,0.5333333333333333,Tua
533,533,4437,1962,S1,Menikah,65316000.0,1,1,2013-04-24,65,112000,6000,92000,3000,9000,38000,2,3,2,5,4,0,0,0,0,0,0,3,11,0,2013-06-28,52,1,0,2,0,260000,0.16666666666666666,0.42857142857142855,Tua
534,534,8724,1982,S1,Lajang,28567000.0,1,0,2013-06-17,57,11000,3000,22000,2000,2000,6000,2,2,0,3,6,0,0,0,0,0,0,3,11,0,2013-08-13,32,0,0,1,0,46000,0.2857142857142857,0.25,Tua
535,535,10741,1951,S2,Bertunangan,47352000.0,0,1,2013-04-11,70,172000,12000,112000,8000,0,15000,4,6,1,5,7,0,0,0,0,0,0,3,11,0,2013-06-20,63,1,0,1,0,319000,0.25,0.46153846153846156,Lansia
536,536,1991,1967,S1,Bertunangan,44931000.0,0,1,2014-01-18,0,78000,0,11000,0,0,7000,1,2,1,3,5,0,0,0,0,0,0,3,11,0,2014-01-18,47,1,0,1,0,96000,0.14285714285714285,0.2857142857142857,Tua
537,537,6931,1967,S1,Cerai,76982000.0,0,0,2014-02-15,19,464000,151000,292000,65000,60000,30000,1,8,3,4,4,0,0,1,0,0,0,3,11,1,2014-03-06,47,0,0,0,1,1062000,0.0625,0.6666666666666666,Tua
538,538,11096,1952,D3,Bertunangan,57247000.0,0,1,2013-08-08,50,99000,4000,32000,37000,54000,6000,2,2,1,7,2,0,0,0,0,0,0,3,11,0,2013-09-27,62,1,0,1,0,232000,0.16666666666666666,0.5,Lansia
539,539,304,1981,S2,Lajang,22944000.0,1,0,2013-12-23,67,19000,3000,19000,4000,5000,26000,3,3,0,3,7,0,0,0,0,0,0,3,11,0,2014-02-28,33,0,0,1,0,76000,0.3333333333333333,0.3,Tua
540,540,3665,1977,D3,Bertunangan,25315000.0,1,0,2013-11-07,46,1000,9000,8000,11000,3000,22000,3,3,0,3,8,0,0,0,0,0,0,3,11,0,2013-12-23,37,1,0,1,0,54000,0.3333333333333333,0.2727272727272727,Tua
541,541,10591,1969,S1,Janda,43638000.0,0,1,2012-08-06,37,63000,10000,83000,7000,19000,19000,2,4,1,4,7,0,0,0,0,0,0,3,11,0,2012-09-12,45,0,0,1,0,201000,0.18181818181818182,0.36363636363636365,Tua
542,542,5036,1984,S3,Lajang,42710000.0,1,0,2012-11-28,38,252000,3000,42000,4000,3000,102000,2,4,5,3,6,0,0,0,0,0,0,3,11,0,2013-01-05,30,0,0,1,0,406000,0.14285714285714285,0.4,Muda
543,543,5547,1982,S3,Menikah,84169000.0,0,0,2013-08-07,9,1478000,19000,403000,0,19000,0,1,7,6,6,3,0,1,1,0,0,0,3,11,1,2013-08-16,32,1,0,0,2,1919000,0.05,0.7,Tua
544,544,7822,1976,S1,Bertunangan,54058000.0,0,1,2013-06-04,56,198000,18000,252000,32000,108000,54000,2,4,6,8,3,0,0,0,0,0,0,3,11,0,2013-07-30,38,1,0,1,0,662000,0.1,0.5714285714285714,Tua
545,545,8541,1990,D3,Menikah,24683000.0,1,0,2014-03-08,98,8000,4000,10000,6000,7000,6000,2,2,0,4,5,0,0,0,0,0,0,3,11,0,2014-06-14,24,1,0,1,0,41000,0.25,0.2857142857142857,Muda
546,546,10955,1964,S1,Janda,85620000.0,0,0,2014-01-07,68,416000,46000,925000,60000,107000,46000,1,3,6,4,1,0,0,0,0,0,0,3,11,1,2014-03-16,50,0,0,0,0,1600000,0.07142857142857142,0.75,Tua
547,547,4368,1980,S1,Menikah,47850000.0,1,0,2013-12-03,72,42000,7000,43000,20000,12000,10000,1,3,0,4,6,0,0,0,0,0,0,3,11,0,2014-02-13,34,1,0,1,0,134000,0.125,0.3333333333333333,Tua
548,548,9671,1968,S1,Menikah,19514000.0,1,1,2014-01-26,47,14000,3000,21000,2000,1000,28000,4,3,1,2,8,1,0,0,0,0,0,3,11,1,2014-03-14,46,1,0,2,1,69000,0.4,0.2727272727272727,Tua
549,549,2256,1973,S2,Menikah,27159000.0,1,1,2014-03-29,33,17000,0,3000,0,0,1000,2,1,0,3,6,0,0,0,0,0,0,3,11,0,2014-05-01,41,1,0,2,0,21000,0.3333333333333333,0.14285714285714285,Tua
550,550,4279,1963,D3,Lajang,39548000.0,1,1,2014-03-31,87,15000,4000,10000,3000,4000,18000,2,1,1,3,3,0,0,0,0,0,0,3,11,0,2014-06-26,51,0,0,2,0,54000,0.2857142857142857,0.25,Tua
551,551,5371,1989,S1,Lajang,21474000.0,1,0,2014-04-08,0,6000,16000,24000,11000,0,34000,2,3,1,2,7,1,0,0,0,0,0,3,11,1,2014-04-08,25,0,0,1,1,91000,0.25,0.3,Muda
552,552,9240,1971,S3,Lajang,60504000.0,0,1,2014-02-07,73,458000,0,24000,6000,4000,34000,2,6,2,8,6,0,0,0,0,0,0,3,11,0,2014-04-21,43,0,0,1,0,526000,0.1111111111111111,0.5,Tua
553,553,9460,1963,S1,Menikah,22419000.0,0,0,2013-04-18,74,30000,3000,47000,19000,21000,42000,1,3,2,2,8,0,0,0,0,0,0,3,11,0,2013-07-01,51,1,0,0,0,162000,0.125,0.2727272727272727,Tua
554,554,9504,1949,S2,Menikah,81698000.0,0,0,2013-11-06,4,179000,28000,520000,111000,123000,47000,1,3,8,13,1,0,0,0,0,0,0,3,11,1,2013-11-10,65,1,0,0,0,1008000,0.04,0.75,Lansia
555,555,8692,1952,S1,Bertunangan,43462000.0,1,1,2012-09-12,50,90000,17000,97000,15000,6000,15000,6,4,1,5,8,0,0,0,0,0,0,3,11,0,2012-11-01,62,1,0,2,0,240000,0.375,0.3333333333333333,Lansia
556,556,448,1978,S3,Lajang,54880000.0,1,0,2013-03-01,57,308000,85000,137000,102000,45000,118000,2,6,2,11,5,0,0,0,0,0,0,3,11,0,2013-04-27,36,0,0,1,0,795000,0.09523809523809523,0.5454545454545454,Tua
557,557,8314,1982,S1,Menikah,79908000.0,0,0,2013-04-05,30,557000,129000,761000,29000,185000,111000,1,5,6,7,2,0,0,1,0,0,0,3,11,0,2013-05-05,32,1,0,0,1,1772000,0.05263157894736842,0.7142857142857143,Tua
558,558,8420,1970,D3,Menikah,15315000.0,0,0,2013-08-03,27,7000,4000,13000,15000,8000,17000,2,2,0,4,5,0,0,0,0,0,0,3,11,0,2013-08-30,44,1,0,0,0,64000,0.25,0.2857142857142857,Tua
559,559,3174,1959,S1,Bertunangan,87771000.0,0,1,2013-05-22,61,1492000,38000,287000,50000,57000,33000,1,5,10,4,6,0,1,1,1,1,0,3,11,1,2013-07-22,55,1,0,1,4,1957000,0.05,0.45454545454545453,Tua
560,560,7685,1978,S1,Menikah,33039000.0,1,0,2013-09-09,4,30000,8000,12000,8000,8000,12000,1,2,0,4,5,0,0,0,0,0,0,3,11,0,2013-09-13,36,1,0,1,0,78000,0.14285714285714285,0.2857142857142857,Tua
561,561,3179,1980,S1,Lajang,81741000.0,0,0,2013-06-16,75,249000,153000,940000,58000,134000,38000,0,6,6,7,2,0,0,0,0,0,0,3,11,0,2013-08-30,34,0,0,0,0,1572000,0.0,0.75,Tua
562,562,9780,1971,S2,Bertunangan,71499000.0,0,1,2013-06-25,12,465000,25000,132000,136000,0,37000,2,8,3,13,4,0,0,0,0,0,0,3,11,0,2013-07-07,43,1,0,1,0,795000,0.07692307692307693,0.6666666666666666,Tua
563,563,10681,1970,D3,Menikah,62466000.0,0,1,2014-01-15,13,129000,129000,259000,168000,121000,83000,5,6,3,12,4,0,0,0,0,0,0,3,11,0,2014-01-28,44,1,0,1,0,889000,0.19230769230769232,0.6,Tua
564,564,10232,1963,S3,Cerai,48799000.0,0,1,2013-11-05,9,174000,18000,81000,28000,6000,24000,3,3,2,7,3,0,0,0,0,0,0,3,11,0,2013-11-14,51,0,0,1,0,331000,0.2,0.5,Tua
565,565,4184,1950,S3,Bertunangan,52157000.0,0,1,2014-06-07,48,189000,2000,29000,3000,2000,40000,2,3,2,5,4,0,0,0,0,0,0,3,11,0,2014-07-25,64,1,0,1,0,265000,0.16666666666666666,0.42857142857142855,Lansia
566,566,9120,1962,S1,Lajang,66565000.0,0,1,2012-12-05,80,747000,10000,161000,65000,40000,42000,4,4,2,9,8,0,0,0,0,0,0,3,11,0,2013-02-23,52,0,0,1,0,1065000,0.21052631578947367,0.3333333333333333,Tua
567,567,891,1951,S2,Bertunangan,29298000.0,1,1,2013-09-07,60,6000,0,2000,2000,0,1000,1,1,0,2,5,0,0,0,0,0,0,3,11,0,2013-11-06,63,1,0,2,0,11000,0.25,0.16666666666666666,Lansia
568,568,10381,1979,S1,Lajang,47691000.0,0,1,2013-07-05,43,14000,0,3000,0,0,4000,1,1,0,2,6,0,0,0,0,0,0,3,11,0,2013-08-17,35,0,0,1,0,21000,0.25,0.14285714285714285,Tua
569,569,3525,1970,S1,Bertunangan,38200000.0,1,1,2012-12-07,19,12000,0,4000,0,0,1000,1,1,0,2,7,0,0,0,0,0,0,3,11,0,2012-12-26,44,1,0,2,0,17000,0.25,0.125,Tua
570,570,6818,1974,S1,Menikah,44989000.0,0,1,2012-09-12,26,98000,0,106000,49000,10000,106000,5,5,1,5,6,0,0,0,0,0,0,3,11,0,2012-10-08,40,1,0,1,0,369000,0.3125,0.45454545454545453,Tua
571,571,3526,1968,S3,Menikah,38443000.0,1,1,2014-01-27,58,32000,0,5000,0,0,1000,2,1,0,3,7,0,0,0,0,0,0,3,11,0,2014-03-26,46,1,0,2,0,38000,0.3333333333333333,0.125,Tua
572,572,8181,1978,D3,Lajang,38593000.0,1,0,2013-09-13,42,51000,12000,49000,17000,24000,24000,3,4,1,3,8,0,0,0,0,0,0,3,11,0,2013-10-25,36,0,0,1,0,177000,0.2727272727272727,0.3333333333333333,Tua
573,573,1029,1970,S3,Bertunangan,64413000.0,0,1,2013-08-01,27,200000,5000,44000,0,10000,20000,1,5,1,5,5,0,0,0,0,0,0,3,11,0,2013-08-28,44,1,0,1,0,279000,0.08333333333333333,0.5,Tua
574,574,7369,1981,S2,Menikah,36959000.0,1,0,2013-10-02,56,25000,6000,25000,6000,0,0,2,2,0,3,8,0,0,0,0,0,0,3,11,0,2013-11-27,33,1,0,1,0,62000,0.2857142857142857,0.2,Tua
575,575,2574,1977,S3,Menikah,61996000.0,0,1,2013-01-31,27,1050000,12000,144000,0,0,24000,3,6,4,8,5,0,1,0,1,1,0,3,11,1,2013-02-27,37,1,0,1,3,1230000,0.14285714285714285,0.5454545454545454,Tua
576,576,8159,1968,S1,Menikah,51287000.0,1,1,2014-04-01,10,117000,0,22000,13000,0,30000,3,4,1,3,7,0,0,0,0,0,0,3,11,0,2014-04-11,46,1,0,2,0,182000,0.2727272727272727,0.36363636363636365,Tua
577,577,1160,1970,S1,Menikah,13260000.0,1,1,2013-08-23,48,9000,4000,17000,10000,2000,7000,4,3,0,3,8,0,0,0,0,0,0,3,11,0,2013-10-10,44,1,0,2,0,49000,0.4,0.2727272727272727,Tua
578,578,10242,1966,S3,Bertunangan,47472000.0,1,1,2013-09-16,39,56000,0,11000,0,0,8000,2,2,0,4,5,0,0,0,0,0,0,3,11,0,2013-10-25,48,1,0,2,0,75000,0.25,0.2857142857142857,Tua
579,579,5253,1956,S2,Bertunangan,54603000.0,1,1,2013-07-09,85,145000,13000,46000,17000,2000,4000,6,4,2,4,7,0,0,0,0,0,0,3,11,0,2013-10-02,58,1,0,2,0,227000,0.375,0.36363636363636365,Lansia
580,580,5966,1974,S3,Menikah,45207000.0,1,1,2012-11-10,64,203000,0,10000,0,0,2000,5,3,1,6,6,0,1,0,0,0,0,3,11,0,2013-01-13,40,1,0,2,1,215000,0.3333333333333333,0.3333333333333333,Tua
581,581,5314,1951,S1,Bertunangan,40689000.0,0,1,2013-03-18,69,270000,3000,27000,39000,6000,99000,7,7,1,5,8,0,0,0,0,0,0,3,11,0,2013-05-26,63,1,0,1,0,444000,0.35,0.4666666666666667,Lansia
582,582,5081,1967,D3,Bertunangan,47821000.0,1,1,2013-10-20,54,9000,0,16000,6000,6000,10000,1,1,0,3,8,0,0,0,0,0,0,3,11,0,2013-12-13,47,1,0,2,0,47000,0.2,0.1111111111111111,Tua
583,583,5123,1951,S2,Menikah,27450000.0,0,0,2013-04-15,57,37000,12000,23000,8000,11000,52000,1,2,1,3,7,0,0,0,0,0,0,3,11,0,2013-06-11,63,1,0,0,0,143000,0.14285714285714285,0.2222222222222222,Lansia
584,584,5756,1983,S1,Bertunangan,39453000.0,1,0,2014-04-03,64,46000,0,7000,0,0,2000,2,2,0,3,6,0,0,0,0,0,0,3,11,0,2014-06-06,31,1,0,1,0,55000,0.2857142857142857,0.25,Tua
585,585,8036,1971,D3,Bertunangan,26850000.0,1,1,2014-04-18,10,31000,1000,13000,7000,2000,9000,4,2,1,4,4,0,0,0,0,0,0,3,11,0,2014-04-28,43,1,0,2,0,63000,0.36363636363636365,0.3333333333333333,Tua
586,586,9058,1955,S1,Janda,79800000.0,0,0,2012-09-23,65,1060000,21000,530000,32000,0,224000,1,5,11,5,3,1,0,1,1,0,0,3,11,1,2012-11-27,59,0,0,0,3,1867000,0.045454545454545456,0.625,Lansia
587,587,5057,1961,S2,Menikah,61794000.0,0,1,2013-09-14,74,264000,47000,188000,54000,47000,11000,2,4,4,10,2,0,0,0,0,0,0,3,11,0,2013-11-27,53,1,0,1,0,611000,0.1,0.6666666666666666,Tua
588,588,254,1955,S1,Bertunangan,53863000.0,0,1,2014-05-17,4,399000,4000,30000,6000,4000,30000,3,7,1,7,7,0,1,0,0,0,0,3,11,0,2014-05-21,59,1,0,1,1,473000,0.16666666666666666,0.5,Lansia
589,589,4179,1959,S1,Bertunangan,24221000.0,0,0,2013-08-20,94,8000,9000,9000,2000,5000,22000,1,1,1,3,4,0,0,0,0,0,0,3,11,0,2013-11-22,55,1,0,0,0,55000,0.16666666666666666,0.2,Tua
590,590,3710,1984,S3,Lajang,39684000.0,1,0,2012-10-12,41,19000,0,35000,6000,4000,17000,2,2,1,2,7,0,0,0,0,0,1,3,11,1,2012-11-22,30,0,0,1,0,81000,0.2857142857142857,0.2222222222222222,Muda
591,591,7627,1975,S2,Menikah,92163000.0,0,0,2012-12-12,25,817000,183000,797000,106000,163000,20000,0,5,11,5,2,0,0,1,1,0,0,3,11,1,2013-01-06,39,1,0,0,2,2086000,0.0,0.7142857142857143,Tua
592,592,4501,1965,S2,Lajang,69882000.0,0,0,2013-11-10,94,292000,127000,635000,132000,127000,165000,1,3,7,9,1,0,0,0,0,0,0,3,11,0,2014-02-12,49,0,0,0,0,1478000,0.05,0.75,Tua
593,593,6424,1977,S1,Bertunangan,33178000.0,1,0,2014-01-30,9,12000,6000,2000,11000,2000,16000,1,1,0,3,4,0,0,0,0,0,0,3,11,0,2014-02-08,37,1,0,1,0,49000,0.2,0.2,Tua
594,594,3075,1972,S3,Menikah,59973000.0,0,0,2013-09-11,47,130000,30000,168000,20000,34000,0,1,3,4,7,1,0,0,0,0,0,0,3,11,0,2013-10-28,42,1,0,0,0,382000,0.06666666666666667,0.75,Tua
595,595,4992,1975,S2,Bertunangan,17459000.0,1,0,2013-09-19,12,6000,4000,16000,3000,10000,30000,3,3,1,2,7,0,0,0,0,0,0,3,11,1,2013-10-01,39,1,0,1,0,69000,0.3333333333333333,0.3,Tua
596,596,5252,1969,S1,Cerai,23910000.0,1,0,2012-10-26,80,16000,12000,18000,7000,1000,13000,1,2,0,3,7,0,0,0,0,0,0,3,11,0,2013-01-14,45,0,0,1,0,67000,0.16666666666666666,0.2222222222222222,Tua
597,597,7444,1969,S2,Menikah,42169000.0,1,1,2013-10-19,20,19000,0,9000,0,0,2000,2,1,0,3,8,0,0,0,0,0,0,3,11,0,2013-11-08,45,1,0,2,0,30000,0.3333333333333333,0.1111111111111111,Tua
598,598,6919,1978,D3,Menikah,26224000.0,1,0,2013-06-04,39,4000,7000,15000,13000,9000,15000,3,2,1,3,6,0,0,0,0,0,0,3,11,0,2013-07-13,36,1,0,1,0,63000,0.3333333333333333,0.25,Tua
599,599,3537,1981,S1,Bertunangan,31089000.0,1,0,2012-08-17,57,31000,3000,31000,2000,8000,4000,3,3,0,4,8,0,0,0,0,0,0,3,11,0,2012-10-13,33,1,0,1,0,79000,0.3,0.2727272727272727,Tua
600,600,10277,1961,S1,Lajang,30081000.0,0,1,2013-02-21,27,36000,0,2000,0,0,4000,1,1,0,3,7,0,0,0,0,0,0,3,11,0,2013-03-20,53,0,0,1,0,42000,0.2,0.125,Tua
601,601,2453,1960,S1,Bertunangan,62807000.0,0,1,2012-08-31,83,526000,28000,135000,10000,21000,99000,3,5,3,12,5,0,0,0,0,0,0,3,11,0,2012-11-22,54,1,0,1,0,819000,0.13043478260869565,0.5,Tua
602,602,7972,1955,S1,Lajang,72906000.0,0,0,2013-09-17,79,400000,32000,519000,71000,75000,54000,1,3,4,9,1,0,0,0,0,0,0,3,11,0,2013-12-05,59,0,0,0,0,1151000,0.058823529411764705,0.75,Lansia
603,603,895,1948,S3,Menikah,61467000.0,0,2,2012-12-09,69,410000,16000,114000,0,5000,49000,3,5,2,10,5,0,0,0,0,0,0,3,11,0,2013-02-16,66,1,0,2,0,594000,0.15,0.5,Lansia
604,604,1177,1966,S2,Bertunangan,49618000.0,1,1,2013-01-26,77,80000,3000,26000,4000,2000,14000,4,3,1,3,7,0,0,0,0,0,0,3,11,0,2013-04-13,48,1,0,2,0,129000,0.36363636363636365,0.3,Tua
605,605,7141,1986,S2,Lajang,21888000.0,1,0,2012-12-29,15,88000,10000,46000,2000,3000,64000,4,5,1,2,10,0,0,0,0,0,0,3,11,1,2013-01-13,28,0,0,1,0,213000,0.3333333333333333,0.3333333333333333,Muda
606,606,7232,1973,S1,Janda,42429000.0,0,1,2014-02-11,99,55000,0,6000,2000,0,4000,2,1,1,3,5,0,0,0,0,0,0,3,11,0,2014-05-21,41,0,0,1,0,67000,0.2857142857142857,0.16666666666666666,Tua
607,607,8477,1956,S1,Cerai,26150000.0,2,1,2013-03-11,61,5000,1000,13000,3000,5000,1000,1,1,0,3,7,0,0,0,0,0,0,3,11,0,2013-05-11,58,0,0,3,0,28000,0.2,0.125,Lansia
608,608,2457,1975,SMA,Menikah,30801000.0,0,1,2012-10-26,23,8000,4000,5000,15000,2000,11000,2,1,0,3,7,0,0,0,0,0,0,3,11,0,2012-11-18,39,1,1,1,0,45000,0.3333333333333333,0.125,Tua
609,609,988,1965,S1,Menikah,81168000.0,0,0,2014-05-07,84,410000,0,592000,147000,22000,22000,1,6,4,7,3,0,0,0,1,0,0,3,11,0,2014-07-30,49,1,0,0,1,1193000,0.05555555555555555,0.6666666666666666,Tua
610,610,7930,1969,S2,Lajang,26877000.0,0,0,2013-08-19,74,101000,13000,76000,20000,18000,40000,2,3,1,6,6,0,0,0,0,0,0,3,11,0,2013-11-01,45,0,0,0,0,268000,0.16666666666666666,0.3333333333333333,Tua
611,611,4587,1944,S2,Janda,45006000.0,0,0,2013-07-18,90,162000,25000,53000,16000,0,10000,1,3,1,7,3,0,0,0,0,0,0,3,11,0,2013-10-16,70,0,0,0,0,266000,0.08333333333333333,0.5,Lansia
612,612,6682,1973,SMA,Menikah,18978000.0,1,0,2012-12-11,41,2000,8000,1000,4000,7000,15000,1,1,0,3,8,0,0,0,0,0,0,3,11,0,2013-01-21,41,1,1,1,0,37000,0.2,0.1111111111111111,Tua
613,613,6222,1967,S1,Menikah,22574000.0,2,1,2013-10-28,28,25000,0,8000,2000,0,2000,2,2,0,3,7,0,0,0,0,0,0,3,11,0,2013-11-25,47,1,0,3,0,37000,0.2857142857142857,0.2222222222222222,Tua
614,614,10299,1969,S3,Lajang,48240000.0,0,0,2012-11-09,73,389000,91000,248000,64000,49000,41000,3,6,3,13,5,0,0,0,0,0,0,3,11,1,2013-01-21,45,0,0,0,0,882000,0.12,0.5454545454545454,Tua
615,615,3083,1974,S1,Menikah,45837000.0,1,1,2013-07-26,88,215000,13000,87000,17000,17000,24000,5,6,2,5,7,0,0,0,0,0,0,3,11,0,2013-10-22,40,1,0,2,0,373000,0.2777777777777778,0.46153846153846156,Tua
616,616,8953,1965,S2,Lajang,35791000.0,2,1,2013-05-06,94,27000,0,5000,0,0,3000,2,1,0,3,8,0,0,0,0,0,0,3,11,0,2013-08-08,49,0,0,3,0,35000,0.3333333333333333,0.1111111111111111,Tua
618,618,8650,1978,S1,Janda,54162000.0,1,1,2013-03-18,31,5000,6000,10000,6000,5000,10000,1,1,0,3,4,0,0,0,0,0,0,3,11,0,2013-04-18,36,0,0,2,0,42000,0.2,0.2,Tua
619,619,10862,1960,S2,Menikah,30522000.0,0,1,2012-08-17,6,179000,8000,83000,19000,11000,26000,5,1,2,9,2,0,0,0,0,0,0,3,11,0,2012-08-23,54,1,0,1,0,326000,0.29411764705882354,0.3333333333333333,Tua
620,620,2782,1961,S3,Menikah,54456000.0,0,1,2013-07-11,23,352000,0,27000,10000,0,15000,3,6,1,7,6,0,0,0,0,0,0,3,11,0,2013-08-03,53,1,0,1,0,404000,0.17647058823529413,0.5,Tua
621,621,6941,1971,S1,Lajang,31632000.0,0,0,2013-07-14,92,17000,8000,12000,11000,15000,32000,1,2,1,2,7,0,0,0,0,0,0,3,11,0,2013-10-14,43,0,0,0,0,95000,0.16666666666666666,0.2222222222222222,Tua
622,622,10972,1949,S1,Janda,72298000.0,0,0,2014-03-10,52,625000,35000,169000,58000,17000,35000,1,4,3,6,1,0,1,1,0,0,0,3,11,0,2014-05-01,65,0,0,0,2,939000,0.07142857142857142,0.8,Lansia
623,623,10708,1978,D3,Lajang,36975000.0,1,0,2013-12-28,50,10000,6000,11000,0,4000,2000,1,1,0,3,7,0,0,0,0,0,0,3,11,0,2014-02-16,36,0,0,1,0,33000,0.2,0.125,Tua
624,624,6583,1955,D3,Menikah,72635000.0,0,0,2013-06-03,54,390000,22000,323000,104000,35000,107000,1,6,8,6,3,0,0,0,1,0,0,3,11,0,2013-07-27,59,1,0,0,1,981000,0.047619047619047616,0.6666666666666666,Lansia
625,625,3641,1976,S1,Menikah,13624000.0,1,0,2013-01-20,93,10000,2000,15000,2000,1000,6000,2,2,0,3,6,0,0,0,0,0,0,3,11,0,2013-04-23,38,1,0,1,0,36000,0.2857142857142857,0.25,Tua
626,626,10156,1975,S1,Lajang,84196000.0,0,1,2013-06-03,56,215000,63000,507000,231000,31000,190000,1,8,4,7,3,0,0,0,0,0,0,3,11,0,2013-07-29,39,0,0,1,0,1237000,0.05,0.7272727272727273,Tua
627,627,4299,1960,S1,Bertunangan,70971000.0,0,1,2012-09-21,28,1001000,17000,572000,93000,125000,17000,7,11,11,5,7,0,0,0,0,0,0,3,11,1,2012-10-19,54,1,0,1,0,1825000,0.20588235294117646,0.6111111111111112,Tua
628,628,3469,1977,S3,Cerai,34487000.0,1,1,2012-09-06,94,19000,18000,33000,24000,1000,8000,3,3,0,3,9,0,0,0,0,0,0,3,11,0,2012-12-09,37,0,0,2,0,103000,0.3333333333333333,0.25,Tua
629,629,5063,1977,S1,Lajang,28769000.0,1,0,2012-12-18,76,41000,5000,129000,10000,3000,3000,3,4,1,4,9,0,0,0,0,0,0,3,11,0,2013-03-04,37,0,0,1,0,191000,0.25,0.3076923076923077,Tua
630,630,10727,1970,S3,Menikah,69084000.0,1,0,2013-11-19,43,1181000,107000,199000,39000,30000,30000,2,7,3,13,8,0,0,0,0,0,0,3,11,0,2014-01-01,44,1,0,1,0,1586000,0.08,0.4666666666666667,Tua
631,631,9624,1958,S3,Bertunangan,65488000.0,0,0,2014-06-13,46,603000,45000,207000,36000,18000,54000,1,3,4,6,1,0,0,0,0,0,0,3,11,0,2014-07-29,56,1,0,0,0,963000,0.07142857142857142,0.75,Lansia
632,632,5156,1970,D3,Menikah,62466000.0,0,1,2014-01-15,13,129000,129000,259000,168000,121000,83000,5,6,3,12,4,0,0,0,0,0,0,3,11,0,2014-01-28,44,1,0,1,0,889000,0.19230769230769232,0.6,Tua
633,633,4376,1960,D3,Lajang,32218000.0,0,0,2014-02-15,27,10000,24000,15000,13000,1000,30000,1,2,1,3,7,1,0,0,0,0,0,3,11,1,2014-03-14,54,0,0,0,1,93000,0.14285714285714285,0.2222222222222222,Tua
634,634,8923,1973,S1,Lajang,83917000.0,0,0,2013-04-18,12,514000,22000,732000,42000,198000,79000,1,6,7,7,3,0,0,0,0,0,0,3,11,1,2013-04-30,41,0,0,0,0,1587000,0.047619047619047616,0.6666666666666666,Tua
635,635,8461,1962,S1,Cerai,46102000.0,2,1,2014-03-10,3,14000,0,1000,0,0,1000,1,1,0,2,7,0,0,0,0,0,0,3,11,0,2014-03-13,52,0,0,3,0,16000,0.25,0.125,Tua
636,636,6945,1952,S1,Lajang,84574000.0,0,0,2013-06-04,72,387000,20000,713000,38000,54000,163000,1,9,11,11,5,0,0,0,0,0,0,3,11,0,2013-08-15,62,0,0,0,0,1375000,0.03125,0.6428571428571429,Lansia
637,637,944,1962,S1,Menikah,56181000.0,0,1,2013-01-08,6,121000,103000,69000,8000,44000,48000,1,4,2,7,4,0,0,0,0,0,0,3,11,0,2013-01-14,52,1,0,1,0,393000,0.07142857142857142,0.5,Tua
638,638,1907,1950,S2,Cerai,63120000.0,0,1,2012-09-28,53,965000,69000,279000,54000,41000,69000,5,8,4,9,7,0,0,0,0,0,0,3,11,1,2012-11-20,64,0,0,1,0,1477000,0.19230769230769232,0.5333333333333333,Lansia
639,639,701,1971,S1,Menikah,73691000.0,0,1,2013-11-06,58,707000,21000,250000,85000,43000,73000,2,6,2,8,2,1,0,0,0,0,0,3,11,0,2014-01-03,43,1,0,1,1,1179000,0.1111111111111111,0.75,Tua
640,640,3856,1960,S1,Bertunangan,63381000.0,0,1,2012-10-05,78,571000,50000,142000,33000,50000,159000,4,4,5,13,2,0,0,0,0,0,0,3,11,0,2012-12-22,54,1,0,1,0,1005000,0.15384615384615385,0.6666666666666666,Tua
641,641,4149,1948,S3,Bertunangan,76140000.0,0,0,2014-05-13,57,586000,66000,653000,17000,0,26000,1,5,9,6,2,0,0,0,0,0,0,3,11,0,2014-07-09,66,1,0,0,0,1348000,0.047619047619047616,0.7142857142857143,Lansia
642,642,2131,1959,S3,Cerai,62859000.0,0,1,2012-12-30,37,1063000,89000,102000,16000,12000,25000,4,9,4,6,6,0,0,0,0,0,0,3,11,0,2013-02-05,55,0,0,1,0,1307000,0.17391304347826086,0.6,Tua
643,643,2942,1964,S1,Lajang,45906000.0,0,1,2013-05-07,20,305000,3000,27000,4000,3000,144000,2,5,4,4,5,1,0,0,0,0,0,3,11,0,2013-05-27,50,0,0,1,1,486000,0.13333333333333333,0.5,Tua
644,644,1173,1947,S2,Bertunangan,77632000.0,0,0,2013-03-10,73,1200000,105000,758000,0,42000,147000,1,4,2,6,2,0,1,1,0,0,0,3,11,1,2013-05-22,67,1,0,0,2,2252000,0.07692307692307693,0.6666666666666666,Lansia
645,645,4381,1971,S3,Menikah,46463000.0,1,1,2013-08-18,56,163000,2000,40000,8000,11000,11000,7,3,1,6,6,0,0,0,0,0,0,3,11,0,2013-10-13,43,1,0,2,0,235000,0.4117647058823529,0.3333333333333333,Tua
646,646,4611,1970,S1,Bertunangan,105471000.0,0,0,2013-01-21,36,1009000,181000,104000,202000,21000,207000,0,9,8,13,3,0,0,1,1,0,0,3,11,1,2013-02-26,44,1,0,0,2,1724000,0.0,0.75,Tua
647,647,3376,1970,S2,Cerai,55282000.0,1,0,2013-12-13,9,125000,6000,73000,8000,4000,19000,1,3,1,6,4,0,0,0,0,0,0,3,11,0,2013-12-22,44,0,0,1,0,235000,0.09090909090909091,0.42857142857142855,Tua
648,648,4679,1977,S2,Menikah,78710000.0,0,1,2014-05-23,42,721000,0,152000,119000,50000,50000,3,7,6,12,4,0,0,0,0,0,0,3,11,0,2014-07-04,37,1,0,1,0,1092000,0.10714285714285714,0.6363636363636364,Tua
649,649,10928,1958,S1,Bertunangan,66886000.0,0,1,2013-09-16,28,315000,4000,62000,41000,31000,146000,2,7,1,7,5,0,0,0,0,0,0,3,11,0,2013-10-14,56,1,0,1,0,599000,0.11764705882352941,0.5833333333333334,Lansia
650,650,4248,1960,S2,Lajang,98777000.0,0,0,2014-02-17,23,1000000,19000,711000,125000,115000,38000,0,4,6,9,1,0,1,0,0,0,0,3,11,0,2014-03-12,54,0,0,0,1,2008000,0.0,0.8,Tua
651,651,6728,1985,S1,Bertunangan,29103000.0,1,0,2012-08-27,38,16000,0,17000,6000,3000,6000,2,1,0,3,9,0,0,0,0,0,0,3,11,0,2012-10-04,29,1,0,1,0,48000,0.3333333333333333,0.1,Muda
652,652,6661,1974,S1,Menikah,67445000.0,0,1,2012-08-12,63,757000,80000,217000,29000,80000,11000,5,9,6,12,6,0,0,0,0,0,0,3,11,0,2012-10-14,40,1,0,1,0,1174000,0.15625,0.6,Tua
653,653,4725,1950,S3,Bertunangan,50616000.0,0,1,2014-04-13,71,30000,2000,25000,0,1000,9000,1,1,1,4,2,0,0,0,0,0,0,3,11,0,2014-06-23,64,1,0,1,0,67000,0.14285714285714285,0.3333333333333333,Lansia
654,654,3277,1955,S1,Cerai,49431000.0,0,1,2012-08-03,9,219000,3000,100000,26000,0,17000,2,7,1,5,8,0,0,0,0,0,0,3,11,0,2012-08-12,59,0,0,1,0,365000,0.13333333333333333,0.4666666666666667,Lansia
656,656,2564,1953,S1,Bertunangan,61278000.0,0,1,2014-01-04,87,111000,3000,28000,2000,6000,15000,2,3,1,4,6,0,0,0,0,0,0,3,11,0,2014-04-01,61,1,0,1,0,165000,0.2,0.3333333333333333,Lansia
657,657,946,1958,D3,Bertunangan,26490000.0,0,0,2012-09-22,92,45000,47000,52000,21000,20000,25000,2,3,1,5,6,0,0,0,0,0,0,3,11,0,2012-12-23,56,1,0,0,0,210000,0.18181818181818182,0.3333333333333333,Lansia
658,658,3867,1947,S3,Bertunangan,73059000.0,0,1,2013-08-31,36,410000,112000,420000,0,82000,71000,1,9,3,13,4,0,0,0,0,0,0,3,11,0,2013-10-06,67,1,0,1,0,1095000,0.038461538461538464,0.6923076923076923,Lansia
659,659,6940,1966,S3,Lajang,46734000.0,1,2,2013-10-21,86,100000,1000,39000,6000,1000,76000,4,3,2,3,6,1,0,0,0,0,0,3,11,0,2014-01-15,48,0,0,3,1,223000,0.3333333333333333,0.3333333333333333,Tua
660,660,55,1963,S1,Bertunangan,56253000.0,0,1,2012-12-07,83,509000,0,65000,7000,11000,5000,4,7,2,9,6,0,0,0,0,0,0,3,11,0,2013-02-28,51,1,0,1,0,597000,0.18181818181818182,0.5384615384615384,Tua
661,661,7093,1985,S1,Menikah,19986000.0,1,0,2013-11-14,74,3000,6000,5000,0,2000,6000,1,0,0,3,7,0,0,0,0,0,0,3,11,0,2014-01-27,29,1,0,1,0,22000,0.25,0.0,Muda
662,662,5084,1975,S1,Janda,58330000.0,0,1,2013-12-25,87,445000,53000,213000,104000,98000,151000,1,6,4,13,4,0,0,0,0,0,0,3,11,0,2014-03-22,39,0,0,1,0,1064000,0.041666666666666664,0.6,Tua
663,663,1777,1980,SMA,Menikah,25965000.0,0,0,2012-09-07,29,2000,2000,11000,41000,7000,11000,1,2,0,3,8,0,0,0,0,0,0,3,11,0,2012-10-06,34,1,1,0,0,74000,0.16666666666666666,0.2,Tua
664,664,8162,1956,S2,Bertunangan,14661000.0,0,0,2013-01-01,88,4000,1000,11000,6000,2000,2000,1,1,0,3,6,0,0,0,0,0,0,3,11,0,2013-03-30,58,1,0,0,0,26000,0.2,0.14285714285714285,Lansia
665,665,10826,1959,S1,Menikah,18690000.0,0,0,2012-12-28,77,6000,1000,7000,23000,4000,19000,1,1,1,2,8,0,0,0,0,0,0,3,11,0,2013-03-15,55,1,0,0,0,60000,0.2,0.1111111111111111,Tua
666,666,8754,1974,S3,Bertunangan,45068000.0,0,1,2013-05-16,25,14000,0,3000,0,0,3000,1,1,0,2,7,0,0,0,0,0,0,3,11,0,2013-06-10,40,1,0,1,0,20000,0.25,0.125,Tua
667,667,1987,1987,SMA,Lajang,21063000.0,1,0,2013-09-25,34,1000,10000,11000,19000,3000,15000,2,2,0,3,6,0,0,0,0,0,0,3,11,0,2013-10-29,27,0,1,1,0,59000,0.2857142857142857,0.25,Muda
668,668,11007,1968,S3,Menikah,29187000.0,1,0,2013-05-09,43,26000,0,6000,0,0,2000,1,1,0,3,8,0,0,0,0,0,0,3,11,0,2013-06-21,46,1,0,1,0,34000,0.2,0.1111111111111111,Tua
669,669,7426,1971,D3,Menikah,54690000.0,1,1,2013-11-07,76,111000,16000,37000,7000,9000,18000,3,3,1,5,3,0,0,0,0,0,0,3,11,0,2014-01-22,43,1,0,2,0,198000,0.25,0.5,Tua
670,670,9153,1964,S3,Menikah,59304000.0,0,1,2013-07-29,81,418000,61000,428000,80000,51000,10000,3,7,8,10,5,0,0,0,0,0,0,3,11,0,2013-10-18,50,1,0,1,0,1048000,0.10714285714285714,0.5833333333333334,Tua
671,671,10379,1962,S2,Lajang,59247000.0,0,2,2013-11-08,87,327000,9000,122000,19000,14000,83000,5,5,2,9,6,0,0,0,0,0,0,3,11,0,2014-02-03,52,0,0,2,0,574000,0.23809523809523808,0.45454545454545453,Tua
672,672,9204,1970,S1,Janda,66731000.0,0,1,2012-09-12,33,371000,159000,194000,58000,106000,141000,4,4,3,6,3,0,0,0,0,0,0,3,11,0,2012-10-15,44,0,0,1,0,1029000,0.23529411764705882,0.5714285714285714,Tua
673,673,3197,1980,S1,Menikah,77353000.0,0,1,2013-12-16,38,275000,59000,107000,69000,101000,59000,2,6,4,8,4,0,0,0,0,0,0,3,11,0,2014-01-23,34,1,0,1,0,670000,0.1,0.6,Tua
674,674,2920,1975,S3,Lajang,52614000.0,0,1,2012-12-01,63,789000,0,142000,12000,9000,38000,2,2,4,8,8,0,0,0,0,0,0,3,11,0,2013-02-02,39,0,0,1,0,990000,0.125,0.2,Tua
675,675,6961,1974,S1,Menikah,26751000.0,2,0,2014-05-22,26,1000,1000,5000,0,3000,1000,1,1,0,2,8,0,0,0,0,0,0,3,11,0,2014-06-17,40,1,0,2,0,11000,0.25,0.1111111111111111,Tua
676,676,4673,1963,S3,Menikah,81300000.0,0,1,2012-10-30,17,1004000,12000,145000,32000,12000,36000,3,10,3,5,5,0,0,0,1,0,0,3,11,1,2012-11-16,51,1,0,1,1,1241000,0.14285714285714285,0.6666666666666666,Tua
677,677,9937,1979,S1,Lajang,70337000.0,0,0,2014-01-02,75,187000,81000,149000,25000,43000,91000,1,2,2,12,1,0,0,0,0,0,0,3,11,0,2014-03-18,35,0,0,0,0,576000,0.058823529411764705,0.6666666666666666,Tua
678,678,8779,1985,D3,Menikah,36145000.0,1,0,2013-06-16,13,56000,4000,76000,17000,1000,18000,4,4,1,3,9,1,0,0,0,0,0,3,11,1,2013-06-29,29,1,0,1,1,172000,0.3333333333333333,0.3076923076923077,Muda
679,679,9596,1980,S3,Lajang,65295000.0,0,0,2013-12-23,19,365000,32000,117000,34000,110000,6000,1,3,3,13,2,0,0,0,0,0,0,3,11,0,2014-01-11,34,0,0,0,0,664000,0.05,0.6,Tua
680,680,2891,1963,S1,Cerai,68118000.0,0,1,2013-10-18,51,595000,23000,123000,10000,23000,154000,2,8,9,4,6,0,0,0,0,0,0,3,11,0,2013-12-08,51,0,0,1,0,928000,0.08695652173913043,0.5714285714285714,Tua
681,681,4910,1967,S1,Cerai,68743000.0,0,0,2012-08-30,81,1132000,134000,384000,175000,134000,115000,1,11,5,13,7,0,0,0,0,0,0,3,11,0,2012-11-19,47,0,0,0,0,2074000,0.03333333333333333,0.6111111111111112,Tua
682,682,75,1982,D3,Bertunangan,41039000.0,0,0,2013-07-25,32,34000,11000,137000,179000,61000,45000,1,8,1,5,8,0,0,0,0,0,0,3,11,0,2013-08-26,32,1,0,0,0,467000,0.06666666666666667,0.5,Tua
683,683,10120,1955,S1,Bertunangan,38946000.0,0,1,2013-10-24,84,116000,6000,82000,6000,6000,41000,2,3,1,6,5,0,0,0,0,0,0,3,11,0,2014-01-16,59,1,0,1,0,257000,0.16666666666666666,0.375,Lansia
684,684,6327,1967,S1,Bertunangan,65777000.0,0,0,2013-12-19,87,565000,32000,435000,28000,32000,54000,1,2,8,6,1,0,0,0,0,0,0,3,11,0,2014-03-16,47,1,0,0,0,1146000,0.058823529411764705,0.6666666666666666,Tua
685,685,10142,1976,S3,Cerai,66476000.0,0,1,2013-03-07,99,372000,18000,126000,47000,48000,78000,2,5,2,11,4,0,0,0,0,0,0,3,11,0,2013-06-14,38,0,0,1,0,689000,0.1,0.5555555555555556,Tua
686,686,9826,1972,S3,Lajang,86857000.0,0,0,2012-09-12,96,899000,102000,838000,133000,102000,40000,1,5,6,10,2,0,0,0,0,0,0,3,11,1,2012-12-17,42,0,0,0,0,2114000,0.045454545454545456,0.7142857142857143,Tua
688,688,10767,1989,S3,Bertunangan,77845000.0,0,0,2014-05-16,40,760000,40000,480000,0,40000,26000,1,3,5,12,1,0,0,1,1,0,0,3,11,0,2014-06-25,25,1,0,0,2,1346000,0.047619047619047616,0.75,Muda
689,689,7279,1969,S3,Bertunangan,69476000.0,0,0,2013-09-30,3,260000,86000,559000,63000,9000,67000,1,4,6,4,2,0,0,0,0,0,0,3,11,0,2013-10-03,45,1,0,0,0,1044000,0.06666666666666667,0.6666666666666666,Tua
690,690,7230,1960,S3,Cerai,50611000.0,0,1,2012-10-04,98,459000,0,24000,6000,0,4000,6,4,5,7,6,0,1,0,0,0,0,3,11,1,2013-01-10,54,0,0,1,1,493000,0.2727272727272727,0.4,Tua
691,691,143,1970,S1,Lajang,61209000.0,0,0,2013-08-25,73,466000,0,224000,119000,49000,99000,1,5,3,4,2,0,0,0,0,0,0,3,11,0,2013-11-06,44,0,0,0,0,957000,0.07692307692307693,0.7142857142857143,Tua
692,692,450,1958,S2,Bertunangan,42315000.0,0,1,2013-07-12,90,67000,15000,80000,17000,11000,80000,3,1,4,4,3,0,0,0,0,0,0,3,11,0,2013-10-10,56,1,0,1,0,270000,0.25,0.25,Lansia
693,693,9316,1952,SMA,Bertunangan,13084000.0,0,0,2013-11-02,29,2000,0,7000,3000,7000,10000,1,1,0,3,6,0,0,0,0,0,0,3,11,0,2013-12-01,62,1,1,0,0,29000,0.2,0.14285714285714285,Lansia
694,694,6379,1949,S2,Janda,47570000.0,1,1,2013-05-29,3,67000,1000,20000,0,2000,31000,3,2,2,2,7,0,0,0,0,0,0,3,11,1,2013-06-01,65,0,0,2,0,121000,0.3333333333333333,0.2222222222222222,Lansia
695,695,9239,1961,S2,Menikah,61923000.0,0,2,2013-07-26,94,92000,4000,18000,3000,3000,6000,1,2,1,4,3,0,0,0,0,0,0,3,11,0,2013-10-28,53,1,0,2,0,126000,0.125,0.4,Tua
696,696,8315,1995,S1,Lajang,34824000.0,0,0,2014-03-26,65,4000,2000,11000,2000,0,4000,1,1,0,2,6,0,0,0,0,0,0,3,11,0,2014-05-30,19,0,0,0,0,23000,0.25,0.14285714285714285,Muda
697,697,2868,1949,S3,Lajang,26518000.0,1,1,2013-04-08,33,20000,1000,28000,3000,3000,2000,3,2,0,3,8,0,0,0,0,0,0,3,11,1,2013-05-11,65,0,0,2,0,57000,0.375,0.2,Lansia
698,698,10888,1961,S1,Lajang,45938000.0,0,0,2013-11-03,46,273000,11000,178000,62000,83000,29000,2,8,4,6,6,0,0,0,0,0,0,3,11,0,2013-12-19,53,0,0,0,0,636000,0.1,0.5714285714285714,Tua
699,699,1277,1960,S1,Bertunangan,78468000.0,0,0,2014-04-09,29,434000,22000,388000,104000,22000,34000,1,10,7,10,4,0,0,0,1,0,0,3,11,0,2014-05-08,54,1,0,0,1,1004000,0.03571428571428571,0.7142857142857143,Tua
700,700,9977,1973,S1,Cerai,78901000.0,0,1,2013-09-17,99,321000,11000,309000,33000,26000,34000,3,9,3,5,4,0,0,0,0,0,0,3,11,0,2013-12-25,41,0,0,1,0,734000,0.15,0.6923076923076923,Tua
701,701,10196,1978,S1,Menikah,71427000.0,2,0,2014-03-12,26,212000,123000,177000,15000,64000,23000,2,8,2,8,4,0,0,0,0,0,0,3,11,0,2014-04-07,36,1,0,2,0,614000,0.1,0.6666666666666666,Tua
702,702,6384,1978,S1,Cerai,71022000.0,0,1,2014-02-11,30,909000,12000,278000,0,12000,242000,3,5,2,11,8,1,0,0,0,0,0,3,11,0,2014-03-13,36,0,0,1,1,1453000,0.14285714285714285,0.38461538461538464,Tua
703,703,8029,1988,S2,Lajang,90247000.0,0,0,2014-04-29,27,1184000,32000,352000,21000,16000,16000,1,3,4,7,1,0,1,1,1,0,0,3,11,1,2014-05-26,26,0,0,0,3,1621000,0.06666666666666667,0.75,Muda
704,704,968,1968,S2,Cerai,41335000.0,1,0,2013-12-26,24,112000,19000,21000,16000,14000,5000,3,4,1,4,7,0,0,0,0,0,0,3,11,0,2014-01-19,46,0,0,1,0,187000,0.25,0.36363636363636365,Tua
705,705,6988,1986,S1,Menikah,71952000.0,1,0,2013-01-10,93,656000,80000,455000,52000,107000,93000,2,8,4,8,4,1,0,1,0,0,0,3,11,0,2013-04-13,28,1,0,1,2,1443000,0.09090909090909091,0.6666666666666666,Muda
706,706,4472,1970,S3,Cerai,35682000.0,1,0,2014-06-27,34,23000,0,8000,6000,2000,18000,1,1,1,3,2,0,0,0,0,0,0,3,11,0,2014-07-31,44,0,0,1,0,57000,0.16666666666666666,0.3333333333333333,Tua
707,707,6991,1951,S1,Cerai,43185000.0,0,1,2013-04-10,88,537000,6000,42000,16000,6000,30000,2,9,3,6,8,0,0,0,0,0,0,3,11,0,2013-07-07,63,0,0,1,0,637000,0.1,0.5294117647058824,Lansia
708,708,3336,1948,S3,Bertunangan,66375000.0,0,1,2013-11-21,96,712000,0,45000,0,0,191000,3,2,4,5,7,1,0,0,0,0,0,3,11,0,2014-02-25,66,1,0,1,1,948000,0.21428571428571427,0.2222222222222222,Lansia
709,709,4301,1971,S2,Menikah,35178000.0,1,0,2013-01-10,10,23000,1000,13000,2000,2000,18000,1,1,1,2,7,1,0,0,0,0,0,3,11,1,2013-01-20,43,1,0,1,1,59000,0.2,0.125,Tua
710,710,1940,1986,S1,Menikah,25252000.0,1,0,2013-07-12,26,1000,3000,4000,2000,2000,6000,1,1,0,2,8,0,0,0,0,0,0,3,11,0,2013-08-07,28,1,0,1,0,18000,0.25,0.1111111111111111,Muda
711,711,1272,1965,S2,Lajang,55250000.0,0,1,2012-10-21,49,664000,58000,83000,32000,0,66000,4,7,5,10,5,0,0,0,0,0,0,3,11,0,2012-12-09,49,0,0,1,0,903000,0.15384615384615385,0.5833333333333334,Tua
712,712,1388,1975,S1,Lajang,33249000.0,1,0,2013-02-20,11,6000,10000,21000,19000,14000,42000,2,2,1,3,6,0,0,0,0,0,0,3,11,0,2013-03-03,39,0,0,1,0,112000,0.25,0.25,Tua
713,713,1044,1953,S1,Bertunangan,58398000.0,0,0,2013-05-14,44,299000,5000,201000,21000,21000,49000,3,5,4,8,4,0,0,0,0,0,0,3,11,0,2013-06-27,61,1,0,0,0,596000,0.15,0.5555555555555556,Lansia
714,714,6969,1982,S1,Bertunangan,50272000.0,1,0,2013-08-07,75,99000,13000,66000,43000,8000,4000,3,4,1,5,7,0,0,0,0,0,0,3,11,0,2013-10-21,32,1,0,1,0,233000,0.23076923076923078,0.36363636363636365,Tua
715,715,10479,1975,S3,Menikah,76618000.0,0,0,2012-12-07,64,749000,40000,294000,121000,160000,147000,1,3,2,5,1,0,0,0,0,0,0,3,11,0,2013-02-09,39,1,0,0,0,1511000,0.09090909090909091,0.75,Tua
716,716,3619,1960,D3,Cerai,87305000.0,0,0,2012-09-23,19,345000,25000,501000,63000,138000,80000,1,5,3,8,2,0,0,1,0,0,0,3,11,1,2012-10-12,54,0,0,0,1,1152000,0.058823529411764705,0.7142857142857143,Tua
717,717,1715,1978,S1,Bertunangan,25851000.0,1,0,2013-02-11,45,9000,4000,18000,7000,5000,5000,2,2,0,3,7,0,0,0,0,0,0,3,11,0,2013-03-28,36,1,0,1,0,48000,0.2857142857142857,0.2222222222222222,Tua
718,718,10159,1970,S1,Cerai,58710000.0,0,1,2013-03-31,77,440000,81000,368000,0,122000,174000,6,11,5,9,6,0,0,0,0,0,0,3,11,0,2013-06-16,44,0,0,1,0,1185000,0.1935483870967742,0.6470588235294118,Tua
719,719,1463,1958,S1,Lajang,45160000.0,1,1,2014-03-29,9,8000,2000,5000,3000,0,3000,1,1,0,2,7,0,0,0,0,0,0,3,11,0,2014-04-07,56,0,0,2,0,21000,0.25,0.125,Lansia
720,720,5114,1965,S2,Menikah,74806000.0,0,1,2012-12-19,1,670000,9000,249000,0,28000,9000,2,5,4,5,4,0,0,0,0,0,0,3,11,0,2012-12-20,49,1,0,1,0,965000,0.125,0.5555555555555556,Tua
721,721,4990,1954,S1,Menikah,59111000.0,0,0,2013-05-02,90,524000,0,134000,28000,28000,155000,1,11,1,8,7,0,0,0,0,0,0,3,11,0,2013-07-31,60,1,0,0,0,869000,0.047619047619047616,0.6111111111111112,Lansia
722,722,4329,1984,S3,Menikah,18988000.0,1,0,2014-05-23,43,6000,0,6000,2000,1000,1000,2,1,0,3,7,0,0,0,0,0,0,3,11,0,2014-07-05,30,1,0,1,0,16000,0.3333333333333333,0.125,Muda
723,723,10936,1965,S1,Menikah,72190000.0,0,0,2013-02-13,79,597000,166000,597000,172000,166000,249000,1,5,6,4,3,0,0,0,0,0,0,3,11,0,2013-05-03,49,1,0,0,0,1947000,0.0625,0.625,Tua
724,724,4692,1976,S1,Menikah,7500000.0,1,0,2012-08-01,19,7000,0,12000,13000,7000,32000,5,4,1,2,9,1,0,0,0,0,0,3,11,1,2012-08-20,38,1,0,1,1,71000,0.4166666666666667,0.3076923076923077,Tua
725,725,7212,1966,S1,Menikah,44794000.0,0,1,2014-06-08,99,54000,0,7000,0,0,4000,1,2,0,3,6,0,0,0,0,0,0,3,11,0,2014-09-15,48,1,0,1,0,65000,0.16666666666666666,0.25,Tua
726,726,6086,1955,S1,Menikah,80395000.0,0,0,2013-11-23,62,445000,25000,706000,80000,76000,48000,1,6,5,12,2,0,0,0,1,0,0,3,11,0,2014-01-24,59,1,0,0,1,1380000,0.041666666666666664,0.75,Lansia
727,727,437,1976,S2,Cerai,75012000.0,0,0,2014-01-25,41,294000,142000,218000,164000,58000,151000,1,3,8,11,1,0,0,0,0,0,0,3,11,0,2014-03-07,38,0,0,0,0,1027000,0.043478260869565216,0.75,Tua
728,728,11171,1965,S2,Menikah,56962000.0,2,1,2013-10-11,60,292000,3000,77000,10000,3000,26000,7,6,3,5,7,0,0,0,0,0,0,3,11,0,2013-12-10,49,1,0,3,0,411000,0.3333333333333333,0.46153846153846156,Tua
729,729,11101,1991,S1,Bertunangan,89891000.0,0,0,2013-04-15,17,412000,22000,132000,59000,28000,183000,1,11,6,8,4,0,0,1,0,0,0,3,11,0,2013-05-02,23,1,0,0,1,836000,0.038461538461538464,0.7333333333333333,Muda
730,730,5329,1949,S3,Cerai,35946000.0,1,1,2013-09-27,24,8000,0,3000,0,0,0,1,0,0,3,5,0,0,0,0,0,0,3,11,0,2013-10-21,65,0,0,2,0,11000,0.25,0.0,Lansia
731,731,610,1953,S3,Bertunangan,53593000.0,1,1,2012-08-07,60,349000,4000,78000,6000,0,43000,8,7,2,6,8,0,0,0,0,0,0,3,11,0,2012-10-06,61,1,0,2,0,480000,0.34782608695652173,0.4666666666666667,Lansia
732,732,9384,1978,S1,Menikah,66373000.0,1,1,2013-06-12,57,328000,9000,124000,12000,24000,109000,7,4,2,10,3,0,0,0,0,0,0,3,11,0,2013-08-08,36,1,0,2,0,606000,0.30434782608695654,0.5714285714285714,Tua
733,733,5956,1948,S3,Cerai,45072000.0,1,2,2013-10-16,74,144000,2000,99000,7000,2000,30000,5,6,1,4,8,0,0,0,0,0,0,3,11,0,2013-12-29,66,0,0,3,0,284000,0.3125,0.42857142857142855,Lansia
734,734,10430,1973,S1,Cerai,89694000.0,1,1,2013-10-09,22,1126000,28000,211000,37000,28000,42000,3,4,3,4,5,0,1,1,1,0,0,3,11,0,2013-10-31,41,0,0,2,3,1472000,0.21428571428571427,0.4444444444444444,Tua
735,735,7875,1949,S1,Menikah,72025000.0,0,0,2014-04-29,46,967000,0,617000,43000,50000,0,1,4,8,13,2,0,1,1,1,0,0,3,11,1,2014-06-14,65,1,0,0,3,1677000,0.038461538461538464,0.6666666666666666,Lansia
736,736,7072,1973,S1,Menikah,67432000.0,0,1,2013-03-29,69,432000,79000,341000,177000,136000,170000,2,8,5,4,4,0,0,0,0,0,0,3,11,0,2013-06-06,41,1,0,1,0,1335000,0.10526315789473684,0.6666666666666666,Tua
737,737,6255,1952,S2,Bertunangan,70545000.0,0,1,2014-06-03,29,138000,39000,63000,55000,18000,21000,1,4,1,7,2,0,0,0,0,0,0,3,11,0,2014-07-02,62,1,0,1,0,334000,0.07692307692307693,0.6666666666666666,Lansia
738,738,6516,1989,SMA,Menikah,17487000.0,1,0,2013-03-18,37,0,0,1000,7000,4000,6000,1,1,0,2,7,0,0,0,0,0,0,3,11,0,2013-04-24,25,1,1,1,0,18000,0.25,0.125,Muda
739,739,5564,1969,S1,Bertunangan,62882000.0,0,1,2012-08-09,26,509000,133000,497000,78000,24000,97000,2,7,5,6,4,0,0,0,0,0,0,3,11,0,2012-09-04,45,1,0,1,0,1338000,0.1,0.6363636363636364,Tua
740,740,5682,1953,S3,Lajang,64108000.0,0,1,2013-03-23,8,948000,10000,86000,13000,21000,21000,4,6,9,11,5,0,0,0,0,0,0,3,11,0,2013-03-31,61,0,0,1,0,1099000,0.13333333333333333,0.5454545454545454,Lansia
741,741,7458,1956,S2,Bertunangan,34941000.0,1,1,2013-03-06,26,39000,2000,25000,4000,3000,24000,2,3,0,3,8,0,0,0,0,0,0,3,11,0,2013-04-01,58,1,0,2,0,97000,0.25,0.2727272727272727,Lansia
742,742,5237,1950,S3,Lajang,48767000.0,1,2,2014-01-01,79,28000,1000,21000,3000,0,10000,3,2,1,3,5,0,0,0,0,0,0,3,11,0,2014-03-21,64,0,0,3,0,63000,0.3333333333333333,0.2857142857142857,Lansia
743,743,7761,1978,D3,Bertunangan,38702000.0,1,0,2013-08-01,71,13000,11000,24000,13000,8000,40000,2,3,0,4,6,0,0,0,0,0,0,3,11,0,2013-10-11,36,1,0,1,0,109000,0.2222222222222222,0.3333333333333333,Tua
744,744,5278,1964,S1,Menikah,82224000.0,0,0,2014-01-25,83,307000,26000,360000,138000,31000,40000,1,6,9,5,3,0,0,0,1,0,0,3,11,0,2014-04-18,50,1,0,0,1,902000,0.047619047619047616,0.6666666666666666,Tua
745,745,3560,1952,S1,Bertunangan,83844000.0,0,0,2013-05-12,57,901000,31000,345000,75000,31000,191000,1,4,4,11,1,0,0,1,0,0,0,3,11,0,2013-07-08,62,1,0,0,1,1574000,0.05,0.8,Lansia
746,746,7235,1975,D3,Menikah,17003000.0,1,0,2013-12-09,37,2000,5000,12000,4000,8000,7000,3,2,0,4,5,0,0,0,0,0,0,3,11,0,2014-01-15,39,1,0,1,0,38000,0.3333333333333333,0.2857142857142857,Tua
747,747,10548,1995,S1,Lajang,71163000.0,0,0,2014-03-09,30,283000,17000,372000,138000,106000,44000,1,3,8,12,1,0,0,0,0,0,0,3,11,0,2014-04-08,19,0,0,0,0,960000,0.041666666666666664,0.75,Muda
748,748,2281,1970,S1,Lajang,33697000.0,1,0,2013-09-15,34,4000,3000,7000,0,3000,11000,1,1,0,2,7,1,0,0,0,0,0,3,11,0,2013-10-19,44,0,0,1,1,28000,0.25,0.125,Tua
749,749,4073,1954,D3,Menikah,63564000.0,0,0,2014-01-29,0,769000,80000,252000,15000,34000,65000,1,10,10,7,6,1,0,0,0,0,0,3,11,1,2014-01-29,60,1,0,0,1,1215000,0.03571428571428571,0.625,Lansia
750,750,6974,1972,S3,Bertunangan,83443000.0,0,0,2013-12-31,89,518000,42000,742000,55000,56000,84000,1,6,10,5,2,0,0,0,0,0,0,3,11,0,2014-03-30,42,1,0,0,0,1497000,0.045454545454545456,0.75,Tua
751,751,7938,1958,S3,Bertunangan,51518000.0,0,1,2013-10-03,92,350000,8000,66000,17000,4000,4000,2,3,2,10,3,0,0,0,0,0,0,3,11,0,2014-01-03,56,1,0,1,0,449000,0.11764705882352941,0.5,Lansia
752,752,7094,1975,S1,Janda,58330000.0,0,1,2013-12-25,87,445000,53000,213000,104000,98000,151000,1,6,4,13,4,0,0,0,0,0,0,3,11,0,2014-03-22,39,0,0,1,0,1064000,0.041666666666666664,0.6,Tua
753,753,3667,1969,S1,Menikah,80952000.0,0,0,2013-02-28,20,778000,178000,689000,41000,27000,44000,1,8,5,11,8,0,1,1,1,0,0,3,11,1,2013-03-20,45,1,0,0,3,1757000,0.04,0.5,Tua
754,754,7723,1979,S1,Bertunangan,75507000.0,0,0,2014-05-02,56,709000,93000,374000,104000,80000,80000,1,8,6,6,3,0,0,0,0,0,0,3,11,0,2014-06-27,35,1,0,0,0,1440000,0.047619047619047616,0.7272727272727273,Tua
755,755,3870,1978,D3,Bertunangan,63855000.0,0,0,2013-02-09,28,359000,35000,314000,93000,116000,89000,1,7,3,13,4,0,0,0,0,0,0,3,11,0,2013-03-09,36,1,0,0,0,1006000,0.041666666666666664,0.6363636363636364,Tua
756,756,4012,1972,S3,Bertunangan,62220000.0,0,1,2012-08-11,55,799000,12000,375000,16000,12000,12000,5,7,6,5,6,0,0,0,0,0,0,3,11,1,2012-10-05,42,1,0,1,0,1226000,0.21739130434782608,0.5384615384615384,Tua
757,757,5909,1964,S1,Menikah,58512000.0,0,1,2013-09-19,25,895000,10000,101000,13000,0,152000,5,3,4,8,8,0,0,0,0,0,0,3,11,0,2013-10-14,50,1,0,1,0,1171000,0.25,0.2727272727272727,Tua
758,758,10470,1979,S2,Menikah,40662000.0,1,0,2013-03-15,0,40000,2000,23000,0,4000,23000,2,2,1,3,4,0,0,0,0,0,0,3,11,0,2013-03-15,35,1,0,1,0,92000,0.25,0.3333333333333333,Tua
759,759,6488,1959,S3,Menikah,38829000.0,0,1,2014-04-06,86,76000,0,7000,0,0,16000,1,3,2,2,5,0,0,0,0,0,0,3,11,0,2014-07-01,55,1,0,1,0,99000,0.125,0.375,Tua
760,760,10270,1981,D3,Menikah,35523000.0,1,0,2013-10-03,8,11000,5000,22000,12000,5000,11000,2,3,0,3,7,0,0,0,0,0,0,3,11,0,2013-10-11,33,1,0,1,0,66000,0.25,0.3,Tua
761,761,6887,1967,S1,Lajang,79146000.0,1,1,2014-04-24,33,245000,16000,223000,21000,43000,16000,2,8,1,8,6,0,0,0,0,0,0,3,11,0,2014-05-27,47,0,0,2,0,564000,0.10526315789473684,0.5714285714285714,Tua
762,762,6406,1988,S2,Menikah,78285000.0,0,0,2013-10-28,13,647000,107000,391000,175000,67000,40000,1,6,4,10,3,0,0,0,0,0,0,3,11,0,2013-11-10,26,1,0,0,0,1427000,0.047619047619047616,0.6666666666666666,Muda
763,763,7573,1978,S3,Lajang,31626000.0,1,0,2013-05-10,12,39000,1000,9000,2000,1000,34000,1,2,1,2,7,1,0,0,0,0,0,3,11,1,2013-05-22,36,0,0,1,1,86000,0.16666666666666666,0.2222222222222222,Tua
764,764,4508,1952,S1,Lajang,75127000.0,0,0,2014-05-22,92,203000,35000,305000,46000,17000,227000,1,2,11,5,1,0,0,0,0,0,0,3,11,0,2014-08-22,62,0,0,0,0,833000,0.05263157894736842,0.6666666666666666,Lansia
765,765,221,1955,S1,Menikah,48726000.0,0,1,2013-04-27,90,138000,3000,38000,4000,0,59000,3,3,2,4,6,0,0,0,0,0,0,3,11,0,2013-07-26,59,1,0,1,0,242000,0.25,0.3333333333333333,Lansia
766,766,5331,1977,S1,Menikah,74985000.0,0,0,2012-09-11,8,587000,51000,898000,247000,0,86000,1,3,6,7,2,0,0,0,0,0,0,3,11,0,2012-09-19,37,1,0,0,0,1869000,0.058823529411764705,0.6,Tua
767,767,1911,1987,S1,Bertunangan,67430000.0,0,0,2012-09-05,6,595000,97000,291000,127000,133000,121000,1,11,5,12,6,0,0,0,0,0,0,3,11,0,2012-09-11,27,1,0,0,0,1364000,0.034482758620689655,0.6470588235294118,Muda
768,768,20,1965,D3,Menikah,46891000.0,0,1,2013-09-01,91,43000,12000,23000,29000,15000,61000,1,2,1,4,4,0,0,0,0,0,0,3,11,0,2013-12-01,49,1,0,1,0,183000,0.125,0.3333333333333333,Tua
769,769,8786,1956,S2,Menikah,62058000.0,0,1,2013-05-26,52,301000,7000,74000,10000,0,58000,4,6,1,7,6,0,0,0,0,0,0,3,11,0,2013-07-17,58,1,0,1,0,450000,0.2222222222222222,0.5,Lansia
770,770,10582,1979,S1,Menikah,72063000.0,0,1,2013-07-03,3,180000,32000,348000,76000,32000,90000,2,5,2,12,2,0,0,0,0,0,0,3,11,0,2013-07-06,35,1,0,1,0,758000,0.09523809523809523,0.7142857142857143,Tua
771,771,1915,1951,S3,Menikah,78939000.0,0,0,2013-12-12,57,794000,115000,243000,150000,0,205000,1,8,5,6,3,0,0,0,0,0,0,3,11,0,2014-02-07,63,1,0,0,0,1507000,0.05,0.7272727272727273,Lansia
772,772,8897,1965,S1,Lajang,42720000.0,1,1,2013-04-24,9,392000,5000,91000,28000,26000,112000,8,7,3,7,8,0,0,0,0,0,0,3,11,1,2013-05-03,49,0,0,2,0,654000,0.32,0.4666666666666667,Tua
773,773,2371,1972,S1,Menikah,33622000.0,1,1,2013-04-13,22,39000,1000,22000,3000,4000,12000,3,2,0,4,7,0,0,0,0,0,0,3,11,0,2013-05-05,42,1,0,2,0,81000,0.3333333333333333,0.2222222222222222,Tua
774,774,4303,1957,S3,Bertunangan,6835000.0,0,1,2012-12-08,76,107000,2000,12000,2000,2000,12000,0,0,0,1,20,0,0,0,0,0,0,3,11,0,2013-02-22,57,1,0,1,0,137000,0.0,0.0,Lansia
775,775,6825,1953,S1,Bertunangan,41452000.0,1,1,2013-03-06,86,13000,0,3000,0,0,0,1,1,0,2,7,0,0,0,0,0,0,3,11,0,2013-05-31,61,1,0,2,0,16000,0.25,0.125,Lansia
776,776,1072,1965,S3,Lajang,40760000.0,0,1,2013-08-30,64,70000,0,17000,0,0,6000,2,2,1,3,6,0,0,0,0,0,0,3,11,0,2013-11-02,49,0,0,1,0,93000,0.25,0.25,Tua
777,777,4964,1958,S3,Bertunangan,74250000.0,0,0,2014-01-26,90,680000,11000,392000,75000,0,0,1,2,11,4,1,0,0,0,0,0,0,3,11,0,2014-04-26,56,1,0,0,0,1158000,0.05555555555555555,0.6666666666666666,Lansia
778,778,2461,1955,S2,Lajang,51124000.0,1,1,2013-12-18,79,26000,1000,11000,0,1000,4000,2,1,0,3,3,0,0,0,0,0,0,3,11,0,2014-03-07,59,0,0,2,0,43000,0.3333333333333333,0.25,Lansia
779,779,10736,1971,S1,Lajang,72258000.0,0,1,2013-09-12,28,522000,0,522000,227000,120000,134000,2,6,9,5,2,0,0,0,0,0,0,3,11,0,2013-10-10,43,0,0,1,0,1525000,0.09090909090909091,0.75,Tua
780,780,3194,1974,S3,Lajang,71466000.0,0,0,2014-04-05,86,412000,12000,546000,78000,182000,0,1,4,4,10,1,0,0,0,0,0,0,3,11,0,2014-06-30,40,0,0,0,0,1230000,0.05263157894736842,0.8,Tua
781,781,10839,1976,S1,Bertunangan,36283000.0,1,1,2014-04-14,42,6000,5000,5000,8000,0,5000,2,1,0,3,4,0,0,0,0,0,0,3,11,0,2014-05-26,38,1,0,2,0,29000,0.3333333333333333,0.2,Tua
782,782,49,1970,S1,Lajang,20587000.0,1,0,2014-05-11,39,2000,3000,6000,4000,1000,9000,1,1,1,2,7,0,0,0,0,0,0,3,11,0,2014-06-19,44,0,0,1,0,25000,0.2,0.125,Tua
783,783,4290,1972,S1,Menikah,30467000.0,1,0,2014-03-19,8,1000,3000,8000,2000,5000,5000,1,1,0,2,7,0,0,0,0,0,0,3,11,0,2014-03-27,42,1,0,1,0,24000,0.25,0.125,Tua
784,784,10219,1972,S1,Bertunangan,31590000.0,1,0,2013-06-18,40,6000,2000,15000,6000,6000,3000,1,1,0,3,8,0,0,0,0,0,0,3,11,0,2013-07-28,42,1,0,1,0,38000,0.2,0.1111111111111111,Tua
785,785,4211,1986,SMA,Menikah,20425000.0,1,0,2012-10-29,5,4000,12000,5000,3000,16000,17000,2,2,0,3,7,0,0,0,0,0,0,3,11,0,2012-11-03,28,1,1,1,0,57000,0.2857142857142857,0.2222222222222222,Muda
786,786,1135,1960,S2,Bertunangan,17144000.0,1,1,2014-02-15,96,18000,2000,19000,0,2000,6000,5,3,0,4,7,0,0,0,0,0,0,3,11,0,2014-05-22,54,1,0,2,0,47000,0.4166666666666667,0.3,Tua
787,787,6299,1968,S3,Cerai,42564000.0,0,1,2013-01-02,28,324000,48000,186000,39000,18000,198000,6,6,8,4,7,1,0,0,0,0,0,3,11,1,2013-01-30,46,0,0,1,1,813000,0.25,0.46153846153846156,Tua
788,788,10846,1978,S2,Menikah,43783000.0,1,0,2014-05-29,22,327000,9000,125000,25000,4000,139000,6,7,1,8,7,1,0,0,0,0,0,3,11,0,2014-06-20,36,1,0,1,1,629000,0.2727272727272727,0.5,Tua
789,789,347,1976,S1,Cerai,40780000.0,0,1,2012-09-08,30,229000,27000,71000,13000,3000,34000,4,7,1,5,9,0,0,0,0,0,0,3,11,0,2012-10-08,38,0,0,1,0,377000,0.23529411764705882,0.4375,Tua
790,790,6543,1945,S2,Bertunangan,62847000.0,0,0,2013-01-15,45,521000,168000,706000,80000,76000,61000,1,3,6,4,2,0,0,0,0,0,0,3,11,0,2013-03-01,69,1,0,0,0,1612000,0.07142857142857142,0.6,Lansia
791,791,10446,1957,S3,Menikah,82017000.0,0,0,2012-11-07,58,184000,23000,446000,30000,23000,23000,1,5,4,7,2,0,1,1,1,0,0,3,11,1,2013-01-04,57,1,0,0,3,729000,0.058823529411764705,0.7142857142857143,Lansia
792,792,3479,1950,S1,Lajang,16813000.0,0,0,2013-07-19,49,4000,8000,11000,12000,2000,13000,1,2,0,3,7,1,0,0,0,0,0,3,11,0,2013-09-06,64,0,0,0,1,50000,0.16666666666666666,0.2222222222222222,Lansia
793,793,11075,1978,S1,Menikah,51267000.0,1,1,2013-10-29,37,183000,2000,64000,7000,2000,12000,4,3,3,5,4,0,0,0,0,0,0,3,11,0,2013-12-05,36,1,0,2,0,270000,0.26666666666666666,0.42857142857142855,Tua
794,794,4442,1961,S1,Lajang,46524000.0,0,1,2013-04-05,70,31000,19000,35000,26000,14000,52000,2,1,1,5,3,0,0,0,0,0,0,3,11,0,2013-06-14,53,0,0,1,0,177000,0.2222222222222222,0.25,Tua
795,795,199,1962,S2,Lajang,45183000.0,0,0,2013-01-20,33,219000,3000,60000,12000,9000,12000,1,4,1,7,7,0,1,0,0,0,0,3,11,0,2013-02-22,52,0,0,0,1,315000,0.07692307692307693,0.36363636363636365,Tua
796,796,6722,1954,S3,Menikah,70421000.0,0,1,2014-06-28,98,479000,28000,136000,75000,14000,35000,3,10,3,7,6,0,0,0,0,0,0,3,11,0,2014-10-04,60,1,0,1,0,767000,0.13043478260869565,0.625,Lansia
797,797,796,1965,D3,Cerai,60161000.0,0,1,2012-10-23,17,584000,44000,212000,46000,8000,177000,3,11,4,8,8,0,0,0,0,0,0,3,11,0,2012-11-09,49,0,0,1,0,1071000,0.11538461538461539,0.5789473684210527,Tua
798,798,3749,1973,S1,Bertunangan,73926000.0,0,0,2013-03-02,54,627000,91000,597000,159000,91000,15000,1,6,5,12,3,0,0,0,0,0,0,3,11,0,2013-04-25,41,1,0,0,0,1580000,0.041666666666666664,0.6666666666666666,Tua
799,799,8523,1968,S1,Menikah,19329000.0,1,0,2013-12-14,39,24000,1000,16000,12000,2000,5000,3,4,0,3,8,0,0,0,0,0,0,3,11,0,2014-01-22,46,1,0,1,0,60000,0.3,0.3333333333333333,Tua
800,800,310,1970,S2,Menikah,61872000.0,0,1,2013-12-13,81,330000,5000,159000,36000,27000,16000,4,4,4,9,4,0,0,0,0,0,0,3,11,0,2014-03-04,44,1,0,1,0,573000,0.19047619047619047,0.5,Tua
801,801,8629,1956,S1,Janda,46984000.0,1,1,2013-03-26,71,19000,1000,10000,2000,1000,8000,1,1,0,3,5,0,0,0,0,0,0,3,11,0,2013-06-05,58,0,0,2,0,41000,0.2,0.16666666666666666,Lansia
802,802,236,1951,S1,Menikah,34838000.0,1,1,2013-01-19,62,28000,23000,29000,29000,14000,47000,3,2,1,4,6,0,0,0,0,0,0,3,11,0,2013-03-22,63,1,0,2,0,170000,0.3,0.25,Lansia
803,803,9930,1944,S3,Lajang,82716000.0,0,0,2013-11-05,8,606000,148000,228000,15000,148000,22000,1,6,8,13,2,0,0,0,0,0,0,3,11,0,2013-11-13,70,0,0,0,0,1167000,0.03571428571428571,0.75,Lansia
804,804,3483,1958,S1,Menikah,48192000.0,0,0,2013-04-06,76,1039000,43000,204000,153000,58000,29000,3,2,8,12,8,0,1,0,1,1,0,3,11,1,2013-06-21,56,1,0,0,3,1526000,0.12,0.2,Lansia
805,805,4599,1976,S2,Menikah,49681000.0,0,2,2013-11-04,66,411000,0,26000,0,0,21000,6,7,1,7,7,0,0,0,0,0,0,3,11,0,2014-01-09,38,1,0,2,0,458000,0.2857142857142857,0.5,Tua
806,806,7326,1971,S2,Menikah,56850000.0,0,1,2014-03-23,83,34000,1000,19000,2000,7000,0,1,1,1,3,2,0,0,0,0,0,0,3,11,0,2014-06-14,43,1,0,1,0,63000,0.16666666666666666,0.3333333333333333,Tua
807,807,7352,1957,S1,Menikah,55267000.0,0,1,2013-10-21,28,161000,28000,136000,32000,3000,45000,4,3,4,6,3,0,0,0,0,0,0,3,11,0,2013-11-18,57,1,0,1,0,405000,0.23529411764705882,0.5,Lansia
808,808,2350,1972,S1,Menikah,59666000.0,1,1,2013-03-22,87,623000,53000,178000,23000,17000,133000,7,3,2,8,8,0,1,0,0,0,0,3,11,0,2013-06-17,42,1,0,2,1,1027000,0.35,0.2727272727272727,Tua
809,809,9145,1972,S1,Lajang,72504000.0,0,1,2013-04-06,43,604000,26000,470000,123000,161000,94000,2,5,9,6,2,0,0,0,0,0,0,3,11,0,2013-05-19,42,0,0,1,0,1478000,0.09090909090909091,0.7142857142857143,Tua
810,810,2964,1981,S1,Menikah,26872000.0,0,0,2013-10-16,0,3000,10000,8000,3000,16000,32000,1,1,1,2,6,0,0,0,0,0,0,3,11,0,2013-10-16,33,1,0,0,0,72000,0.2,0.14285714285714285,Tua
811,811,5585,1972,S1,Lajang,21359000.0,1,0,2013-04-20,1,12000,2000,17000,6000,1000,10000,2,2,0,3,8,0,0,0,0,0,0,3,11,1,2013-04-21,42,0,0,1,0,48000,0.2857142857142857,0.2,Tua
812,812,9687,1975,S1,Lajang,73170000.0,0,0,2014-05-31,1,184000,174000,256000,50000,30000,32000,1,5,4,6,2,0,0,0,0,0,0,3,11,0,2014-06-01,39,0,0,0,0,726000,0.0625,0.7142857142857143,Tua
813,813,3732,1955,S2,Menikah,52750000.0,0,1,2013-02-04,72,393000,0,239000,90000,69000,69000,6,5,7,9,4,0,0,0,0,0,0,3,11,0,2013-04-17,59,1,0,1,0,860000,0.2222222222222222,0.5555555555555556,Lansia
814,814,6303,1986,S3,Bertunangan,91820000.0,0,0,2013-11-23,72,410000,73000,747000,76000,161000,30000,0,5,5,12,1,0,0,0,0,0,0,3,11,0,2014-02-03,28,1,0,0,0,1497000,0.0,0.8333333333333334,Muda
815,815,11176,1970,S3,Bertunangan,65968000.0,0,1,2014-05-12,12,376000,9000,83000,19000,4000,4000,2,5,4,7,3,0,0,0,0,0,0,3,11,0,2014-05-24,44,1,0,1,0,495000,0.1111111111111111,0.625,Tua
816,816,2986,1976,S1,Menikah,30772000.0,1,1,2014-03-12,89,7000,2000,4000,2000,1000,4000,1,1,0,2,6,0,0,0,0,0,0,3,11,0,2014-06-09,38,1,0,2,0,20000,0.25,0.14285714285714285,Tua
817,817,7462,1954,S1,Lajang,22507000.0,0,0,2012-11-24,67,68000,0,226000,51000,157000,68000,3,10,2,4,9,0,0,0,0,0,0,3,11,0,2013-01-30,60,0,0,0,0,570000,0.15789473684210525,0.5263157894736842,Lansia
818,818,3900,1972,S1,Menikah,65685000.0,0,1,2014-03-29,54,642000,14000,49000,0,7000,57000,1,9,2,9,5,0,0,0,0,0,0,3,11,0,2014-05-22,42,1,0,1,0,769000,0.047619047619047616,0.6428571428571429,Tua
819,819,7034,1978,D3,Menikah,25804000.0,1,0,2013-09-01,34,8000,7000,9000,13000,6000,12000,2,2,0,3,8,0,0,0,0,0,0,3,11,0,2013-10-05,36,1,0,1,0,55000,0.2857142857142857,0.2,Tua
820,820,9493,1980,S3,Lajang,76412000.0,0,0,2013-05-05,15,840000,53000,804000,23000,71000,17000,1,5,4,8,3,0,0,1,1,0,0,3,11,1,2013-05-20,34,0,0,0,2,1808000,0.05555555555555555,0.625,Tua
821,821,1143,1972,S1,Menikah,22063000.0,1,0,2013-08-08,43,7000,10000,13000,3000,11000,11000,2,2,0,3,7,0,0,0,0,0,0,3,11,0,2013-09-20,42,1,0,1,0,55000,0.2857142857142857,0.2222222222222222,Tua
822,822,1,1961,S1,Lajang,57091000.0,0,0,2014-06-15,0,464000,5000,64000,7000,0,37000,1,7,3,7,5,0,0,0,0,1,0,3,11,1,2014-06-15,53,0,0,0,1,577000,0.05555555555555555,0.5833333333333334,Tua
823,823,3855,1963,S1,Menikah,22419000.0,0,0,2013-04-18,74,30000,3000,47000,19000,21000,42000,1,3,2,2,8,0,0,0,0,0,0,3,11,0,2013-07-01,51,1,0,0,0,162000,0.125,0.2727272727272727,Tua
824,824,5536,1959,S1,Bertunangan,87771000.0,0,1,2013-05-22,61,1492000,38000,287000,50000,57000,33000,1,5,10,4,6,0,1,1,1,1,0,3,11,1,2013-07-22,55,1,0,1,4,1957000,0.05,0.45454545454545453,Tua
825,825,5989,1959,D3,Cerai,78353000.0,0,1,2013-04-16,51,752000,122000,476000,39000,153000,34000,1,10,2,11,8,0,0,0,0,0,0,3,11,0,2013-06-06,55,0,0,1,0,1576000,0.041666666666666664,0.5555555555555556,Tua
826,826,9499,1954,S1,Menikah,93404000.0,1,2,2013-05-07,97,1279000,15000,287000,20000,0,15000,3,3,4,7,5,0,1,1,0,0,0,3,11,0,2013-08-12,60,1,0,3,2,1616000,0.17647058823529413,0.375,Lansia
827,827,6768,1962,S1,Cerai,37859000.0,1,2,2013-01-12,75,22000,1000,8000,2000,1000,2000,2,1,0,3,8,0,0,0,0,0,0,3,11,0,2013-03-28,52,0,0,3,0,36000,0.3333333333333333,0.1111111111111111,Tua
828,828,2150,1958,S3,Janda,80995000.0,0,1,2013-05-11,83,860000,28000,409000,73000,56000,56000,1,8,9,4,4,0,0,0,0,0,0,3,11,0,2013-08-02,56,0,0,1,0,1482000,0.045454545454545456,0.6666666666666666,Lansia
829,829,6646,1984,S1,Bertunangan,16529000.0,1,0,2014-03-01,23,3000,0,5000,13000,0,1000,1,1,0,3,6,0,0,0,0,0,0,3,11,0,2014-03-24,30,1,0,1,0,22000,0.2,0.14285714285714285,Muda
830,830,4887,1976,S3,Cerai,55412000.0,1,1,2013-11-22,65,10000,5000,28000,11000,1000,8000,1,2,0,3,5,0,0,0,0,0,0,3,11,0,2014-01-26,38,0,0,2,0,63000,0.16666666666666666,0.2857142857142857,Tua
831,831,8560,1992,S1,Lajang,48789000.0,0,0,2012-09-10,94,351000,16000,156000,7000,5000,145000,1,6,4,7,6,0,0,0,0,0,0,3,11,0,2012-12-13,22,0,0,0,0,680000,0.05555555555555555,0.5,Muda
832,832,3321,1967,S3,Bertunangan,56575000.0,0,2,2013-05-05,42,421000,5000,90000,0,16000,10000,3,7,3,7,5,0,0,0,0,0,0,3,11,0,2013-06-16,47,1,0,2,0,542000,0.15,0.5833333333333334,Tua
833,833,11003,1980,D3,Bertunangan,25130000.0,1,0,2013-10-02,10,2000,5000,7000,0,18000,18000,2,2,0,3,7,0,0,0,0,0,0,3,11,0,2013-10-12,34,1,0,1,0,50000,0.2857142857142857,0.2222222222222222,Tua
834,834,10402,1967,S1,Menikah,35441000.0,1,1,2013-02-14,94,25000,1000,9000,2000,1000,1000,2,1,0,3,8,0,0,0,0,0,0,3,11,0,2013-05-19,47,1,0,2,0,39000,0.3333333333333333,0.1111111111111111,Tua
835,835,9904,1956,S1,Menikah,71391000.0,0,1,2013-03-29,50,336000,123000,274000,46000,123000,141000,5,6,5,12,3,0,0,0,0,0,0,3,11,0,2013-05-18,58,1,0,1,0,1043000,0.17857142857142858,0.6666666666666666,Lansia
836,836,6141,1972,S2,Lajang,49494000.0,1,0,2013-04-25,46,191000,9000,97000,0,6000,82000,2,6,1,5,7,0,0,0,0,0,0,3,11,0,2013-06-10,42,0,0,1,0,385000,0.14285714285714285,0.46153846153846156,Tua
837,837,5687,1980,S1,Cerai,81702000.0,0,0,2012-09-23,98,563000,50000,774000,28000,31000,187000,1,7,7,12,3,0,0,0,0,0,0,3,11,0,2012-12-30,34,0,0,0,0,1633000,0.037037037037037035,0.7,Tua
838,838,10856,1980,D3,Lajang,45889000.0,0,1,2013-07-02,42,31000,0,6000,0,1000,8000,1,1,0,3,6,0,0,0,0,0,0,3,11,0,2013-08-13,34,0,0,1,0,46000,0.2,0.14285714285714285,Tua
839,839,5121,1977,S1,Lajang,56628000.0,0,1,2014-03-21,30,479000,5000,82000,7000,17000,171000,2,7,6,5,5,1,0,0,0,0,0,3,11,0,2014-04-20,37,0,0,1,1,761000,0.1,0.5833333333333334,Tua
840,840,4186,1950,S1,Bertunangan,34026000.0,1,1,2013-08-05,11,18000,6000,15000,12000,8000,17000,3,2,1,3,5,0,0,0,0,0,0,3,11,0,2013-08-16,64,1,0,2,0,76000,0.3333333333333333,0.2857142857142857,Lansia
841,841,368,1974,S1,Menikah,40049000.0,0,1,2012-11-29,61,91000,65000,52000,10000,44000,28000,3,3,2,6,5,0,0,0,0,0,0,3,11,0,2013-01-29,40,1,0,1,0,290000,0.21428571428571427,0.375,Tua
842,842,3312,1988,S1,Lajang,34176000.0,1,0,2014-05-12,12,5000,7000,24000,19000,14000,20000,4,3,0,4,6,0,0,0,0,0,0,3,11,0,2014-05-24,26,0,0,1,0,89000,0.36363636363636365,0.3333333333333333,Muda
843,843,11121,1981,S1,Menikah,19419000.0,1,0,2012-11-10,76,2000,14000,28000,16000,3000,7000,4,4,0,3,9,0,0,0,0,0,0,3,11,0,2013-01-25,33,1,0,1,0,70000,0.36363636363636365,0.3076923076923077,Tua
844,844,5332,1960,D3,Menikah,82504000.0,0,0,2013-07-27,2,362000,50000,431000,134000,35000,54000,1,3,6,7,1,0,0,0,0,0,0,3,11,0,2013-07-29,54,1,0,0,0,1066000,0.058823529411764705,0.75,Tua
845,845,5848,1970,S1,Bertunangan,81205000.0,0,0,2014-01-13,43,724000,74000,929000,97000,55000,130000,1,5,6,7,2,1,0,1,0,1,0,3,11,1,2014-02-25,44,1,0,0,3,2009000,0.05263157894736842,0.7142857142857143,Tua
846,846,10343,1991,D3,Lajang,61618000.0,0,0,2012-09-29,27,605000,91000,399000,0,45000,205000,2,3,6,8,3,0,0,0,0,0,0,3,11,0,2012-10-26,23,0,0,0,0,1345000,0.10526315789473684,0.5,Muda
847,847,5935,1956,S2,Lajang,55284000.0,0,1,2012-12-24,60,547000,7000,140000,0,7000,63000,3,7,5,8,5,0,0,0,0,0,0,3,11,0,2013-02-22,58,0,0,1,0,764000,0.13043478260869565,0.5833333333333334,Lansia
848,848,2895,1963,S1,Lajang,49980000.0,0,1,2013-10-23,79,104000,1000,54000,13000,9000,14000,2,3,1,5,5,0,0,0,0,0,0,3,11,0,2014-01-10,51,0,0,1,0,195000,0.18181818181818182,0.375,Tua
849,849,10262,1980,S1,Menikah,15072000.0,2,0,2013-05-10,96,8000,2000,15000,0,10000,18000,4,3,1,3,5,0,0,0,0,0,0,3,11,0,2013-08-14,34,1,0,2,0,53000,0.36363636363636365,0.375,Tua
850,850,7848,1974,S1,Lajang,49166000.0,0,1,2013-06-13,17,224000,2000,25000,7000,0,110000,2,5,3,3,6,0,0,0,0,0,0,3,11,0,2013-06-30,40,0,0,1,0,368000,0.15384615384615385,0.45454545454545453,Tua
851,851,9477,1954,S3,Menikah,65324000.0,0,1,2014-01-11,0,384000,0,102000,21000,32000,5000,3,6,2,9,4,0,0,0,0,0,0,3,11,0,2014-01-11,60,1,0,1,0,544000,0.15,0.6,Lansia
852,852,4856,1957,D3,Menikah,82347000.0,0,0,2012-11-06,38,556000,54000,845000,202000,133000,63000,1,7,7,10,3,1,0,0,1,0,0,3,11,0,2012-12-14,57,1,0,0,2,1853000,0.04,0.7,Lansia
853,853,7186,1966,S3,Bertunangan,30843000.0,1,1,2014-05-26,43,24000,0,2000,0,0,9000,2,1,1,2,5,1,0,0,0,0,0,3,11,0,2014-07-08,48,1,0,2,1,35000,0.3333333333333333,0.16666666666666666,Tua
854,854,5794,1974,S3,Menikah,46374000.0,0,1,2014-03-17,1,408000,0,21000,0,0,17000,3,7,1,7,8,0,1,0,1,0,0,3,11,1,2014-03-18,40,1,0,1,2,446000,0.16666666666666666,0.4666666666666667,Tua
855,855,1456,1979,S1,Lajang,60474000.0,0,1,2013-04-01,25,265000,199000,303000,234000,9000,170000,7,10,2,12,7,0,0,0,0,0,0,3,11,0,2013-04-26,35,0,0,1,0,1180000,0.22580645161290322,0.5882352941176471,Tua
856,856,4877,1973,S2,Menikah,38576000.0,0,1,2014-03-04,2,34000,0,7000,0,0,0,1,1,0,3,7,0,0,0,0,0,0,3,11,0,2014-03-06,41,1,0,1,0,41000,0.2,0.125,Tua
857,857,425,1985,S1,Menikah,55357000.0,2,0,2013-02-19,66,374000,64000,116000,84000,25000,64000,3,6,2,11,5,0,0,0,0,0,0,3,11,0,2013-04-26,29,1,0,2,0,727000,0.13636363636363635,0.5454545454545454,Muda
858,858,3007,1966,S1,Bertunangan,37758000.0,1,1,2012-10-04,49,27000,2000,10000,0,0,1000,2,1,0,3,8,0,0,0,0,0,0,3,11,0,2012-11-22,48,1,0,2,0,40000,0.3333333333333333,0.1111111111111111,Tua
859,859,1031,1989,D3,Menikah,85710000.0,0,0,2013-05-05,5,600000,20000,350000,29000,30000,33000,1,6,9,10,2,0,0,1,0,0,0,3,11,0,2013-05-10,25,1,0,0,1,1062000,0.038461538461538464,0.75,Muda
860,860,4297,1969,S1,Bertunangan,23228000.0,1,0,2014-01-26,71,13000,2000,18000,6000,1000,0,2,2,0,3,8,0,0,0,0,0,0,3,11,0,2014-04-07,45,1,0,1,0,40000,0.2857142857142857,0.2,Tua
861,861,807,1969,S2,Bertunangan,44602000.0,1,1,2014-02-15,35,167000,2000,89000,0,0,34000,6,6,1,4,8,0,0,0,0,0,0,3,11,0,2014-03-22,45,1,0,2,0,292000,0.35294117647058826,0.42857142857142855,Tua
862,862,9553,1987,S1,Menikah,7500000.0,0,0,2013-01-09,94,0,2000,3000,4000,1000,5000,1,0,0,3,6,0,0,0,0,0,0,3,11,0,2013-04-13,27,1,0,0,0,15000,0.25,0.0,Muda
863,863,4271,1989,D3,Bertunangan,38683000.0,1,0,2012-10-04,80,46000,35000,69000,84000,41000,66000,6,4,1,6,7,0,0,0,0,0,0,3,11,0,2012-12-23,25,1,0,1,0,341000,0.35294117647058826,0.36363636363636365,Muda
864,864,4120,1975,D3,Lajang,49514000.0,1,0,2013-12-17,61,88000,39000,78000,58000,13000,93000,2,6,1,4,7,0,0,0,0,0,0,3,11,0,2014-02-16,39,0,0,1,0,369000,0.15384615384615385,0.46153846153846156,Tua
865,865,2036,1973,S3,Bertunangan,57906000.0,0,1,2013-06-11,29,243000,11000,119000,10000,3000,15000,3,4,2,8,4,0,0,0,0,0,0,3,11,0,2013-07-10,41,1,0,1,0,401000,0.17647058823529413,0.5,Tua
866,866,115,1966,S2,Lajang,43456000.0,0,1,2013-03-26,0,275000,11000,68000,25000,7000,7000,3,5,1,8,5,0,0,0,0,0,0,3,11,0,2013-03-26,48,0,0,1,0,393000,0.17647058823529413,0.5,Tua
867,867,4259,1986,S2,Lajang,19485000.0,2,0,2013-09-24,80,6000,0,4000,0,0,0,1,1,0,2,7,0,0,0,0,0,0,3,11,0,2013-12-13,28,0,0,2,0,10000,0.25,0.125,Muda
868,868,8687,1978,S1,Bertunangan,53172000.0,0,1,2013-05-06,54,121000,62000,90000,68000,20000,125000,3,2,3,8,3,0,0,0,0,0,0,3,11,0,2013-06-29,36,1,0,1,0,486000,0.1875,0.4,Tua
869,869,2447,1979,S1,Bertunangan,30545000.0,1,0,2012-10-17,71,4000,12000,15000,19000,7000,12000,2,2,0,3,7,0,0,0,0,0,0,3,11,0,2012-12-27,35,1,0,1,0,69000,0.2857142857142857,0.2222222222222222,Tua
870,870,10140,1983,S3,Bertunangan,70123000.0,0,0,2013-09-28,27,1308000,0,396000,23000,0,0,1,5,7,4,3,0,1,0,0,1,0,3,11,0,2013-10-25,31,1,0,0,2,1727000,0.058823529411764705,0.625,Tua
871,871,9353,1959,S1,Lajang,62450000.0,0,1,2014-01-06,61,515000,47000,267000,62000,66000,38000,2,5,5,4,3,0,1,0,0,0,0,3,11,0,2014-03-08,55,0,0,1,1,995000,0.125,0.625,Tua
872,872,3623,1976,S1,Bertunangan,21675000.0,1,0,2014-06-11,55,4000,0,16000,17000,4000,4000,3,4,0,3,7,0,0,0,0,0,0,3,11,0,2014-08-05,38,1,0,1,0,45000,0.3,0.36363636363636365,Tua
873,873,738,1981,D3,Lajang,42395000.0,1,1,2014-04-04,35,48000,13000,57000,24000,15000,25000,4,3,1,4,7,0,0,0,0,0,0,3,11,0,2014-05-09,33,0,0,2,0,182000,0.3333333333333333,0.3,Tua
874,874,7631,1978,S2,Bertunangan,61346000.0,1,0,2013-10-06,34,562000,58000,168000,43000,16000,142000,1,5,7,10,3,0,0,0,0,0,0,3,11,0,2013-11-09,36,1,0,1,0,989000,0.043478260869565216,0.625,Tua
875,875,4789,1953,S1,Bertunangan,80812000.0,0,0,2013-09-17,95,769000,22000,500000,210000,143000,33000,1,4,8,5,2,1,0,1,1,0,0,3,11,0,2013-12-21,61,1,0,0,3,1677000,0.05555555555555555,0.6666666666666666,Lansia
876,876,773,1971,S2,Cerai,42835000.0,1,1,2013-06-30,64,379000,4000,93000,12000,9000,98000,7,6,6,4,6,0,0,0,0,0,0,3,11,0,2013-09-02,43,0,0,2,0,595000,0.30434782608695654,0.5,Tua
877,877,10602,1983,S1,Menikah,39922000.0,1,0,2013-02-14,30,29000,12000,59000,19000,1000,36000,2,3,0,4,8,0,0,0,0,0,0,3,11,0,2013-03-16,31,1,0,1,0,156000,0.2222222222222222,0.2727272727272727,Tua
878,878,1446,1956,S2,Lajang,86424000.0,0,0,2014-04-05,12,387000,68000,569000,89000,45000,68000,1,6,9,12,1,0,0,0,0,0,0,3,11,0,2014-04-17,58,0,0,0,0,1226000,0.03571428571428571,0.8571428571428571,Lansia
879,879,3270,1978,D3,Bertunangan,17117000.0,1,0,2013-01-17,96,12000,23000,38000,30000,18000,7000,4,3,1,3,9,0,0,0,0,0,0,3,11,0,2013-04-23,36,1,0,1,0,128000,0.36363636363636365,0.25,Tua
880,880,8443,1972,S1,Lajang,24762000.0,1,0,2014-02-10,16,6000,10000,12000,3000,15000,40000,3,3,1,2,8,1,0,0,0,0,0,3,11,1,2014-02-26,42,0,0,1,1,86000,0.3333333333333333,0.2727272727272727,Tua
881,881,9653,1975,S1,Menikah,35797000.0,0,1,2012-10-16,16,27000,1000,14000,4000,1000,21000,2,2,0,3,8,0,0,0,0,0,0,3,11,0,2012-11-01,39,1,0,1,0,68000,0.2857142857142857,0.2,Tua
882,882,8916,1975,S1,Cerai,36627000.0,2,0,2013-07-23,78,9000,1000,5000,0,0,1000,1,0,0,3,5,0,0,0,0,0,0,3,11,0,2013-10-09,39,0,0,2,0,16000,0.25,0.0,Tua
883,883,8017,1981,D3,Menikah,51111000.0,1,1,2014-06-19,83,22000,0,19000,6000,5000,3000,2,2,0,3,6,0,0,0,0,0,0,3,11,0,2014-09-10,33,1,0,2,0,55000,0.2857142857142857,0.25,Tua
884,884,5830,1972,S3,Lajang,86857000.0,0,0,2012-09-12,96,899000,102000,838000,133000,102000,40000,1,5,6,10,2,0,0,0,0,0,0,3,11,1,2012-12-17,42,0,0,0,0,2114000,0.045454545454545456,0.7142857142857143,Tua
885,885,4597,1970,S3,Bertunangan,82072000.0,0,0,2013-07-02,67,889000,55000,685000,168000,92000,129000,1,3,2,13,1,0,0,0,0,0,0,3,11,0,2013-09-07,44,1,0,0,0,2018000,0.05263157894736842,0.75,Tua
886,886,7023,1953,S3,Lajang,46231000.0,2,1,2012-11-26,87,189000,2000,55000,0,5000,12000,4,6,1,4,9,0,0,0,0,0,0,3,11,0,2013-02-21,61,0,0,3,0,263000,0.26666666666666666,0.4,Lansia
887,887,8086,1959,S1,Menikah,42243000.0,1,1,2013-12-11,34,48000,0,2000,0,0,5000,2,2,0,3,7,0,0,0,0,0,0,3,11,0,2014-01-14,55,1,0,2,0,55000,0.2857142857142857,0.2222222222222222,Tua
888,888,8825,1962,S1,Bertunangan,51195000.0,1,1,2013-04-01,46,230000,14000,156000,82000,24000,58000,8,9,2,5,8,0,0,0,0,0,0,3,11,0,2013-05-17,52,1,0,2,0,564000,0.3333333333333333,0.5294117647058824,Tua
889,889,2930,1978,S2,Lajang,68092000.0,0,0,2013-12-16,7,852000,60000,207000,78000,36000,48000,2,2,6,10,5,0,0,0,0,0,0,3,11,0,2013-12-23,36,0,0,0,0,1281000,0.1,0.2857142857142857,Tua
890,890,1928,1973,S1,Menikah,31814000.0,1,0,2013-02-09,73,35000,3000,20000,4000,1000,20000,2,2,0,3,9,1,0,0,0,0,0,3,11,0,2013-04-23,41,1,0,1,1,83000,0.2857142857142857,0.18181818181818182,Tua
891,891,7108,1965,S2,Janda,51390000.0,1,1,2012-09-08,54,205000,20000,47000,23000,2000,56000,6,5,2,5,5,0,0,0,0,0,0,3,11,0,2012-11-01,49,0,0,2,0,353000,0.3333333333333333,0.5,Tua
892,892,10925,1983,S1,Menikah,76630000.0,0,0,2014-01-14,93,255000,31000,446000,40000,56000,175000,1,3,10,11,1,0,0,0,0,0,0,3,11,0,2014-04-17,31,1,0,0,0,1003000,0.04,0.75,Tua
893,893,9960,1991,SMA,Lajang,26868000.0,1,0,2014-04-30,52,0,0,1000,8000,3000,2000,1,1,0,2,7,0,0,0,0,0,0,3,11,0,2014-06-21,23,0,1,1,0,14000,0.25,0.125,Muda
894,894,8800,1943,S3,Cerai,48948000.0,0,0,2013-02-01,53,437000,8000,206000,160000,49000,42000,2,7,10,5,6,1,0,0,0,0,0,3,11,1,2013-03-26,71,0,0,0,1,902000,0.08333333333333333,0.5384615384615384,Lansia
895,895,9224,1972,S3,Lajang,55260000.0,0,1,2012-12-12,81,825000,8000,53000,11000,0,242000,2,8,10,5,6,0,0,0,0,0,0,3,11,0,2013-03-03,42,0,0,1,0,1139000,0.08,0.5714285714285714,Tua
896,896,5519,1956,S1,Bertunangan,64090000.0,0,1,2013-08-07,8,316000,58000,161000,76000,51000,135000,1,6,9,4,5,0,0,0,0,0,0,3,11,1,2013-08-15,58,1,0,1,0,797000,0.05,0.5454545454545454,Lansia
897,897,5046,1958,S1,Cerai,78331000.0,0,1,2014-01-23,97,756000,138000,354000,160000,169000,61000,2,10,6,7,4,0,0,0,0,0,0,3,11,0,2014-04-30,56,0,0,1,0,1638000,0.08,0.7142857142857143,Lansia
898,898,7037,1974,S3,Menikah,37087000.0,1,0,2013-08-11,50,194000,55000,134000,15000,0,3000,3,4,2,8,6,0,0,0,0,0,0,3,11,0,2013-09-30,40,1,0,1,0,401000,0.17647058823529413,0.4,Tua
899,899,905,1986,S1,Cerai,21846000.0,1,0,2013-10-22,38,7000,17000,18000,6000,10000,26000,4,4,0,3,8,0,0,0,0,0,0,3,11,0,2013-11-29,28,0,0,1,0,84000,0.36363636363636365,0.3333333333333333,Muda
900,900,8624,1958,S1,Menikah,81320000.0,0,0,2013-02-06,61,183000,33000,493000,59000,103000,57000,1,4,3,10,2,0,0,0,0,0,0,3,11,0,2013-04-08,56,1,0,0,0,928000,0.05555555555555555,0.6666666666666666,Lansia
901,901,8945,1970,S1,Cerai,54137000.0,0,1,2013-08-16,46,171000,0,11000,0,1000,20000,2,4,1,4,6,0,0,0,0,0,0,3,11,0,2013-10-01,44,0,0,1,0,203000,0.18181818181818182,0.4,Tua
902,902,6445,1967,S1,Bertunangan,66825000.0,0,0,2013-07-14,73,243000,101000,405000,29000,40000,40000,1,4,5,6,2,0,0,0,0,0,0,3,11,0,2013-09-25,47,1,0,0,0,858000,0.0625,0.6666666666666666,Tua
903,903,2727,1973,S1,Bertunangan,57100000.0,0,0,2013-12-04,19,181000,21000,69000,39000,3000,96000,1,3,3,6,3,0,0,0,0,0,0,3,11,0,2013-12-23,41,1,0,0,0,409000,0.07692307692307693,0.5,Tua
904,904,6404,1969,S1,Bertunangan,58917000.0,1,2,2013-03-24,10,151000,7000,89000,0,7000,28000,5,4,1,6,5,0,0,0,0,0,0,3,11,0,2013-04-03,45,1,0,3,0,282000,0.3125,0.4444444444444444,Tua
905,905,11074,1977,S1,Lajang,85072000.0,0,0,2014-04-09,94,494000,92000,391000,194000,11000,241000,1,3,4,10,0,0,0,0,0,0,0,3,11,0,2014-07-12,37,0,0,0,0,1423000,0.05555555555555555,1.0,Tua
906,906,10150,1961,S1,Lajang,86429000.0,0,0,2013-11-21,10,464000,28000,873000,29000,18000,37000,0,7,4,7,2,0,0,0,1,0,0,3,11,1,2013-12-01,53,0,0,0,1,1449000,0.0,0.7777777777777778,Tua
907,907,1968,1971,S1,Janda,45684000.0,1,0,2013-12-02,37,5000,1000,5000,10000,0,7000,1,1,0,2,7,0,0,0,0,0,0,3,11,0,2014-01-08,43,0,0,1,0,28000,0.25,0.125,Tua
908,908,6534,1974,S1,Bertunangan,47889000.0,1,0,2014-01-04,94,29000,0,29000,0,5000,4000,1,2,0,3,5,0,0,0,0,0,0,3,11,0,2014-04-08,40,1,0,1,0,67000,0.16666666666666666,0.2857142857142857,Tua
909,909,9485,1986,S3,Menikah,45921000.0,0,0,2014-03-10,23,102000,9000,49000,24000,3000,12000,1,2,1,6,4,0,0,0,0,0,0,3,11,0,2014-04-02,28,1,0,0,0,199000,0.1,0.3333333333333333,Muda
910,910,7053,1966,S3,Lajang,78420000.0,0,0,2013-06-29,75,604000,28000,674000,91000,28000,28000,1,3,10,8,1,0,0,0,0,0,0,3,11,0,2013-09-12,48,0,0,0,0,1453000,0.045454545454545456,0.75,Tua
911,911,4654,1992,S1,Bertunangan,75114000.0,0,0,2013-11-07,40,571000,12000,523000,63000,60000,24000,1,3,10,5,2,0,0,0,0,0,0,3,11,0,2013-12-17,22,1,0,0,0,1253000,0.05263157894736842,0.6,Muda
912,912,9760,1963,S3,Janda,52278000.0,0,1,2013-01-25,24,953000,0,71000,0,0,174000,6,10,5,10,8,0,0,0,0,0,0,3,11,1,2013-02-18,51,0,0,1,0,1198000,0.1935483870967742,0.5555555555555556,Tua
913,913,1048,1972,S2,Menikah,35641000.0,1,0,2013-07-14,11,63000,3000,67000,8000,9000,28000,2,3,1,4,7,0,0,0,0,0,0,3,11,1,2013-07-25,42,1,0,1,0,178000,0.2,0.3,Tua
914,914,10619,1994,S1,Lajang,95529000.0,0,0,2012-12-03,29,770000,29000,890000,250000,27000,24000,1,7,3,7,3,0,0,1,0,0,0,3,11,1,2013-01-01,20,0,0,0,1,1990000,0.05555555555555555,0.7,Muda
915,915,9308,1954,S1,Menikah,62820000.0,0,0,2013-05-11,51,398000,61000,265000,138000,61000,53000,1,3,4,6,1,0,0,0,0,0,0,3,11,0,2013-07-01,60,1,0,0,0,976000,0.07142857142857142,0.75,Lansia
916,916,10505,1960,S2,Bertunangan,73113000.0,0,0,2013-12-26,86,741000,19000,154000,50000,9000,28000,1,3,4,7,2,0,0,0,0,0,0,3,11,0,2014-03-22,54,1,0,0,0,1001000,0.06666666666666667,0.6,Tua
917,917,8362,1982,S3,Menikah,84169000.0,0,0,2013-08-07,9,1478000,19000,403000,0,19000,0,1,7,6,6,3,0,1,1,0,0,0,3,11,1,2013-08-16,32,1,0,0,2,1919000,0.05,0.7,Tua
918,918,2625,1954,D3,Lajang,42607000.0,0,1,2013-11-17,30,156000,29000,56000,30000,32000,47000,2,3,2,7,3,0,0,0,0,0,0,3,11,0,2013-12-17,60,0,0,1,0,350000,0.14285714285714285,0.5,Lansia
919,919,4637,1954,S3,Lajang,74637000.0,0,0,2013-05-18,73,960000,64000,464000,146000,0,16000,1,6,9,9,3,0,0,0,1,0,0,3,11,0,2013-07-30,60,0,0,0,1,1650000,0.04,0.6666666666666666,Lansia
920,920,9972,1955,S3,Bertunangan,46015000.0,1,1,2014-04-13,25,38000,0,2000,0,0,6000,1,1,0,3,7,1,0,0,0,1,0,3,11,0,2014-05-08,59,1,0,2,2,46000,0.2,0.125,Lansia
921,921,4483,1993,S1,Lajang,72354000.0,0,0,2013-04-17,67,315000,26000,473000,220000,12000,182000,1,2,10,6,1,0,0,0,0,0,0,3,11,0,2013-06-23,21,0,0,0,0,1228000,0.05263157894736842,0.6666666666666666,Muda
922,922,4487,1969,S2,Lajang,39858000.0,1,0,2013-01-24,67,15000,20000,25000,2000,7000,26000,1,2,0,4,6,0,0,0,0,0,0,3,11,1,2013-04-01,45,0,0,1,0,95000,0.14285714285714285,0.25,Tua
923,923,4988,1948,S3,Menikah,34469000.0,1,1,2014-05-04,58,19000,6000,20000,0,5000,12000,3,1,1,4,4,0,0,0,0,0,0,3,11,0,2014-07-01,66,1,0,2,0,62000,0.3333333333333333,0.2,Lansia
924,924,8931,1986,S1,Bertunangan,83033000.0,1,0,2014-05-18,82,812000,99000,431000,237000,149000,33000,1,11,4,10,5,0,0,0,1,0,0,3,11,0,2014-08-08,28,1,0,1,1,1761000,0.038461538461538464,0.6875,Muda
925,925,5871,1979,S2,Bertunangan,24401000.0,0,0,2012-08-31,98,73000,28000,217000,10000,24000,115000,3,6,1,6,8,0,0,0,0,0,0,3,11,0,2012-12-07,35,1,0,0,0,467000,0.1875,0.42857142857142855,Tua
926,926,2008,1978,S1,Menikah,77583000.0,0,0,2014-02-10,93,372000,23000,384000,250000,12000,108000,1,4,5,9,2,0,0,0,1,0,0,3,11,0,2014-05-14,36,1,0,0,1,1149000,0.05263157894736842,0.6666666666666666,Tua
927,927,3139,1982,D3,Lajang,74116000.0,0,0,2013-12-30,53,871000,111000,704000,145000,55000,166000,1,4,4,10,2,0,1,0,0,0,0,3,11,0,2014-02-21,32,0,0,0,1,2052000,0.05263157894736842,0.6666666666666666,Tua
928,928,10037,1993,S1,Lajang,74293000.0,0,0,2014-05-04,66,375000,152000,335000,93000,91000,81000,1,5,4,6,2,0,0,0,0,0,0,3,11,0,2014-07-09,21,0,0,0,0,1127000,0.0625,0.7142857142857143,Muda
929,929,10673,1976,S3,Menikah,68397000.0,0,1,2013-11-17,6,760000,80000,466000,17000,13000,80000,1,6,9,5,3,0,0,0,0,0,0,3,11,0,2013-11-23,38,1,0,1,0,1416000,0.047619047619047616,0.6666666666666666,Tua
930,930,5303,1974,S3,Bertunangan,79632000.0,0,0,2014-04-08,42,471000,0,510000,99000,21000,12000,1,6,4,9,2,0,0,0,0,0,0,3,11,0,2014-05-20,40,1,0,0,0,1113000,0.05,0.75,Tua
931,931,538,1989,S1,Lajang,46107000.0,1,0,2014-02-10,78,31000,9000,27000,16000,9000,33000,1,1,1,4,3,0,0,0,0,0,0,3,11,0,2014-04-29,25,0,0,1,0,125000,0.14285714285714285,0.25,Muda
932,932,7922,1951,S3,Lajang,64950000.0,0,1,2012-08-12,29,819000,0,72000,12000,0,63000,2,11,2,10,7,0,1,0,0,0,0,3,11,0,2012-09-10,63,0,0,1,1,966000,0.08,0.6111111111111112,Lansia
933,933,5692,1989,SMA,Menikah,25443000.0,1,0,2012-12-22,82,1000,4000,3000,8000,9000,7000,1,1,0,3,8,0,0,0,0,0,0,3,11,0,2013-03-14,25,1,1,1,0,32000,0.2,0.1111111111111111,Muda
934,934,4843,1952,S1,Lajang,75127000.0,0,0,2014-05-22,92,203000,35000,305000,46000,17000,227000,1,2,11,5,1,0,0,0,0,0,0,3,11,0,2014-08-22,62,0,0,0,0,833000,0.05263157894736842,0.6666666666666666,Lansia
935,935,6383,1971,S3,Bertunangan,32892000.0,1,0,2014-05-25,78,26000,0,15000,2000,1000,2000,2,3,0,3,8,0,0,0,0,0,0,3,11,0,2014-08-11,43,1,0,1,0,46000,0.25,0.2727272727272727,Tua
936,936,1628,1971,S1,Bertunangan,71796000.0,0,0,2013-10-24,54,354000,21000,311000,167000,75000,32000,1,9,3,4,4,0,0,0,0,0,0,3,11,0,2013-12-17,43,1,0,0,0,960000,0.058823529411764705,0.6923076923076923,Tua
937,937,1204,1970,S3,Menikah,67536000.0,0,1,2013-05-22,45,1253000,0,447000,23000,71000,35000,3,11,5,11,8,0,0,0,1,0,0,3,11,0,2013-07-06,44,1,0,1,1,1829000,0.1,0.5789473684210527,Tua
938,938,3673,1971,S1,Lajang,55239000.0,0,1,2013-07-14,59,371000,17000,238000,23000,24000,106000,3,7,5,11,5,0,0,0,0,0,0,3,11,0,2013-09-11,43,0,0,1,0,779000,0.11538461538461539,0.5833333333333334,Tua
939,939,760,1975,S3,Cerai,60554000.0,1,0,2013-08-09,8,588000,7000,76000,110000,15000,15000,2,8,4,9,6,0,0,0,0,0,0,3,11,0,2013-08-17,39,0,0,1,0,811000,0.08695652173913043,0.5714285714285714,Tua
940,940,8957,1952,D3,Lajang,64831000.0,1,1,2013-06-10,51,480000,86000,249000,75000,86000,144000,8,6,3,5,6,0,0,0,0,0,0,3,11,0,2013-07-31,62,0,0,2,0,1120000,0.36363636363636365,0.5,Lansia
941,941,4128,1962,S3,Bertunangan,56067000.0,0,1,2013-07-20,51,517000,12000,54000,16000,6000,120000,2,7,4,7,5,0,0,0,0,0,0,3,11,0,2013-09-09,52,1,0,1,0,725000,0.1,0.5833333333333334,Tua
942,942,6810,1983,S1,Cerai,82025000.0,0,0,2013-05-28,76,267000,98000,606000,48000,70000,98000,1,3,2,6,1,0,0,1,0,0,0,3,11,1,2013-08-12,31,0,0,0,1,1187000,0.08333333333333333,0.75,Tua
943,943,5386,1953,S1,Bertunangan,94384000.0,0,0,2013-03-04,62,1111000,24000,790000,160000,45000,172000,0,5,8,5,2,0,1,1,1,0,0,3,11,1,2013-05-05,61,1,0,0,3,2302000,0.0,0.7142857142857143,Lansia
944,944,8700,1986,SMA,Lajang,14906000.0,0,0,2012-12-22,86,7000,7000,14000,7000,16000,15000,3,2,1,3,7,0,0,0,0,0,0,3,11,0,2013-03-18,28,0,1,0,0,66000,0.3333333333333333,0.2222222222222222,Muda
945,945,3202,1987,S3,Menikah,51563000.0,0,0,2012-10-01,60,1166000,0,48000,0,0,36000,1,4,4,10,8,0,1,1,0,0,0,3,11,0,2012-11-30,27,1,0,0,2,1250000,0.05263157894736842,0.3333333333333333,Muda
946,946,1328,1982,D3,Menikah,57937000.0,0,1,2014-02-16,56,261000,42000,144000,55000,48000,133000,3,4,4,9,3,0,0,0,0,0,0,3,11,0,2014-04-13,32,1,0,1,0,683000,0.15,0.5714285714285714,Tua
947,947,8405,1979,S1,Cerai,68274000.0,1,1,2013-09-30,83,135000,25000,51000,23000,25000,46000,2,4,2,5,3,0,0,0,0,0,0,3,11,0,2013-12-22,35,0,0,2,0,305000,0.15384615384615385,0.5714285714285714,Tua
948,948,6515,1977,S1,Bertunangan,39771000.0,1,0,2013-12-06,92,6000,2000,18000,2000,8000,14000,1,2,0,3,4,0,0,0,0,0,0,3,11,0,2014-03-08,37,1,0,1,0,50000,0.16666666666666666,0.3333333333333333,Tua
949,949,2882,1975,D3,Cerai,67893000.0,0,1,2012-10-01,31,711000,28000,142000,49000,18000,47000,2,3,2,9,8,0,0,0,0,0,0,3,11,0,2012-11-01,39,0,0,1,0,995000,0.125,0.2727272727272727,Tua
950,950,7574,1979,S3,Bertunangan,27922000.0,1,0,2014-05-10,80,11000,0,13000,2000,4000,11000,1,2,0,3,4,0,0,0,0,0,0,3,11,0,2014-07-29,35,1,0,1,0,41000,0.16666666666666666,0.3333333333333333,Tua
951,951,6387,1976,S3,Bertunangan,52190000.0,1,1,2014-05-08,39,42000,0,17000,0,0,18000,3,2,1,3,5,1,0,0,0,0,0,3,11,0,2014-06-16,38,1,0,2,1,77000,0.3333333333333333,0.2857142857142857,Tua
952,952,5320,1973,S2,Cerai,44051000.0,1,1,2013-01-29,20,79000,7000,58000,6000,3000,18000,4,3,1,4,6,0,0,0,0,0,0,3,11,1,2013-02-18,41,0,0,2,0,171000,0.3333333333333333,0.3333333333333333,Tua
953,953,5048,1971,S3,Lajang,42767000.0,2,0,2013-05-11,53,20000,6000,43000,19000,5000,38000,1,3,1,2,8,0,0,0,0,0,0,3,11,0,2013-07-03,43,0,0,2,0,131000,0.14285714285714285,0.2727272727272727,Tua
954,954,8146,1976,S2,Bertunangan,46106000.0,1,1,2014-05-11,84,30000,0,8000,2000,0,14000,1,1,1,2,6,0,0,0,0,0,0,3,11,0,2014-08-03,38,1,0,2,0,54000,0.2,0.14285714285714285,Tua
955,955,10031,1976,S3,Menikah,16927000.0,1,1,2013-02-10,50,20000,2000,23000,3000,1000,4000,5,3,0,4,8,0,0,0,0,0,0,3,11,0,2013-04-01,38,1,0,2,0,53000,0.4166666666666667,0.2727272727272727,Tua
956,956,5748,1965,S1,Menikah,59754000.0,0,1,2012-12-01,96,115000,27000,44000,4000,146000,139000,3,5,2,6,5,0,0,0,0,0,0,3,11,1,2013-03-07,49,1,0,1,0,475000,0.1875,0.5,Tua
957,957,2134,1952,S1,Lajang,53700000.0,0,1,2012-08-17,94,263000,5000,233000,69000,41000,83000,4,5,5,8,5,0,0,0,0,0,0,3,11,0,2012-11-19,62,0,0,1,0,694000,0.18181818181818182,0.5,Lansia
958,958,1523,1973,S1,Menikah,59041000.0,1,1,2014-05-07,25,69000,2000,15000,2000,2000,6000,2,2,0,4,5,0,0,0,0,0,0,3,11,0,2014-06-01,41,1,0,2,0,96000,0.25,0.2857142857142857,Tua
959,959,9665,1957,S3,Cerai,54237000.0,0,1,2013-04-27,48,267000,3000,30000,4000,0,57000,4,5,2,5,6,0,0,0,0,0,0,3,11,0,2013-06-14,57,0,0,1,0,361000,0.25,0.45454545454545453,Lansia
960,960,4640,1967,S1,Cerai,70647000.0,0,1,2012-09-21,65,561000,85000,171000,25000,123000,114000,2,4,7,13,2,0,0,0,0,0,0,3,11,0,2012-11-25,47,0,0,1,0,1079000,0.07692307692307693,0.6666666666666666,Tua
961,961,3635,1962,S3,Lajang,52597000.0,0,1,2014-05-07,69,492000,0,37000,7000,0,42000,3,6,3,8,5,0,0,0,0,0,0,3,11,0,2014-07-15,52,0,0,1,0,578000,0.15,0.5454545454545454,Tua
962,962,3547,1969,S2,Bertunangan,41021000.0,1,0,2012-12-30,12,14000,7000,9000,6000,16000,12000,2,2,0,3,6,0,0,0,0,0,0,3,11,1,2013-01-11,45,1,0,1,0,64000,0.2857142857142857,0.25,Tua
963,963,2456,1975,S3,Menikah,40233000.0,0,1,2013-10-14,84,80000,4000,46000,0,17000,2000,5,2,1,5,6,0,0,0,0,0,0,3,11,0,2014-01-06,39,1,0,1,0,149000,0.38461538461538464,0.25,Tua
964,964,5633,1980,S1,Menikah,50183000.0,1,1,2014-06-25,47,97000,12000,84000,13000,10000,15000,7,3,1,6,5,0,0,0,0,0,0,3,11,0,2014-08-11,34,1,0,2,0,231000,0.4117647058823529,0.375,Tua
965,965,7801,1959,S1,Bertunangan,54753000.0,0,1,2013-09-12,87,197000,107000,227000,7000,59000,131000,3,5,2,11,4,0,0,0,0,0,0,3,11,0,2013-12-08,55,1,0,1,0,728000,0.14285714285714285,0.5555555555555556,Tua
966,966,10489,1973,S1,Menikah,92955000.0,0,0,2013-08-19,35,693000,21000,925000,31000,24000,84000,1,6,7,9,2,0,0,1,1,0,0,3,11,1,2013-09-23,41,1,0,0,2,1778000,0.043478260869565216,0.75,Tua
967,967,7011,1973,S1,Menikah,33471000.0,1,0,2012-10-12,47,43000,2000,27000,0,9000,12000,3,3,0,4,7,0,0,0,0,0,0,3,11,0,2012-11-28,41,1,0,1,0,93000,0.3,0.3,Tua
968,968,2620,1974,S3,Menikah,34596000.0,1,0,2013-04-13,48,14000,0,2000,0,0,7000,1,1,0,2,8,0,0,0,0,0,0,3,11,1,2013-05-31,40,1,0,1,0,23000,0.25,0.1111111111111111,Tua
969,969,3933,1980,S1,Bertunangan,44010000.0,1,0,2012-10-13,46,186000,36000,234000,86000,72000,48000,6,10,2,6,9,0,0,0,0,0,0,3,11,0,2012-11-28,34,1,0,1,0,662000,0.25,0.5263157894736842,Tua
970,970,10981,1988,S1,Menikah,84219000.0,0,0,2014-02-02,27,434000,137000,400000,45000,137000,45000,1,3,4,10,1,0,0,0,0,0,0,3,11,0,2014-03-01,26,1,0,0,0,1198000,0.05555555555555555,0.75,Muda
971,971,1734,1968,S3,Bertunangan,40706000.0,2,1,2013-01-17,37,59000,0,11000,4000,2000,5000,4,3,0,4,7,0,0,0,0,0,0,3,11,0,2013-02-23,46,1,0,3,0,81000,0.36363636363636365,0.3,Tua
972,972,10995,1988,D3,Menikah,15716000.0,1,0,2012-11-12,8,16000,5000,30000,8000,7000,26000,3,3,0,4,8,0,0,0,0,0,1,3,11,0,2012-11-20,26,1,0,1,0,92000,0.3,0.2727272727272727,Muda
973,973,6357,1959,D3,Cerai,59052000.0,0,1,2013-11-17,29,230000,35000,75000,63000,57000,31000,3,7,1,7,5,0,0,0,0,0,0,3,11,0,2013-12-16,55,0,0,1,0,491000,0.16666666666666666,0.5833333333333334,Tua
974,974,9209,1971,S2,Bertunangan,80573000.0,0,0,2012-10-14,85,829000,138000,430000,60000,92000,15000,1,4,6,13,2,0,0,0,0,0,0,3,11,0,2013-01-07,43,1,0,0,0,1564000,0.041666666666666664,0.6666666666666666,Tua
975,975,10286,1962,S1,Menikah,83715000.0,0,0,2014-02-03,2,318000,8000,407000,150000,35000,8000,1,2,8,13,0,0,0,0,0,0,0,3,11,0,2014-02-05,52,1,0,0,0,926000,0.041666666666666664,1.0,Tua
976,976,2611,1959,S2,Bertunangan,82576000.0,0,0,2012-08-01,66,1206000,55000,445000,168000,18000,18000,1,2,4,12,1,0,0,1,0,0,0,3,11,0,2012-10-06,55,1,0,0,1,1910000,0.05263157894736842,0.6666666666666666,Tua
977,977,1600,1965,S2,Menikah,56962000.0,2,1,2013-10-11,60,292000,3000,77000,10000,3000,26000,7,6,3,5,7,0,0,0,0,0,0,3,11,0,2013-12-10,49,1,0,3,0,411000,0.3333333333333333,0.46153846153846156,Tua
978,978,3308,1952,S1,Menikah,35704000.0,1,1,2014-01-03,54,30000,9000,12000,2000,11000,30000,3,2,0,4,4,0,0,0,0,0,0,3,11,0,2014-02-26,62,1,0,2,0,94000,0.3333333333333333,0.3333333333333333,Lansia
979,979,5407,1954,S1,Bertunangan,53103000.0,0,1,2013-09-12,70,729000,17000,133000,11000,0,195000,5,10,6,7,7,1,0,0,0,0,0,3,11,0,2013-11-21,60,1,0,1,1,1085000,0.17857142857142858,0.5882352941176471,Lansia
980,980,2166,1960,D3,Janda,46779000.0,1,1,2013-07-12,55,12000,1000,3000,0,0,7000,1,0,1,2,4,0,0,0,0,0,0,3,11,0,2013-09-05,54,0,0,2,0,23000,0.25,0.0,Tua
981,981,3955,1965,S1,Cerai,4861000.0,0,0,2014-06-22,20,2000,1000,1000,1000,0,1000,0,0,0,0,14,0,0,0,0,0,0,3,11,0,2014-07-12,49,0,0,0,0,6000,0.0,0.0,Tua
982,982,6634,1979,S2,Cerai,33462000.0,1,0,2013-08-07,78,22000,3000,18000,0,0,11000,1,2,0,3,7,0,0,0,0,0,0,3,11,0,2013-10-24,35,0,0,1,0,54000,0.16666666666666666,0.2222222222222222,Tua
983,983,3056,1978,S1,Cerai,63693000.0,0,1,2013-10-14,63,587000,43000,337000,42000,87000,54000,3,11,6,9,6,0,0,0,0,0,0,3,11,0,2013-12-16,36,0,0,1,0,1150000,0.10344827586206896,0.6470588235294118,Tua
984,984,5718,1950,S1,Menikah,80763000.0,0,0,2013-08-15,17,674000,168000,108000,192000,42000,231000,1,5,11,6,3,0,0,1,1,0,0,3,11,1,2013-09-01,64,1,0,0,2,1415000,0.043478260869565216,0.625,Lansia
985,985,6872,1974,S3,Menikah,65352000.0,0,1,2013-08-21,43,284000,3000,84000,4000,7000,23000,2,4,2,8,4,0,0,0,0,0,0,3,11,0,2013-10-03,40,1,0,1,0,405000,0.125,0.5,Tua
986,986,8164,1978,S3,Menikah,82170000.0,0,0,2013-11-25,13,1023000,93000,651000,49000,55000,37000,1,5,6,7,2,0,0,0,0,0,0,3,11,0,2013-12-08,36,1,0,0,0,1908000,0.05263157894736842,0.7142857142857143,Tua
987,987,4580,1969,S1,Menikah,75759000.0,0,0,2013-10-25,46,1394000,22000,708000,89000,91000,182000,1,9,7,9,5,1,0,1,1,0,0,3,11,1,2013-12-10,45,1,0,0,3,2486000,0.038461538461538464,0.6428571428571429,Tua
988,988,9305,1976,D3,Lajang,79689000.0,0,0,2013-05-12,65,311000,26000,640000,180000,37000,121000,1,4,9,13,2,0,0,0,0,0,0,3,11,0,2013-07-16,38,0,0,0,0,1315000,0.037037037037037035,0.6666666666666666,Tua
989,989,453,1956,S3,Janda,35340000.0,1,1,2014-06-29,1,27000,0,12000,0,1000,5000,2,2,0,3,5,0,0,0,0,0,0,3,11,0,2014-06-30,58,0,0,2,0,45000,0.2857142857142857,0.2857142857142857,Lansia
990,990,8545,1954,S1,Cerai,85683000.0,0,0,2014-03-21,6,1296000,17000,311000,45000,69000,51000,1,2,4,10,1,0,1,1,1,1,0,3,11,1,2014-03-27,60,0,0,0,4,1789000,0.058823529411764705,0.6666666666666666,Lansia
991,991,9850,1972,D3,Menikah,24884000.0,1,0,2012-11-29,32,3000,6000,7000,0,0,3000,1,0,0,3,7,0,0,0,0,0,0,3,11,0,2012-12-31,42,1,0,1,0,19000,0.25,0.0,Tua
992,992,7378,1981,S2,Bertunangan,42021000.0,1,0,2012-08-31,34,393000,5000,136000,7000,5000,27000,5,10,1,6,9,1,0,0,0,0,0,3,11,0,2012-10-04,33,1,0,1,1,573000,0.22727272727272727,0.5263157894736842,Tua
993,993,7646,1989,S1,Lajang,64449000.0,1,0,2014-02-18,70,218000,63000,282000,137000,35000,70000,4,5,3,12,4,0,0,0,0,0,0,3,11,0,2014-04-29,25,0,0,1,0,805000,0.16666666666666666,0.5555555555555556,Muda
994,994,1640,1954,S1,Cerai,64587000.0,1,1,2014-06-22,49,66000,0,16000,0,6000,20000,2,1,1,4,3,0,0,0,0,0,0,3,11,0,2014-08-10,60,0,0,2,0,108000,0.25,0.25,Lansia
995,995,5184,1995,S1,Lajang,34824000.0,0,0,2014-03-26,65,4000,2000,11000,2000,0,4000,1,1,0,2,6,0,0,0,0,0,0,3,11,0,2014-05-30,19,0,0,0,0,23000,0.25,0.14285714285714285,Muda
996,996,8492,1978,S1,Bertunangan,75437000.0,0,0,2013-11-09,25,795000,0,545000,95000,58000,0,1,8,4,10,6,0,0,0,1,0,0,3,11,0,2013-12-04,36,1,0,0,1,1493000,0.043478260869565216,0.5714285714285714,Tua
997,997,11188,1957,S1,Bertunangan,26091000.0,1,1,2014-02-25,84,15000,10000,19000,8000,17000,20000,3,2,1,3,5,0,0,0,0,0,0,3,11,0,2014-05-20,57,1,0,2,0,89000,0.3333333333333333,0.2857142857142857,Lansia
998,998,1212,1973,S1,Menikah,52845000.0,1,0,2013-08-13,7,384000,25000,292000,130000,41000,64000,3,8,8,6,6,1,0,0,0,0,0,3,11,0,2013-08-20,41,1,0,1,1,936000,0.12,0.5714285714285714,Tua
999,999,9097,1956,S1,Cerai,46086000.0,0,1,2013-11-03,34,244000,8000,32000,7000,2000,50000,4,3,1,8,4,0,0,0,0,0,0,3,11,0,2013-12-07,58,0,0,1,0,343000,0.25,0.42857142857142855,Lansia
1000,1000,10473,1956,S3,Janda,78028000.0,0,1,2012-09-10,38,158000,19000,288000,25000,0,38000,1,6,4,9,7,0,1,1,0,0,0,3,11,1,2012-10-18,58,0,0,1,2,528000,0.05,0.46153846153846156,Lansia
1001,1001,7962,1987,S3,Lajang,95169000.0,0,0,2013-10-09,1,1285000,21000,449000,106000,20000,20000,1,4,3,4,1,0,0,1,1,0,0,3,11,1,2013-10-10,27,0,0,0,2,1901000,0.08333333333333333,0.8,Muda
1002,1002,9984,1981,D3,Menikah,56337000.0,1,1,2013-03-27,25,349000,16000,144000,28000,5000,182000,5,8,5,4,8,1,0,0,1,0,0,3,11,1,2013-04-21,33,1,0,2,2,724000,0.22727272727272727,0.5,Tua
1003,1003,5527,1987,S1,Bertunangan,22434000.0,1,0,2013-02-13,25,4000,12000,11000,3000,13000,15000,2,2,0,3,8,0,0,0,0,0,0,3,11,0,2013-03-10,27,1,0,1,0,58000,0.2857142857142857,0.2,Muda
1004,1004,6374,1954,S3,Menikah,36930000.0,0,1,2013-05-17,50,223000,2000,31000,0,2000,39000,5,5,2,4,8,0,0,0,0,0,0,3,11,0,2013-07-06,60,1,0,1,0,297000,0.3125,0.38461538461538464,Lansia
1005,1005,7453,1954,S1,Lajang,36130000.0,0,1,2013-02-02,46,157000,43000,127000,68000,56000,37000,6,3,8,4,4,1,0,0,0,0,0,3,11,1,2013-03-20,60,0,0,1,1,488000,0.2857142857142857,0.42857142857142855,Lansia
1006,1006,8952,1953,S2,Menikah,65569000.0,0,1,2012-11-05,96,397000,46000,288000,20000,38000,70000,2,6,5,10,3,0,0,0,0,0,0,3,11,0,2013-02-09,61,1,0,1,0,859000,0.08695652173913043,0.6666666666666666,Lansia
1007,1007,241,1952,S1,Bertunangan,83844000.0,0,0,2013-05-12,57,901000,31000,345000,75000,31000,191000,1,4,4,11,1,0,0,1,0,0,0,3,11,0,2013-07-08,62,1,0,0,1,1574000,0.05,0.8,Lansia
1008,1008,8975,1968,S1,Menikah,19514000.0,1,1,2014-01-26,47,14000,3000,21000,2000,1000,28000,4,3,1,2,8,1,0,0,0,0,0,3,11,0,2014-03-14,46,1,0,2,1,69000,0.4,0.2727272727272727,Tua
1009,1009,6119,1963,S3,Lajang,36736000.0,1,1,2013-05-10,52,10000,0,3000,0,0,4000,1,1,0,2,6,0,0,0,0,0,0,3,11,0,2013-07-01,51,0,0,2,0,17000,0.25,0.14285714285714285,Tua
1010,1010,5236,1979,S1,Bertunangan,77568000.0,0,1,2012-08-25,30,1230000,0,396000,232000,178000,158000,1,10,2,8,5,0,1,1,1,0,0,3,11,0,2012-09-24,35,1,0,1,3,2194000,0.047619047619047616,0.6666666666666666,Tua
1011,1011,5723,1976,S3,Bertunangan,49187000.0,0,1,2014-01-11,63,81000,1000,31000,2000,1000,0,1,1,1,5,2,0,0,0,0,0,0,3,11,0,2014-03-15,38,1,0,1,0,116000,0.125,0.3333333333333333,Tua
1012,1012,1710,1978,S1,Lajang,30168000.0,1,0,2013-03-07,51,154000,20000,66000,0,12000,27000,7,6,1,4,9,0,0,0,0,0,0,3,11,0,2013-04-27,36,0,0,1,0,279000,0.3888888888888889,0.4,Tua
1013,1013,1970,1968,S2,Bertunangan,34053000.0,0,1,2012-09-10,14,63000,0,21000,7000,0,12000,1,3,0,3,8,0,0,0,0,0,0,3,11,0,2012-09-24,46,1,0,1,0,103000,0.14285714285714285,0.2727272727272727,Tua
1014,1014,5313,1971,S2,Menikah,38196000.0,1,1,2014-04-18,20,30000,0,11000,0,0,3000,3,2,0,4,5,0,0,0,0,0,0,3,11,0,2014-05-08,43,1,0,2,0,44000,0.3333333333333333,0.2857142857142857,Tua
1015,1015,10634,1951,S2,Menikah,59412000.0,0,0,2014-04-19,56,90000,67000,165000,30000,43000,11000,1,4,2,8,3,0,0,0,0,0,0,3,11,0,2014-06-14,63,1,0,0,0,406000,0.06666666666666667,0.5714285714285714,Lansia
1016,1016,7010,1965,D3,Menikah,70924000.0,0,0,2014-04-07,41,635000,114000,254000,132000,152000,76000,1,6,6,7,3,0,0,1,0,0,0,3,11,0,2014-05-18,49,1,0,0,1,1363000,0.05,0.6666666666666666,Tua
1017,1017,8562,1969,S1,Bertunangan,54165000.0,0,0,2013-05-28,72,127000,4000,73000,15000,6000,11000,1,2,1,7,2,0,0,0,0,0,0,3,11,0,2013-08-08,45,1,0,0,0,236000,0.09090909090909091,0.5,Tua
1018,1018,3158,1973,S1,Menikah,32300000.0,1,0,2013-01-03,1,13000,3000,6000,6000,5000,6000,1,1,0,3,8,0,0,0,0,0,0,3,11,0,2013-01-04,41,1,0,1,0,39000,0.2,0.1111111111111111,Tua
1019,1019,4436,1976,S1,Lajang,20180000.0,0,0,2013-02-20,27,18000,42000,24000,15000,20000,18000,1,2,1,4,7,0,0,0,0,0,0,3,11,0,2013-03-19,38,0,0,0,0,137000,0.125,0.2222222222222222,Tua
1020,1020,5287,1973,S1,Menikah,34961000.0,1,0,2014-06-19,77,45000,2000,26000,4000,1000,1000,3,3,1,3,7,0,0,0,0,0,0,3,11,0,2014-09-04,41,1,0,1,0,79000,0.3,0.3,Tua
1021,1021,2445,1974,S3,Bertunangan,28440000.0,1,0,2013-07-07,87,38000,1000,24000,0,0,0,1,2,0,3,8,0,0,0,0,0,0,3,11,0,2013-10-02,40,1,0,1,0,63000,0.16666666666666666,0.2,Tua
1022,1022,6059,1953,S3,Bertunangan,64504000.0,1,2,2013-03-04,81,986000,36000,168000,16000,0,108000,7,11,3,4,7,0,0,0,0,0,0,3,11,1,2013-05-24,61,1,0,3,0,1314000,0.28,0.6111111111111112,Lansia
1023,1023,4550,1966,S2,Bertunangan,33564000.0,0,1,2014-06-24,51,61000,0,3000,0,0,7000,1,1,1,3,5,0,0,0,0,0,0,3,11,0,2014-08-14,48,1,0,1,0,71000,0.16666666666666666,0.16666666666666666,Tua
1024,1024,4240,1978,S1,Menikah,17345000.0,1,0,2012-11-03,79,4000,9000,16000,17000,0,12000,2,2,1,2,8,0,0,0,0,0,0,3,11,0,2013-01-21,36,1,0,1,0,58000,0.2857142857142857,0.2,Tua
1025,1025,8911,1967,S3,Menikah,56320000.0,0,1,2013-04-08,11,201000,53000,172000,116000,77000,83000,3,5,4,9,4,0,0,0,0,0,0,3,11,0,2013-04-19,47,1,0,1,0,702000,0.14285714285714285,0.5555555555555556,Tua
1026,1026,3706,1978,S1,Lajang,28647000.0,1,0,2013-08-21,54,19000,8000,29000,0,12000,26000,1,2,2,2,7,1,0,0,0,0,0,3,11,1,2013-10-14,36,0,0,1,1,94000,0.14285714285714285,0.2222222222222222,Tua
1027,1027,3628,1987,SMA,Lajang,15038000.0,1,0,2013-01-29,93,4000,8000,11000,19000,12000,26000,2,2,1,2,9,0,0,0,0,0,0,3,11,0,2013-05-02,27,0,1,1,0,80000,0.2857142857142857,0.18181818181818182,Muda
1028,1028,10175,1958,S3,Cerai,32173000.0,0,1,2013-08-01,0,18000,0,2000,0,0,2000,1,1,0,3,4,0,0,0,0,0,0,3,11,0,2013-08-01,56,0,0,1,0,22000,0.2,0.2,Lansia
1029,1029,8985,1964,D3,Bertunangan,68316000.0,0,1,2012-11-04,54,806000,80000,161000,120000,11000,33000,5,10,7,10,6,0,0,0,0,0,0,3,11,0,2012-12-28,50,1,0,1,0,1211000,0.15625,0.625,Tua
1030,1030,5204,1971,S1,Bertunangan,74538000.0,0,0,2013-06-29,21,380000,98000,733000,110000,112000,28000,1,8,8,5,3,0,0,1,0,0,0,3,11,1,2013-07-20,43,1,0,0,1,1461000,0.045454545454545456,0.7272727272727273,Tua
1031,1031,9220,1971,S1,Lajang,91700000.0,0,0,2013-01-17,58,576000,172000,961000,125000,115000,19000,1,8,6,5,3,0,0,0,0,0,0,3,11,1,2013-03-16,43,0,0,0,0,1968000,0.05,0.7272727272727273,Tua
1032,1032,9888,1969,S1,Bertunangan,68695000.0,0,0,2014-06-25,3,458000,81000,356000,106000,50000,40000,1,4,4,7,2,0,0,0,0,0,0,3,11,0,2014-06-28,45,1,0,0,0,1091000,0.0625,0.6666666666666666,Tua
1033,1033,5263,1977,D3,Menikah,31056000.0,1,0,2013-01-22,99,5000,10000,13000,3000,8000,16000,1,1,0,3,8,0,0,0,0,0,0,3,11,0,2013-05-01,37,1,0,1,0,55000,0.2,0.1111111111111111,Tua
1034,1034,1020,1973,S1,Menikah,79593000.0,0,0,2014-05-12,70,350000,60000,568000,110000,133000,145000,1,5,6,7,2,0,0,1,0,0,0,3,11,0,2014-07-21,41,1,0,0,1,1366000,0.05263157894736842,0.7142857142857143,Tua
1035,1035,9503,1980,S1,Lajang,28071000.0,0,0,2012-08-29,65,39000,33000,130000,41000,26000,44000,2,5,1,5,8,0,0,0,0,0,0,3,11,0,2012-11-02,34,0,0,0,0,313000,0.15384615384615385,0.38461538461538464,Tua
1036,1036,10613,1958,S3,Bertunangan,37334000.0,1,1,2014-02-26,44,26000,1000,16000,2000,2000,15000,4,3,0,4,4,0,0,0,0,0,0,3,11,0,2014-04-11,56,1,0,2,0,62000,0.36363636363636365,0.42857142857142855,Lansia
1037,1037,67,1972,S2,Lajang,46423000.0,1,1,2013-09-18,6,68000,0,16000,0,0,8000,3,2,0,4,7,0,0,0,0,0,0,3,11,0,2013-09-24,42,0,0,2,0,92000,0.3333333333333333,0.2222222222222222,Tua
1038,1038,6019,1971,S3,Menikah,37126000.0,1,0,2014-03-30,9,45000,3000,9000,4000,4000,7000,1,1,2,2,6,1,0,0,0,0,0,3,11,1,2014-04-08,43,1,0,1,1,72000,0.16666666666666666,0.14285714285714285,Tua
1039,1039,5863,1953,S1,Menikah,47703000.0,0,1,2013-05-29,95,359000,0,134000,13000,26000,123000,4,6,3,8,5,0,0,0,0,0,0,3,11,0,2013-09-01,61,1,0,1,0,655000,0.19047619047619047,0.5454545454545454,Lansia
1040,1040,3717,1959,S1,Menikah,61180000.0,0,1,2014-04-23,70,403000,24000,29000,6000,24000,218000,2,5,5,6,3,1,0,0,0,0,0,3,11,0,2014-07-02,55,1,0,1,1,704000,0.1111111111111111,0.625,Tua
1041,1041,6730,1954,S1,Menikah,38998000.0,1,1,2012-11-03,92,34000,1000,14000,0,0,5000,3,2,0,3,8,0,0,0,0,0,1,3,11,0,2013-02-03,60,1,0,2,0,54000,0.375,0.2,Lansia
1042,1042,10749,1991,S1,Lajang,8028000.0,0,0,2012-09-18,62,73000,18000,66000,7000,12000,2000,15,0,1,0,19,0,0,0,0,0,0,3,11,0,2012-11-19,23,0,0,0,0,178000,0.9375,0.0,Muda
1043,1043,4998,1962,S1,Bertunangan,76081000.0,0,0,2014-05-23,85,292000,30000,415000,63000,33000,200000,1,4,5,4,2,0,0,0,1,0,0,3,11,0,2014-08-16,52,1,0,0,1,1033000,0.07142857142857142,0.6666666666666666,Tua
1044,1044,6287,1986,S1,Bertunangan,34728000.0,1,0,2013-07-30,2,14000,0,16000,0,0,6000,1,1,1,2,6,0,0,0,0,0,0,3,11,1,2013-08-01,28,1,0,1,0,36000,0.2,0.14285714285714285,Muda
1045,1045,5985,1965,S2,Lajang,33168000.0,0,1,2012-10-13,0,80000,1000,37000,0,1000,3000,3,2,1,4,7,0,0,0,0,0,0,3,11,0,2012-10-13,49,0,0,1,0,122000,0.3,0.2222222222222222,Tua
1046,1046,4754,1966,S2,Menikah,33585000.0,0,1,2013-09-25,91,30000,11000,33000,13000,6000,29000,1,2,0,4,4,0,0,0,0,0,0,3,11,0,2013-12-25,48,1,0,1,0,122000,0.14285714285714285,0.3333333333333333,Tua
1047,1047,4002,1960,S3,Menikah,77037000.0,0,1,2013-10-13,3,463000,96000,333000,168000,53000,10000,1,7,7,12,3,0,0,0,0,0,0,3,11,0,2013-10-16,54,1,0,1,0,1123000,0.037037037037037035,0.7,Tua
1048,1048,8870,1984,S1,Bertunangan,35196000.0,1,0,2012-11-13,68,75000,12000,141000,43000,39000,187000,6,6,1,5,8,0,0,0,0,0,0,3,11,1,2013-01-20,30,1,0,1,0,497000,0.3333333333333333,0.42857142857142855,Muda
1049,1049,966,1966,S1,Menikah,44529000.0,0,1,2013-07-05,98,538000,13000,91000,17000,6000,26000,6,6,2,11,5,0,1,0,0,0,0,3,11,0,2013-10-11,48,1,0,1,1,691000,0.24,0.5454545454545454,Tua
1050,1050,4767,1965,D3,Menikah,70924000.0,0,0,2014-04-07,41,635000,114000,254000,132000,152000,76000,1,6,6,7,3,0,0,1,0,0,0,3,11,0,2014-05-18,49,1,0,0,1,1363000,0.05,0.6666666666666666,Tua
1051,1051,9725,1966,S3,Bertunangan,28764000.0,1,1,2014-06-05,16,8000,0,3000,0,0,1000,1,1,0,2,8,1,0,0,0,0,0,3,11,0,2014-06-21,48,1,0,2,1,12000,0.25,0.1111111111111111,Tua
1052,1052,4475,1949,S3,Menikah,69098000.0,0,0,2013-02-16,82,1315000,22000,780000,145000,0,178000,1,7,8,9,5,0,0,0,0,0,0,3,11,0,2013-05-09,65,1,0,0,0,2440000,0.04,0.5833333333333334,Lansia
1053,1053,5740,1970,D3,Cerai,25959000.0,1,1,2013-02-14,1,4000,2000,12000,7000,5000,26000,2,1,2,2,6,0,0,0,0,0,0,3,11,1,2013-02-15,44,0,0,2,0,56000,0.2857142857142857,0.14285714285714285,Tua
1054,1054,5731,1983,S2,Menikah,27100000.0,1,0,2013-04-05,64,12000,0,13000,2000,0,10000,1,1,0,3,7,0,0,0,0,0,0,3,11,0,2013-06-08,31,1,0,1,0,37000,0.2,0.125,Tua
1055,1055,7290,1985,S1,Lajang,70596000.0,0,0,2012-10-05,68,347000,44000,534000,17000,0,26000,1,3,5,12,2,0,0,0,0,0,0,3,11,0,2012-12-12,29,0,0,0,0,968000,0.047619047619047616,0.6,Muda
1056,1056,3846,1974,S1,Menikah,42557000.0,0,1,2012-08-29,98,192000,5000,53000,0,5000,15000,4,6,1,4,8,0,0,0,0,0,0,3,11,0,2012-12-05,40,1,0,1,0,270000,0.26666666666666666,0.42857142857142855,Tua
1057,1057,8104,1951,S3,Menikah,53312000.0,0,0,2013-08-09,32,241000,0,12000,0,0,25000,1,5,1,5,7,0,0,0,0,0,0,3,11,0,2013-09-10,63,1,0,0,0,278000,0.08333333333333333,0.4166666666666667,Lansia
1058,1058,4507,1952,S1,Lajang,72228000.0,0,0,2012-11-27,87,631000,28000,491000,30000,14000,56000,1,6,7,8,3,0,0,0,0,0,0,3,11,0,2013-02-22,62,0,0,0,0,1250000,0.045454545454545456,0.6666666666666666,Lansia
1059,1059,11013,1987,S1,Bertunangan,67605000.0,0,0,2013-03-31,84,336000,28000,282000,184000,54000,54000,1,2,8,6,1,0,0,0,0,0,0,3,11,0,2013-06-23,27,1,0,0,0,938000,0.058823529411764705,0.6666666666666666,Muda
1060,1060,4491,1949,S2,Menikah,62845000.0,1,1,2012-10-01,3,1099000,0,45000,0,0,34000,11,3,4,10,8,0,1,0,0,0,0,3,11,0,2012-10-04,65,1,0,2,1,1178000,0.39285714285714285,0.2727272727272727,Lansia
1061,1061,3759,1958,S1,Bertunangan,65196000.0,0,2,2013-07-25,34,743000,19000,181000,12000,0,200000,2,7,6,11,5,1,0,0,0,0,0,3,11,0,2013-08-28,56,1,0,2,1,1155000,0.07692307692307693,0.5833333333333334,Lansia
1062,1062,1162,1987,S3,Lajang,42000000.0,0,0,2013-01-10,23,124000,83000,267000,85000,59000,35000,2,5,2,11,5,0,0,0,0,0,0,3,11,1,2013-02-02,27,0,0,0,0,653000,0.1,0.5,Muda
1063,1063,2055,1973,S3,Cerai,35860000.0,1,1,2014-05-19,37,15000,0,8000,4000,2000,20000,2,1,1,2,5,1,0,0,0,0,0,3,11,0,2014-06-25,41,0,0,2,1,49000,0.3333333333333333,0.16666666666666666,Tua
1064,1064,10766,1964,S3,Menikah,65526000.0,0,1,2014-04-11,22,397000,19000,69000,12000,0,9000,1,4,4,8,2,0,0,0,0,0,0,3,11,0,2014-05-03,50,1,0,1,0,506000,0.058823529411764705,0.6666666666666666,Tua
1065,1065,4415,1961,S1,Menikah,16860000.0,1,1,2012-09-12,19,10000,4000,4000,3000,3000,14000,3,1,1,3,7,0,0,0,0,0,0,3,11,0,2012-10-01,53,1,0,2,0,38000,0.375,0.125,Tua
1066,1066,3005,1992,S1,Lajang,83528000.0,0,0,2014-05-01,7,530000,117000,678000,134000,44000,147000,1,4,10,8,1,1,0,0,1,0,0,3,11,1,2014-05-08,22,0,0,0,2,1650000,0.043478260869565216,0.8,Muda
1067,1067,2223,1965,D3,Cerai,64176000.0,0,1,2012-08-03,52,1215000,33000,249000,64000,116000,149000,8,8,9,8,6,0,0,0,0,0,0,3,11,0,2012-09-24,49,0,0,1,0,1826000,0.24242424242424243,0.5714285714285714,Tua
1068,1068,4817,1956,S1,Cerai,22304000.0,0,0,2012-08-04,91,3000,2000,7000,0,4000,2000,1,1,0,2,8,0,0,0,0,0,0,3,11,0,2012-11-03,58,0,0,0,0,18000,0.25,0.1111111111111111,Lansia
1069,1069,2875,1978,S1,Menikah,67023000.0,0,0,2014-03-04,93,444000,44000,382000,11000,8000,17000,1,3,7,13,2,0,0,0,0,0,1,3,11,0,2014-06-05,36,1,0,0,0,906000,0.041666666666666664,0.6,Tua
1070,1070,10536,1971,S3,Bertunangan,32892000.0,1,0,2014-05-25,78,26000,0,15000,2000,1000,2000,2,3,0,3,8,0,0,0,0,0,0,3,11,0,2014-08-11,43,1,0,1,0,46000,0.25,0.2727272727272727,Tua
1071,1071,11112,1966,S1,Bertunangan,70713000.0,0,1,2012-12-03,23,736000,114000,279000,82000,76000,190000,6,5,6,8,3,0,0,0,0,0,0,3,11,0,2012-12-26,48,1,0,1,0,1477000,0.24,0.625,Tua
1072,1072,3807,1955,S1,Bertunangan,59925000.0,0,1,2012-11-30,83,473000,21000,176000,19000,21000,56000,3,9,2,9,6,0,0,0,0,0,0,3,11,0,2013-02-21,59,1,0,1,0,766000,0.13043478260869565,0.6,Lansia
1073,1073,9197,1953,S1,Menikah,39722000.0,0,1,2014-02-24,92,32000,0,5000,2000,0,8000,2,2,0,3,5,0,0,0,0,0,0,3,11,0,2014-05-27,61,1,0,1,0,47000,0.2857142857142857,0.2857142857142857,Lansia
1074,1074,10832,1958,S1,Bertunangan,46610000.0,0,0,2013-07-18,4,288000,10000,30000,4000,10000,125000,1,6,1,6,6,0,0,0,0,0,0,3,11,0,2013-07-22,56,1,0,0,0,467000,0.07142857142857142,0.5,Lansia
1075,1075,6421,1961,S1,Bertunangan,88347000.0,0,0,2013-07-03,32,1050000,178000,555000,77000,138000,118000,1,4,7,9,1,0,0,0,1,0,0,3,11,0,2013-08-04,53,1,0,0,1,2116000,0.047619047619047616,0.8,Tua
1076,1076,4207,1981,S3,Menikah,87171000.0,0,0,2013-05-01,27,1001000,44000,107000,58000,44000,44000,1,6,7,11,2,1,0,1,0,0,0,3,11,0,2013-05-28,33,1,0,0,2,1298000,0.04,0.75,Tua
1077,1077,577,1976,D3,Bertunangan,26907000.0,1,1,2013-08-20,10,9000,1000,7000,0,3000,2000,2,1,0,3,7,0,0,0,0,0,0,3,11,0,2013-08-30,38,1,0,2,0,22000,0.3333333333333333,0.125,Tua
1078,1078,10855,1968,S2,Lajang,50014000.0,1,0,2014-01-22,9,234000,14000,77000,19000,10000,42000,2,4,1,8,5,0,0,0,0,0,0,3,11,0,2014-01-31,46,0,0,1,0,396000,0.13333333333333333,0.4444444444444444,Tua
1079,1079,3081,1978,S3,Menikah,41014000.0,1,0,2013-04-22,65,7000,2000,6000,2000,0,3000,1,1,0,2,7,0,0,0,0,0,0,3,11,0,2013-06-26,36,1,0,1,0,20000,0.25,0.125,Tua
1080,1080,3535,1965,S1,Lajang,66294000.0,0,0,2014-03-17,68,251000,108000,334000,65000,92000,117000,1,4,3,5,2,0,0,0,0,0,0,3,11,0,2014-05-24,49,0,0,0,0,967000,0.07692307692307693,0.6666666666666666,Tua
1081,1081,247,1971,S1,Menikah,36715000.0,1,0,2012-11-17,16,172000,10000,125000,21000,13000,16000,6,7,2,4,9,0,0,0,0,0,0,3,11,1,2012-12-03,43,1,0,1,0,357000,0.3157894736842105,0.4375,Tua
1082,1082,8707,1956,S1,Menikah,79456000.0,0,0,2012-08-22,12,565000,42000,548000,64000,83000,99000,1,5,6,4,3,0,0,0,0,0,0,3,11,1,2012-09-03,58,1,0,0,0,1401000,0.0625,0.625,Lansia
1083,1083,9523,1982,S1,Bertunangan,40479000.0,1,0,2013-08-17,95,5000,0,8000,2000,0,0,1,0,0,3,4,0,0,0,0,0,0,3,11,0,2013-11-20,32,1,0,1,0,15000,0.25,0.0,Tua
1084,1084,6072,1970,S2,Lajang,75345000.0,0,0,2013-02-02,16,918000,57000,842000,99000,38000,133000,1,5,8,6,3,0,0,0,1,0,0,3,11,1,2013-02-18,44,0,0,0,1,2087000,0.05,0.625,Tua
1085,1085,6295,1977,S1,Menikah,54233000.0,0,1,2013-02-04,46,652000,8000,158000,21000,0,142000,4,11,6,5,8,0,0,0,0,0,0,3,11,0,2013-03-22,37,1,0,1,0,981000,0.15384615384615385,0.5789473684210527,Tua
1086,1086,10914,1970,S1,Lajang,24163000.0,1,1,2013-10-12,3,4000,1000,7000,2000,1000,2000,2,1,0,3,4,0,0,0,0,0,0,3,11,0,2013-10-15,44,0,0,2,0,17000,0.3333333333333333,0.2,Tua
1087,1087,1509,1958,S3,Bertunangan,84460000.0,0,0,2013-01-04,80,152000,27000,103000,106000,54000,81000,0,9,9,4,5,0,1,1,1,1,0,3,11,1,2013-03-25,56,1,0,0,4,523000,0.0,0.6428571428571429,Lansia
1088,1088,5577,1983,S1,Bertunangan,43776000.0,1,0,2014-05-03,77,8000,0,9000,2000,1000,3000,1,1,0,2,6,0,0,0,0,0,0,3,11,0,2014-07-19,31,1,0,1,0,23000,0.25,0.14285714285714285,Tua
1089,1089,7348,1958,S3,Lajang,71691000.0,0,0,2014-03-17,0,336000,130000,411000,240000,32000,43000,1,4,7,5,2,0,0,0,0,0,0,3,11,1,2014-03-17,56,0,0,0,0,1192000,0.058823529411764705,0.6666666666666666,Lansia
1090,1090,1127,1973,S3,Menikah,85844000.0,0,0,2014-05-29,62,938000,19000,843000,25000,95000,38000,1,6,6,7,2,0,0,1,0,0,0,3,11,0,2014-07-30,41,1,0,0,1,1958000,0.05,0.75,Tua
1091,1091,1833,1974,S3,Lajang,39190000.0,1,0,2014-04-26,91,68000,8000,18000,19000,8000,12000,2,2,1,4,5,0,0,0,0,0,0,3,11,0,2014-07-26,40,0,0,1,0,133000,0.2222222222222222,0.2857142857142857,Tua
1092,1092,4944,1959,S1,Bertunangan,71367000.0,0,0,2013-08-23,24,227000,23000,389000,42000,21000,75000,1,4,5,7,2,0,0,0,0,0,0,3,11,0,2013-09-16,55,1,0,0,0,777000,0.058823529411764705,0.6666666666666666,Tua
1093,1093,9080,1972,S3,Lajang,38578000.0,1,1,2013-06-22,2,38000,4000,22000,3000,3000,3000,3,3,0,3,8,0,0,0,0,0,0,3,11,0,2013-06-24,42,0,0,2,0,73000,0.3333333333333333,0.2727272727272727,Tua
1094,1094,6466,1965,S3,Menikah,57236000.0,1,1,2014-03-12,22,105000,0,9000,2000,1000,4000,3,2,1,4,3,0,0,0,0,0,0,3,11,0,2014-04-03,49,1,0,2,0,121000,0.3,0.4,Tua
1095,1095,9964,1979,S1,Lajang,61825000.0,0,1,2013-08-07,56,162000,50000,100000,55000,30000,27000,1,4,2,8,4,0,0,0,0,0,0,3,11,0,2013-10-02,35,0,0,1,0,424000,0.06666666666666667,0.5,Tua
1096,1096,4790,1958,S1,Cerai,79803000.0,0,1,2014-06-02,54,574000,8000,216000,21000,16000,33000,1,4,3,5,1,0,0,0,0,0,0,3,11,0,2014-07-26,56,0,0,1,0,868000,0.07692307692307693,0.8,Lansia
1097,1097,10245,1986,D3,Lajang,80910000.0,0,0,2012-10-31,71,160000,80000,369000,67000,39000,41000,1,3,3,8,1,0,0,0,0,0,0,3,11,0,2013-01-10,28,0,0,0,0,756000,0.06666666666666667,0.75,Muda
1098,1098,1109,1982,S2,Bertunangan,27590000.0,1,0,2013-04-23,38,6000,0,5000,0,0,1000,1,1,0,2,7,0,0,0,0,0,0,3,11,0,2013-05-31,32,1,0,1,0,12000,0.25,0.125,Tua
1099,1099,6001,1979,S1,Menikah,56775000.0,0,1,2013-01-02,62,614000,35000,160000,58000,35000,35000,2,5,8,10,5,0,0,0,0,0,0,3,11,0,2013-03-05,35,1,0,1,0,937000,0.08,0.5,Tua
1100,1100,5538,1975,S1,Cerai,83829000.0,0,0,2013-10-08,78,897000,161000,430000,186000,161000,27000,0,4,7,6,1,1,0,1,1,0,0,3,11,1,2013-12-25,39,0,0,0,3,1862000,0.0,0.8,Tua
1101,1101,10552,1979,D3,Menikah,54210000.0,0,1,2013-05-20,18,70000,54000,109000,80000,9000,45000,2,4,1,7,5,0,0,0,0,0,0,3,11,0,2013-06-07,35,1,0,1,0,367000,0.14285714285714285,0.4444444444444444,Tua
1102,1102,1545,1986,S1,Menikah,38508000.0,1,0,2013-08-02,95,120000,19000,206000,25000,19000,54000,6,7,2,5,8,0,0,0,0,0,0,3,11,0,2013-11-05,28,1,0,1,0,443000,0.3,0.4666666666666667,Muda
1103,1103,7409,1970,S1,Bertunangan,53187000.0,1,0,2013-10-26,66,211000,2000,30000,7000,7000,10000,2,4,1,6,5,0,0,0,0,0,0,3,11,0,2013-12-31,44,1,0,1,0,267000,0.15384615384615385,0.4444444444444444,Tua
1104,1104,4444,1972,S1,Menikah,30023000.0,1,0,2014-03-24,28,11000,0,16000,7000,6000,21000,1,2,0,3,8,0,0,0,0,0,0,3,11,0,2014-04-21,42,1,0,1,0,61000,0.16666666666666666,0.2,Tua
1105,1105,146,1960,S3,Lajang,76045000.0,0,0,2013-11-15,78,760000,53000,400000,17000,93000,0,1,4,5,11,2,0,0,0,1,0,0,3,11,0,2014-02-01,54,0,0,0,1,1323000,0.047619047619047616,0.6666666666666666,Tua
1106,1106,6271,1952,S3,Menikah,50870000.0,0,1,2014-06-19,13,53000,0,8000,0,0,2000,1,2,0,3,5,0,0,0,0,0,0,3,11,0,2014-07-02,62,1,0,1,0,63000,0.16666666666666666,0.2857142857142857,Lansia
1107,1107,10065,1970,D3,Menikah,15315000.0,0,0,2013-08-03,27,7000,4000,13000,15000,8000,17000,2,2,0,4,5,0,0,0,0,0,0,3,11,0,2013-08-30,44,1,0,0,0,64000,0.25,0.2857142857142857,Tua
1108,1108,4741,1974,D3,Menikah,65463000.0,1,0,2014-01-30,17,391000,32000,70000,21000,32000,16000,2,6,2,9,5,0,1,0,0,0,0,3,11,0,2014-02-16,40,1,0,1,1,562000,0.10526315789473684,0.5454545454545454,Tua
1109,1109,246,1965,S1,Menikah,66480000.0,1,1,2014-05-31,71,199000,9000,57000,20000,21000,6000,7,4,1,7,4,0,0,0,0,0,0,3,11,0,2014-08-10,49,1,0,2,0,312000,0.3684210526315789,0.5,Tua
1110,1110,375,1954,S1,Cerai,76773000.0,0,0,2013-02-25,79,516000,56000,449000,86000,33000,16000,1,2,2,11,1,0,0,0,0,0,0,3,11,0,2013-05-15,60,0,0,0,0,1156000,0.0625,0.6666666666666666,Lansia
1111,1111,1524,1983,D3,Lajang,81698000.0,0,0,2013-03-01,1,709000,45000,115000,30000,160000,45000,1,8,2,5,5,0,0,0,1,0,0,3,11,1,2013-03-02,31,0,0,0,1,1104000,0.0625,0.6153846153846154,Tua
1112,1112,10022,1973,S3,Lajang,54466000.0,1,1,2014-02-09,78,12000,0,4000,0,0,0,1,1,0,2,5,0,0,0,0,0,0,3,11,0,2014-04-28,41,0,0,2,0,16000,0.25,0.16666666666666666,Tua
1113,1113,7451,1960,S2,Lajang,98777000.0,0,0,2014-02-17,23,1000000,19000,711000,125000,115000,38000,0,4,6,9,1,0,1,0,0,0,0,3,11,0,2014-03-12,54,0,0,0,1,2008000,0.0,0.8,Tua
1114,1114,11010,1984,S3,Lajang,16269000.0,1,0,2013-08-30,75,19000,3000,18000,3000,1000,0,3,3,0,3,8,0,0,0,0,0,0,3,11,0,2013-11-13,30,0,0,1,0,44000,0.3333333333333333,0.2727272727272727,Muda
1115,1115,4356,1971,S1,Bertunangan,71819000.0,0,1,2013-08-28,70,1224000,28000,140000,0,14000,168000,3,3,3,5,6,0,1,1,0,0,0,3,11,0,2013-11-06,43,1,0,1,2,1574000,0.21428571428571427,0.3333333333333333,Tua
1116,1116,3885,1983,S3,Menikah,33569000.0,1,0,2013-10-16,10,16000,2000,18000,3000,0,24000,1,1,1,2,8,1,0,0,0,0,0,3,11,1,2013-10-26,31,1,0,1,1,63000,0.2,0.1111111111111111,Tua
1117,1117,1175,1983,S2,Menikah,36262000.0,0,0,2013-09-20,24,88000,39000,54000,64000,28000,153000,1,3,5,3,6,1,0,0,0,0,0,3,11,1,2013-10-14,31,1,0,0,1,426000,0.08333333333333333,0.3333333333333333,Tua
1118,1118,880,1966,SMA,Bertunangan,22634000.0,0,0,2013-01-16,47,2000,23000,11000,8000,6000,46000,1,2,1,2,8,0,0,0,0,0,0,3,11,0,2013-03-04,48,1,1,0,0,96000,0.16666666666666666,0.2,Tua
1119,1119,2320,1978,D3,Menikah,47025000.0,0,1,2013-09-12,98,508000,11000,59000,23000,5000,29000,5,11,1,6,9,0,0,0,0,0,0,3,11,0,2013-12-19,36,1,0,1,0,635000,0.21739130434782608,0.55,Tua
1120,1120,850,1968,S1,Lajang,70566000.0,0,1,2013-10-06,4,381000,28000,215000,84000,28000,21000,2,6,5,9,3,0,0,0,0,0,0,3,11,0,2013-10-10,46,0,0,1,0,757000,0.09090909090909091,0.6666666666666666,Tua
1121,1121,4713,1979,S3,Menikah,31605000.0,1,0,2012-11-22,15,74000,0,42000,2000,1000,6000,2,2,1,4,7,0,0,0,0,0,0,3,11,0,2012-12-07,35,1,0,1,0,125000,0.2222222222222222,0.2222222222222222,Tua
1122,1122,675,1973,S2,Cerai,52034000.0,1,1,2013-05-17,67,146000,0,93000,7000,13000,73000,5,4,2,5,7,0,0,0,0,0,0,3,11,0,2013-07-23,41,0,0,2,0,332000,0.3125,0.36363636363636365,Tua
1123,1123,5025,1979,S1,Lajang,48526000.0,1,0,2013-12-24,32,23000,17000,23000,43000,20000,9000,1,2,1,4,3,0,0,0,0,0,0,3,11,0,2014-01-25,35,0,0,1,0,135000,0.125,0.4,Tua
1124,1124,2308,1954,S1,Menikah,46734000.0,0,1,2012-11-18,40,110000,5000,137000,26000,23000,29000,2,6,1,5,7,0,0,0,0,0,0,3,11,0,2012-12-28,60,1,0,1,0,330000,0.14285714285714285,0.46153846153846156,Lansia
1125,1125,5995,1962,S1,Cerai,39552000.0,1,1,2012-12-18,54,165000,3000,147000,4000,24000,41000,7,6,2,5,8,0,0,0,0,0,0,3,11,1,2013-02-10,52,0,0,2,0,384000,0.35,0.42857142857142855,Tua
1126,1126,6749,1966,S1,Lajang,86358000.0,1,1,2012-08-08,78,957000,47000,494000,82000,47000,95000,4,5,3,6,8,0,0,0,0,0,0,3,11,0,2012-10-25,48,0,0,2,0,1722000,0.2222222222222222,0.38461538461538464,Tua
1127,1127,1010,1977,S1,Bertunangan,46931000.0,2,1,2014-04-24,94,41000,0,17000,3000,1000,16000,2,1,1,3,3,0,0,0,0,0,0,3,11,0,2014-07-27,37,1,0,3,0,78000,0.2857142857142857,0.25,Tua
1128,1128,8977,1985,SMA,Lajang,16581000.0,0,0,2013-01-12,51,1000,3000,4000,2000,3000,11000,1,0,0,3,4,0,0,0,0,0,0,3,11,0,2013-03-04,29,0,1,0,0,24000,0.25,0.0,Muda
1129,1129,4756,1952,D3,Cerai,63998000.0,0,0,2013-12-20,42,176000,29000,818000,0,33000,112000,1,7,6,11,4,0,0,0,0,0,0,3,11,1,2014-01-31,62,0,0,0,0,1168000,0.04,0.6363636363636364,Lansia
1130,1130,3412,1951,S2,Menikah,67381000.0,0,1,2013-01-15,67,815000,8000,53000,11000,0,70000,4,2,2,9,7,0,1,0,0,0,0,3,11,0,2013-03-23,63,1,0,1,1,957000,0.23529411764705882,0.2222222222222222,Lansia
1131,1131,606,1967,S1,Lajang,25930000.0,1,1,2013-10-10,87,6000,1000,2000,2000,0,4000,1,1,0,2,7,0,0,0,0,0,0,3,11,0,2014-01-05,47,0,0,2,0,15000,0.25,0.125,Tua
1132,1132,5961,1978,S1,Menikah,42693000.0,1,0,2014-06-07,29,8000,4000,20000,6000,3000,16000,1,1,0,3,5,0,0,0,0,0,0,3,11,0,2014-07-06,36,1,0,1,0,57000,0.2,0.16666666666666666,Tua
1133,1133,2975,1976,S1,Bertunangan,85606000.0,0,1,2012-11-12,89,717000,42000,864000,219000,30000,84000,2,6,7,9,3,0,0,0,1,0,0,3,11,0,2013-02-09,38,1,0,1,1,1956000,0.08333333333333333,0.6666666666666666,Tua
1134,1134,2894,1985,S1,Lajang,72903000.0,0,0,2013-10-29,74,1067000,138000,750000,0,19000,39000,1,7,5,8,4,0,1,1,1,0,0,3,11,1,2014-01-11,29,0,0,0,3,2013000,0.047619047619047616,0.6363636363636364,Muda
1135,1135,7613,1974,D3,Bertunangan,49669000.0,1,0,2014-05-24,97,166000,5000,107000,11000,8000,29000,2,5,1,6,6,0,0,0,0,0,0,3,11,0,2014-08-29,40,1,0,1,0,326000,0.14285714285714285,0.45454545454545453,Tua
1136,1136,10542,1968,S3,Menikah,36778000.0,1,1,2012-08-05,63,29000,4000,34000,2000,4000,4000,3,3,0,3,9,0,0,0,0,0,0,3,11,0,2012-10-07,46,1,0,2,0,77000,0.3333333333333333,0.25,Tua
1137,1137,8015,1962,S3,Cerai,85696000.0,0,0,2013-05-03,88,714000,76000,395000,116000,0,12000,1,4,6,9,1,0,0,0,0,0,0,3,11,1,2013-07-30,52,0,0,0,0,1313000,0.05,0.8,Tua
1138,1138,10617,1989,S2,Cerai,10979000.0,0,0,2014-05-22,34,8000,4000,10000,2000,2000,4000,2,3,0,3,5,0,0,0,0,0,0,3,11,0,2014-06-25,25,0,0,0,0,30000,0.25,0.375,Muda
1139,1139,11166,1961,S1,Menikah,49678000.0,0,1,2013-02-02,81,229000,5000,56000,3000,2000,20000,2,6,2,4,7,0,0,0,0,0,0,3,11,0,2013-04-24,53,1,0,1,0,315000,0.14285714285714285,0.46153846153846156,Tua
1140,1140,849,1953,S2,Bertunangan,56129000.0,0,1,2013-06-20,65,320000,48000,133000,39000,72000,48000,4,6,2,10,4,0,0,0,0,0,0,3,11,0,2013-08-24,61,1,0,1,0,660000,0.18181818181818182,0.6,Lansia
1141,1141,523,1989,S1,Menikah,37155000.0,1,0,2013-01-31,51,23000,0,26000,7000,15000,3000,1,2,0,4,5,0,0,0,0,0,0,3,11,0,2013-03-23,25,1,0,1,0,74000,0.14285714285714285,0.2857142857142857,Muda
1142,1142,4066,1978,D3,Cerai,21282000.0,1,0,2014-05-11,76,1000,5000,8000,4000,8000,20000,2,2,1,2,6,0,0,0,0,0,0,3,11,0,2014-07-26,36,0,0,1,0,46000,0.2857142857142857,0.25,Tua
1143,1143,8414,1962,S3,Lajang,33419000.0,0,1,2013-08-17,76,56000,0,12000,0,0,18000,2,2,0,4,7,0,0,0,0,0,0,3,11,0,2013-11-01,52,0,0,1,0,86000,0.25,0.2222222222222222,Tua
1144,1144,819,1945,S1,Janda,63285000.0,0,0,2013-11-05,84,508000,124000,249000,50000,38000,134000,1,6,5,13,3,0,0,0,0,0,0,3,11,0,2014-01-28,69,0,0,0,0,1103000,0.04,0.6666666666666666,Lansia
1145,1145,4961,1974,S2,Bertunangan,21255000.0,1,0,2014-01-21,56,29000,0,25000,2000,2000,3000,4,2,1,4,4,0,0,0,0,0,0,3,11,0,2014-03-18,40,1,0,1,0,61000,0.36363636363636365,0.3333333333333333,Tua
1146,1146,749,1981,S1,Bertunangan,42162000.0,1,0,2013-11-19,31,46000,7000,59000,2000,4000,27000,2,3,1,3,6,1,0,0,0,0,0,3,11,1,2013-12-20,33,1,0,1,1,145000,0.2222222222222222,0.3333333333333333,Tua
1147,1147,5430,1956,S1,Bertunangan,54450000.0,1,1,2012-09-14,0,454000,0,171000,8000,19000,32000,12,9,2,8,8,0,0,0,0,0,0,3,11,0,2012-09-14,58,1,0,2,0,684000,0.3870967741935484,0.5294117647058824,Lansia
1148,1148,7755,1954,S3,Menikah,57744000.0,0,1,2013-11-12,91,350000,3000,39000,0,0,19000,2,9,1,4,8,0,0,0,0,0,0,3,11,0,2014-02-11,60,1,0,1,0,411000,0.125,0.5294117647058824,Lansia
1149,1149,10525,1986,S1,Lajang,26576000.0,1,0,2012-10-13,40,10000,0,8000,0,0,9000,1,1,0,2,9,1,0,0,0,0,0,3,11,1,2012-11-22,28,0,0,1,1,27000,0.25,0.1,Muda
1150,1150,1453,1943,S3,Janda,57513000.0,0,0,2013-07-06,59,735000,40000,183000,52000,20000,30000,2,9,3,13,6,0,0,0,0,0,0,3,11,0,2013-09-03,71,0,0,0,0,1060000,0.07407407407407407,0.6,Lansia
1151,1151,8310,1964,S1,Bertunangan,68142000.0,0,1,2012-08-29,96,897000,126000,196000,91000,112000,37000,3,10,4,7,6,0,0,0,0,0,0,3,11,0,2012-12-03,50,1,0,1,0,1459000,0.125,0.625,Tua
1152,1152,10710,1979,S1,Menikah,7500000.0,0,1,2012-08-29,61,5000,2000,3000,3000,0,5000,1,1,0,2,8,0,0,0,0,0,0,3,11,0,2012-10-29,35,1,0,1,0,18000,0.25,0.1111111111111111,Tua
1153,1153,5031,1974,S1,Bertunangan,83145000.0,0,0,2012-09-22,14,777000,35000,731000,39000,137000,114000,1,5,9,11,2,0,0,1,0,0,0,3,11,1,2012-10-06,40,1,0,0,1,1833000,0.038461538461538464,0.7142857142857143,Tua
1154,1154,2613,1960,S2,Menikah,54197000.0,0,1,2014-04-03,16,162000,6000,37000,6000,13000,13000,2,1,3,6,1,0,0,0,0,0,0,3,11,0,2014-04-19,54,1,0,1,0,237000,0.16666666666666666,0.5,Tua
1155,1155,213,1963,S3,Lajang,23091000.0,1,1,2014-05-28,98,35000,0,11000,0,0,2000,4,2,1,3,7,0,0,0,0,0,0,3,11,0,2014-09-03,51,0,0,2,0,48000,0.4,0.2222222222222222,Tua
1156,1156,967,1976,S1,Menikah,46049000.0,1,1,2013-07-21,11,342000,9000,112000,19000,14000,19000,10,5,2,9,7,0,0,0,0,0,0,3,11,1,2013-08-01,38,1,0,2,0,515000,0.38461538461538464,0.4166666666666667,Tua
1157,1157,1077,1974,S1,Bertunangan,56715000.0,0,0,2012-12-05,52,258000,105000,239000,237000,172000,9000,1,7,3,4,4,0,0,0,0,0,0,3,11,0,2013-01-26,40,1,0,0,0,1020000,0.06666666666666667,0.6363636363636364,Tua
1158,1158,7959,1961,S1,Menikah,79410000.0,0,0,2014-05-29,19,658000,80000,483000,123000,13000,13000,1,3,2,5,1,0,0,0,0,0,0,3,11,0,2014-06-17,53,1,0,0,0,1370000,0.09090909090909091,0.75,Tua
1159,1159,640,1951,S1,Menikah,57304000.0,0,1,2013-03-11,61,356000,80000,329000,138000,17000,106000,2,7,6,10,5,0,0,0,0,0,0,3,11,0,2013-05-11,63,1,0,1,0,1026000,0.08,0.5833333333333334,Lansia
1160,1160,4252,1965,S1,Menikah,44375000.0,0,1,2014-03-23,73,213000,5000,28000,7000,7000,41000,1,4,1,6,5,0,0,0,0,0,0,3,11,0,2014-06-04,49,1,0,1,0,301000,0.08333333333333333,0.4444444444444444,Tua
1161,1161,8432,1956,S1,Bertunangan,54450000.0,1,1,2012-09-14,0,454000,0,171000,8000,19000,32000,12,9,2,8,8,0,0,0,0,0,0,3,11,0,2012-09-14,58,1,0,2,0,684000,0.3870967741935484,0.5294117647058824,Lansia
1162,1162,6218,1965,S1,Menikah,59594000.0,0,1,2012-10-20,74,457000,4000,29000,0,0,9000,1,8,1,7,7,0,1,0,0,0,0,3,11,0,2013-01-02,49,1,0,1,1,499000,0.058823529411764705,0.5333333333333333,Tua
1163,1163,6905,1994,S1,Bertunangan,80685000.0,0,0,2012-08-22,55,241000,45000,604000,34000,26000,54000,1,6,4,10,2,0,0,0,0,0,0,3,11,0,2012-10-16,20,1,0,0,0,1004000,0.047619047619047616,0.75,Muda
1164,1164,5922,1974,S3,Menikah,40344000.0,0,1,2013-10-13,48,210000,0,6000,0,0,2000,2,4,1,5,7,0,0,0,0,0,0,3,11,0,2013-11-30,40,1,0,1,0,218000,0.16666666666666666,0.36363636363636365,Tua
1165,1165,3598,1972,S1,Menikah,62710000.0,0,1,2013-05-23,53,441000,35000,83000,7000,29000,11000,4,4,2,12,4,0,0,0,0,0,0,3,11,0,2013-07-15,42,1,0,1,0,606000,0.18181818181818182,0.5,Tua
1166,1166,6116,1968,D3,Menikah,48985000.0,0,1,2013-07-05,13,19000,13000,18000,10000,7000,8000,1,1,1,3,3,0,0,0,0,0,0,3,11,0,2013-07-18,46,1,0,1,0,75000,0.16666666666666666,0.25,Tua
1167,1167,6263,1968,S1,Bertunangan,35322000.0,1,2,2012-08-22,34,28000,9000,37000,12000,7000,13000,3,2,0,4,8,0,0,0,0,0,0,3,11,0,2012-09-25,46,1,0,3,0,106000,0.3333333333333333,0.2,Tua
1168,1168,10486,1948,S1,Menikah,77142000.0,0,0,2013-05-29,54,476000,75000,162000,29000,151000,97000,1,4,4,8,2,0,0,0,0,0,0,3,11,0,2013-07-22,66,1,0,0,0,990000,0.058823529411764705,0.6666666666666666,Lansia
1169,1169,2410,1969,S1,Lajang,81657000.0,0,0,2014-01-22,69,364000,40000,425000,158000,60000,50000,1,3,4,8,1,0,0,0,0,0,0,3,11,0,2014-04-01,45,0,0,0,0,1097000,0.0625,0.75,Tua
1170,1170,193,1996,SMA,Menikah,14421000.0,0,0,2014-02-17,81,0,0,2000,3000,3000,8000,1,1,0,2,5,1,0,0,0,0,0,3,11,0,2014-05-09,18,1,1,0,1,16000,0.25,0.16666666666666666,Muda
1171,1171,3363,1974,D3,Menikah,20130000.0,0,0,2014-03-17,99,0,6000,3000,7000,6000,12000,1,1,0,3,8,0,0,0,0,0,0,3,11,0,2014-06-24,40,1,0,0,0,34000,0.2,0.1111111111111111,Tua
1172,1172,8278,1990,S3,Menikah,74214000.0,0,0,2012-08-26,3,863000,83000,547000,86000,99000,33000,1,8,2,5,5,0,0,0,0,0,0,3,11,0,2012-08-29,24,1,0,0,0,1711000,0.0625,0.6153846153846154,Muda
1173,1173,10660,1957,S2,Menikah,66726000.0,1,1,2014-01-12,61,349000,7000,35000,0,0,47000,3,8,2,4,7,0,1,0,0,0,0,3,11,0,2014-03-14,57,1,0,2,1,438000,0.17647058823529413,0.5333333333333333,Lansia
1174,1174,8686,1979,SMA,Bertunangan,23724000.0,1,0,2013-01-08,65,5000,23000,15000,0,18000,14000,2,2,0,3,8,0,0,0,0,0,0,3,11,0,2013-03-14,35,1,1,1,0,75000,0.2857142857142857,0.2,Tua
1175,1175,1604,1960,S2,Menikah,47353000.0,0,1,2013-11-13,93,184000,2000,19000,8000,8000,4000,3,2,2,6,5,0,0,0,0,0,0,3,11,0,2014-02-14,54,1,0,1,0,225000,0.23076923076923078,0.2857142857142857,Tua
1176,1176,5907,1952,S2,Menikah,33444000.0,1,1,2012-11-03,24,8000,0,8000,0,0,2000,1,1,0,2,8,0,0,0,0,0,0,3,11,0,2012-11-27,62,1,0,2,0,18000,0.25,0.1111111111111111,Lansia
1177,1177,10669,1981,S1,Menikah,54386000.0,0,1,2013-05-17,8,277000,21000,64000,62000,21000,25000,2,3,2,10,3,0,0,0,0,0,0,3,11,0,2013-05-25,33,1,0,1,0,470000,0.11764705882352941,0.5,Tua
1178,1178,2918,1981,S1,Cerai,28510000.0,1,1,2013-04-13,72,44000,5000,19000,0,4000,19000,3,2,0,4,5,0,0,0,0,0,0,3,11,0,2013-06-24,33,0,0,2,0,91000,0.3333333333333333,0.2857142857142857,Tua
1179,1179,5735,1991,S2,Lajang,90638000.0,0,0,2014-02-13,29,1156000,120000,915000,94000,144000,96000,1,3,4,10,1,0,0,1,0,0,0,3,11,0,2014-03-14,23,0,0,0,1,2525000,0.05555555555555555,0.75,Muda
1180,1180,359,1950,S1,Bertunangan,48070000.0,0,1,2013-01-13,33,373000,14000,83000,6000,9000,19000,3,8,2,6,7,0,0,0,0,0,1,3,11,0,2013-02-15,64,1,0,1,0,504000,0.15789473684210525,0.5333333333333333,Lansia
1181,1181,8387,1957,S1,Menikah,43140000.0,0,1,2013-01-05,68,134000,8000,76000,6000,0,11000,1,4,1,5,6,0,0,0,0,0,0,3,11,0,2013-03-14,57,1,0,1,0,235000,0.09090909090909091,0.4,Lansia
1182,1182,1829,1961,S3,Cerai,54959000.0,0,1,2013-01-19,55,1148000,0,60000,0,0,24000,3,9,5,4,7,0,1,0,0,0,0,3,11,1,2013-03-15,53,0,0,1,1,1232000,0.14285714285714285,0.5625,Tua
1183,1183,3839,1958,SMA,Lajang,15056000.0,1,1,2013-05-03,76,6000,12000,3000,21000,6000,40000,5,2,2,3,5,0,0,0,0,0,0,3,11,0,2013-07-18,56,0,1,2,0,88000,0.4166666666666667,0.2857142857142857,Lansia
1184,1184,9392,1971,S1,Lajang,26954000.0,1,0,2014-05-08,17,4000,1000,11000,0,0,1000,1,1,0,2,7,0,0,0,0,0,0,3,11,0,2014-05-25,43,0,0,1,0,17000,0.25,0.125,Tua
1185,1185,2292,1985,S1,Lajang,22327000.0,1,0,2013-08-02,94,5000,4000,8000,2000,0,5000,1,1,0,3,5,0,0,0,0,0,0,3,11,0,2013-11-04,29,0,0,1,0,24000,0.2,0.16666666666666666,Muda
1186,1186,10466,1965,S1,Menikah,44393000.0,1,1,2013-08-22,86,24000,2000,20000,2000,2000,10000,2,1,0,4,4,0,0,0,0,0,0,3,11,0,2013-11-16,49,1,0,2,0,60000,0.2857142857142857,0.2,Tua
1187,1187,9855,1952,S3,Lajang,62000000.0,0,1,2013-08-25,25,899000,0,101000,0,0,20000,1,6,6,13,4,0,0,0,1,0,0,3,11,0,2013-09-19,62,0,0,1,1,1020000,0.038461538461538464,0.6,Lansia
1188,1188,4088,1962,S3,Bertunangan,31497000.0,0,1,2012-12-06,22,108000,1000,28000,13000,1000,4000,2,3,1,4,8,0,0,0,0,0,0,3,11,0,2012-12-28,52,1,0,1,0,155000,0.2,0.2727272727272727,Tua
1189,1189,5231,1974,D3,Menikah,45894000.0,0,2,2014-02-27,15,27000,2000,7000,0,2000,13000,1,1,0,3,5,0,0,0,0,0,0,3,11,0,2014-03-14,40,1,0,2,0,51000,0.2,0.16666666666666666,Tua
1190,1190,590,1970,S2,Cerai,78579000.0,0,0,2012-12-22,35,816000,66000,549000,216000,66000,99000,1,5,6,4,3,0,0,0,0,0,0,3,11,1,2013-01-26,44,0,0,0,0,1812000,0.0625,0.625,Tua
1191,1191,8732,1969,S2,Janda,67369000.0,0,1,2012-11-17,81,1298000,0,70000,37000,14000,42000,4,7,4,10,4,0,1,1,0,0,0,3,11,1,2013-02-06,45,0,0,1,2,1461000,0.16,0.6363636363636364,Tua
1192,1192,2315,1960,S1,Cerai,58401000.0,0,1,2014-04-20,55,10000,0,11000,17000,29000,29000,1,1,2,2,4,0,0,0,0,0,0,3,11,0,2014-06-14,54,0,0,1,0,96000,0.16666666666666666,0.2,Tua
1193,1193,3515,1952,S1,Lajang,62307000.0,0,1,2014-02-17,94,87000,13000,34000,10000,6000,10000,1,4,0,4,5,0,0,0,0,0,0,3,11,0,2014-05-22,62,0,0,1,0,160000,0.1111111111111111,0.4444444444444444,Lansia
1194,1194,2245,1969,S2,Menikah,43641000.0,1,1,2013-04-22,50,57000,2000,51000,4000,2000,23000,3,2,1,4,6,0,0,0,0,0,0,3,11,0,2013-06-11,45,1,0,2,0,139000,0.3,0.25,Tua
1195,1195,6283,1968,S2,Cerai,63841000.0,0,1,2013-04-21,64,635000,15000,100000,20000,7000,131000,1,9,3,9,6,0,0,0,0,0,0,3,11,0,2013-06-24,46,0,0,1,0,908000,0.045454545454545456,0.6,Tua
1196,1196,2246,1965,D3,Menikah,46891000.0,0,1,2013-09-01,91,43000,12000,23000,29000,15000,61000,1,2,1,4,4,0,0,0,0,0,0,3,11,0,2013-12-01,49,1,0,1,0,183000,0.125,0.3333333333333333,Tua
1197,1197,6606,1969,S2,Menikah,70091000.0,1,0,2013-03-31,11,964000,34000,137000,15000,0,11000,2,5,2,10,8,0,1,0,0,0,0,3,11,0,2013-04-11,45,1,0,1,1,1161000,0.10526315789473684,0.38461538461538464,Tua
1198,1198,5545,1972,S3,Menikah,78075000.0,0,0,2014-04-05,72,572000,8000,259000,34000,35000,80000,1,3,5,5,1,0,0,0,0,0,0,3,11,0,2014-06-16,42,1,0,0,0,988000,0.07142857142857142,0.75,Tua
1199,1199,7342,1961,D3,Janda,59184000.0,0,1,2012-09-09,6,341000,142000,113000,259000,151000,66000,3,6,6,12,5,0,0,0,0,0,0,3,11,0,2012-09-15,53,0,0,1,0,1072000,0.1111111111111111,0.5454545454545454,Tua
1200,1200,837,1977,S1,Menikah,54809000.0,1,1,2013-09-11,0,63000,6000,57000,13000,13000,22000,4,2,1,5,4,0,0,0,0,0,0,3,11,0,2013-09-11,37,1,0,2,0,174000,0.3333333333333333,0.3333333333333333,Tua
1201,1201,9500,1959,S1,Menikah,58113000.0,0,1,2013-01-25,66,221000,104000,169000,102000,78000,84000,3,9,2,8,7,0,0,0,0,0,1,3,11,0,2013-04-01,55,1,0,1,0,758000,0.13636363636363635,0.5625,Tua
1202,1202,3602,1958,S2,Menikah,51412000.0,0,1,2013-12-31,42,140000,3000,29000,4000,5000,14000,2,3,2,4,4,0,0,0,0,0,0,3,11,0,2014-02-11,56,1,0,1,0,195000,0.18181818181818182,0.42857142857142855,Lansia
1203,1203,234,1979,S1,Cerai,15287000.0,1,0,2012-10-10,60,1000,2000,8000,4000,3000,13000,2,1,1,2,7,1,0,0,0,0,0,3,11,1,2012-12-09,35,0,0,1,1,31000,0.3333333333333333,0.125,Tua
1204,1204,2995,1957,S2,Bertunangan,66636000.0,0,0,2013-08-17,64,291000,10000,689000,84000,10000,0,1,3,4,9,1,0,0,0,0,0,0,3,11,0,2013-10-20,57,1,0,0,0,1084000,0.058823529411764705,0.75,Lansia
1205,1205,1118,1956,S2,Menikah,50965000.0,0,1,2013-02-20,87,544000,13000,85000,8000,6000,29000,3,10,4,5,8,1,0,0,0,0,0,3,11,0,2013-05-18,58,1,0,1,1,685000,0.13636363636363635,0.5555555555555556,Lansia
1206,1206,7789,1965,S3,Menikah,84618000.0,0,0,2013-11-22,96,684000,100000,801000,21000,66000,0,1,6,9,10,2,0,0,1,0,0,0,3,11,0,2014-02-26,49,1,0,0,1,1672000,0.038461538461538464,0.75,Tua
1207,1207,3068,1990,S1,Menikah,18351000.0,0,0,2013-10-29,1,1000,12000,9000,0,14000,7000,1,2,0,3,7,0,0,0,0,0,0,3,11,0,2013-10-30,24,1,0,0,0,43000,0.16666666666666666,0.2222222222222222,Muda
1208,1208,8955,1957,S3,Bertunangan,40451000.0,0,2,2014-02-16,54,35000,0,4000,0,0,10000,1,1,1,2,5,1,0,0,0,0,0,3,11,0,2014-04-11,57,1,0,2,1,49000,0.2,0.16666666666666666,Lansia
1209,1209,945,1965,S1,Bertunangan,36317000.0,0,1,2013-05-22,53,87000,3000,25000,3000,2000,13000,2,3,0,4,7,0,0,0,0,0,0,3,11,0,2013-07-14,49,1,0,1,0,133000,0.2222222222222222,0.3,Tua
1210,1210,5644,1957,S1,Bertunangan,42213000.0,0,1,2013-10-12,96,309000,3000,24000,4000,3000,20000,2,5,1,7,7,0,1,0,0,0,0,3,11,0,2014-01-16,57,1,0,1,1,363000,0.13333333333333333,0.4166666666666667,Lansia
1211,1211,7192,1955,S1,Bertunangan,65748000.0,0,1,2013-04-15,58,172000,73000,93000,95000,78000,34000,2,2,4,10,1,0,0,0,0,0,1,3,11,0,2013-06-12,59,1,0,1,0,545000,0.1111111111111111,0.6666666666666666,Lansia
1212,1212,2324,1972,S1,Bertunangan,77044000.0,0,1,2013-10-27,12,625000,38000,242000,50000,34000,76000,2,7,11,11,4,1,0,0,0,0,0,3,11,0,2013-11-08,42,1,0,1,1,1065000,0.06451612903225806,0.6363636363636364,Tua
1213,1213,697,1969,S1,Bertunangan,74918000.0,0,0,2013-03-12,78,972000,59000,913000,25000,19000,59000,1,5,9,6,3,0,0,1,0,0,0,3,11,0,2013-05-29,45,1,0,0,1,2047000,0.047619047619047616,0.625,Tua
1214,1214,3439,1972,S1,Menikah,56721000.0,1,1,2012-10-31,64,157000,6000,39000,6000,13000,75000,5,4,1,5,6,0,0,0,0,0,0,3,11,0,2013-01-03,42,1,0,2,0,296000,0.3333333333333333,0.4,Tua
1215,1215,1506,1975,S1,Lajang,42160000.0,1,1,2013-06-28,26,48000,9000,45000,3000,15000,20000,4,2,1,4,6,0,0,0,0,0,0,3,11,1,2013-07-24,39,0,0,2,0,140000,0.36363636363636365,0.25,Tua
1216,1216,232,1965,S1,Lajang,61559000.0,0,1,2013-07-17,8,279000,83000,88000,32000,14000,34000,1,4,2,10,3,0,0,0,0,0,0,3,11,0,2013-07-25,49,0,0,1,0,530000,0.058823529411764705,0.5714285714285714,Tua
1217,1217,8876,1963,S3,Bertunangan,33629000.0,1,1,2012-08-08,49,132000,0,16000,0,0,4000,5,3,1,4,9,0,0,0,0,0,0,3,11,0,2012-09-26,51,1,0,2,0,152000,0.38461538461538464,0.25,Tua
1218,1218,4500,1991,S3,Bertunangan,68682000.0,0,0,2013-10-06,56,919000,0,505000,99000,30000,45000,1,4,9,10,2,0,0,0,0,0,0,3,11,0,2013-12-01,23,1,0,0,0,1598000,0.041666666666666664,0.6666666666666666,Muda
1219,1219,9739,1963,S1,Lajang,34377000.0,0,1,2013-01-19,55,62000,0,22000,3000,1000,26000,2,2,2,2,7,0,0,0,0,0,0,3,11,0,2013-03-15,51,0,0,1,0,114000,0.25,0.2222222222222222,Tua
1220,1220,10395,1986,SMA,Lajang,8940000.0,1,0,2012-08-22,25,1000,45000,3000,4000,6000,42000,3,3,1,3,8,0,0,0,0,0,0,3,11,0,2012-09-16,28,0,1,1,0,101000,0.3,0.2727272727272727,Muda
1221,1221,1176,1973,S1,Menikah,26228000.0,1,0,2013-09-22,50,2000,6000,4000,3000,1000,9000,1,1,0,2,8,0,0,0,0,0,0,3,11,0,2013-11-11,41,1,0,1,0,25000,0.25,0.1111111111111111,Tua
1222,1222,1627,1957,D3,Cerai,77297000.0,0,0,2013-01-26,84,408000,61000,109000,48000,122000,41000,1,5,7,9,4,0,0,0,1,0,0,3,11,0,2013-04-20,57,0,0,0,1,789000,0.045454545454545456,0.5555555555555556,Lansia
1223,1223,938,1981,S1,Menikah,40211000.0,1,1,2013-07-30,30,51000,1000,7000,2000,1000,25000,2,2,1,2,8,1,0,0,0,0,0,3,11,0,2013-08-29,33,1,0,2,1,87000,0.2857142857142857,0.2,Tua
1224,1224,2740,1958,S3,Janda,33438000.0,1,1,2013-09-22,81,62000,1000,16000,3000,2000,6000,4,2,1,4,5,0,0,0,0,0,0,3,11,0,2013-12-12,56,0,0,2,0,90000,0.36363636363636365,0.2857142857142857,Lansia
1225,1225,257,1959,S3,Menikah,75032000.0,0,1,2013-04-28,74,952000,12000,180000,47000,12000,12000,2,5,4,9,3,0,0,0,0,0,0,3,11,0,2013-07-11,55,1,0,1,0,1215000,0.1,0.625,Tua
1226,1226,4058,1955,S3,Lajang,61284000.0,0,0,2013-10-12,76,618000,15000,106000,20000,7000,45000,1,11,2,8,6,0,1,0,0,0,0,3,11,0,2013-12-27,59,0,0,0,1,811000,0.045454545454545456,0.6470588235294118,Lansia
1227,1227,7736,1986,S1,Menikah,22518000.0,1,0,2012-10-22,36,11000,7000,12000,2000,2000,27000,2,2,1,2,5,1,0,0,0,0,0,3,11,1,2012-11-27,28,1,0,1,1,61000,0.2857142857142857,0.2857142857142857,Muda
1228,1228,8210,1975,S2,Menikah,54730000.0,0,1,2013-08-15,64,318000,3000,17000,4000,7000,56000,5,4,1,8,4,0,0,0,0,0,0,3,11,0,2013-10-18,39,1,0,1,0,405000,0.2777777777777778,0.5,Tua
1229,1229,833,1955,S2,Menikah,38452000.0,1,1,2014-03-30,62,56000,0,14000,0,0,2000,3,3,0,3,7,0,0,0,0,0,0,3,11,0,2014-05-31,59,1,0,2,0,72000,0.3333333333333333,0.3,Lansia
1230,1230,6230,1971,S1,Cerai,44421000.0,1,1,2013-02-15,53,110000,5000,59000,7000,1000,7000,5,5,0,4,8,0,0,0,0,0,0,3,11,0,2013-04-09,43,0,0,2,0,189000,0.35714285714285715,0.38461538461538464,Tua
1231,1231,7325,1986,S3,Bertunangan,38197000.0,1,0,2013-06-29,86,23000,0,11000,2000,1000,3000,1,1,0,3,5,0,0,0,0,0,0,3,11,0,2013-09-23,28,1,0,1,0,40000,0.2,0.16666666666666666,Muda
1232,1232,1307,1978,S1,Cerai,41986000.0,0,1,2014-02-09,15,27000,5000,8000,8000,3000,12000,3,3,0,4,4,0,0,0,0,0,0,3,11,0,2014-02-24,36,0,0,1,0,63000,0.3,0.42857142857142855,Tua
1233,1233,1502,1983,S1,Bertunangan,28427000.0,1,0,2013-03-21,67,18000,3000,19000,3000,3000,6000,2,2,0,3,8,0,0,0,0,0,0,3,11,0,2013-05-27,31,1,0,1,0,52000,0.2857142857142857,0.2,Tua
1234,1234,6211,1976,S3,Bertunangan,37395000.0,1,0,2014-05-02,47,18000,0,9000,0,1000,11000,1,1,0,3,6,0,0,0,0,0,0,3,11,0,2014-06-18,38,1,0,1,0,39000,0.2,0.14285714285714285,Tua
1235,1235,843,1971,S1,Menikah,64722000.0,1,0,2014-05-26,47,303000,0,280000,60000,147000,15000,4,8,2,11,6,0,0,0,0,0,0,3,11,0,2014-07-12,43,1,0,1,0,805000,0.16,0.5714285714285714,Tua
1236,1236,4174,1956,S2,Bertunangan,55249000.0,0,1,2014-04-17,81,97000,1000,19000,2000,0,11000,1,2,1,4,3,0,0,0,0,0,0,3,11,0,2014-07-07,58,1,0,1,0,130000,0.125,0.4,Lansia
1237,1237,9757,1972,S1,Bertunangan,84906000.0,0,0,2013-10-04,98,997000,15000,414000,99000,30000,76000,1,5,6,12,2,0,1,1,0,1,0,3,11,0,2014-01-10,42,1,0,0,3,1631000,0.041666666666666664,0.7142857142857143,Tua
1238,1238,6918,1989,S1,Menikah,28691000.0,1,0,2013-07-04,56,5000,4000,13000,8000,0,4000,1,1,0,3,8,0,0,0,0,0,0,3,11,0,2013-08-29,25,1,0,1,0,34000,0.2,0.1111111111111111,Muda
1239,1239,286,1952,S1,Lajang,44213000.0,1,1,2013-11-29,48,95000,11000,35000,0,4000,7000,4,2,1,5,6,0,0,0,0,0,0,3,11,0,2014-01-16,62,0,0,2,0,152000,0.3333333333333333,0.25,Lansia
1240,1240,11086,1984,SMA,Lajang,25707000.0,1,0,2014-01-18,18,1000,6000,2000,3000,6000,3000,1,1,0,3,7,0,0,0,0,0,0,3,11,0,2014-02-05,30,0,1,1,0,21000,0.2,0.125,Muda
1241,1241,1921,1967,S3,Menikah,59062000.0,2,1,2013-10-03,74,46000,1000,12000,3000,0,9000,2,2,0,3,4,0,0,0,0,0,0,3,11,0,2013-12-16,47,1,0,3,0,71000,0.2857142857142857,0.3333333333333333,Tua
1242,1242,4138,1962,S1,Lajang,76624000.0,0,1,2014-05-24,68,411000,106000,147000,54000,115000,66000,1,5,10,7,1,1,0,0,0,0,0,3,11,0,2014-07-31,52,0,0,1,1,899000,0.043478260869565216,0.8333333333333334,Tua
1243,1243,7718,1947,S2,Bertunangan,66000000.0,0,0,2014-04-20,36,244000,51000,270000,101000,0,45000,1,1,3,5,1,0,0,0,0,0,0,3,11,0,2014-05-26,67,1,0,0,0,711000,0.1,0.5,Lansia
1244,1244,1291,1978,S3,Bertunangan,27683000.0,1,0,2012-08-04,90,152000,9000,121000,12000,12000,45000,4,6,2,4,8,0,0,0,0,0,0,3,11,0,2012-11-02,36,1,0,1,0,351000,0.25,0.42857142857142855,Tua
1245,1245,6862,1971,S1,Cerai,1730000.0,0,0,2014-05-18,65,1000,1000,3000,1000,1000,1000,15,0,0,0,20,0,0,0,0,0,0,3,11,0,2014-07-22,43,0,0,0,0,8000,1.0,0.0,Tua
1246,1246,4136,1992,SMA,Lajang,7500000.0,1,0,2012-12-03,63,10000,17000,18000,8000,26000,40000,4,3,2,2,9,0,0,0,0,0,0,3,11,0,2013-02-04,22,0,1,1,0,119000,0.36363636363636365,0.25,Muda
1247,1247,803,1968,S1,Bertunangan,40521000.0,1,1,2013-04-05,82,12000,0,5000,0,0,4000,1,0,1,2,5,0,0,0,0,0,0,3,11,0,2013-06-26,46,1,0,2,0,21000,0.25,0.0,Tua
1248,1248,4298,1973,S3,Bertunangan,20427000.0,1,0,2014-03-24,63,5000,0,4000,0,0,1000,1,1,0,2,8,0,0,0,0,0,0,3,11,0,2014-05-26,41,1,0,1,0,10000,0.25,0.1111111111111111,Tua
1249,1249,10833,1975,S1,Menikah,65106000.0,0,1,2014-05-24,55,790000,19000,133000,12000,0,19000,3,8,3,13,6,0,1,0,0,0,0,3,11,0,2014-07-18,39,1,0,1,1,973000,0.1111111111111111,0.5714285714285714,Tua
1250,1250,9606,1965,S3,Menikah,69969000.0,0,0,2013-08-27,64,882000,29000,514000,38000,29000,44000,1,4,2,6,3,0,0,1,1,0,0,3,11,1,2013-10-30,49,1,0,0,2,1536000,0.07692307692307693,0.5714285714285714,Tua
1251,1251,8534,1952,S1,Menikah,67433000.0,0,2,2013-07-16,51,615000,28000,259000,12000,48000,30000,4,6,5,13,4,0,1,0,0,0,0,3,11,0,2013-09-05,62,1,0,2,1,992000,0.14285714285714285,0.6,Lansia
1252,1252,5153,1967,S3,Menikah,77766000.0,0,1,2013-02-22,97,1004000,59000,265000,115000,59000,27000,2,11,10,11,6,1,0,0,0,0,0,3,11,1,2013-05-30,47,1,0,1,1,1529000,0.058823529411764705,0.6470588235294118,Tua
1253,1253,961,1972,S1,Menikah,74716000.0,0,1,2013-09-12,92,133000,27000,421000,13000,195000,71000,2,7,3,5,4,0,0,0,0,0,0,3,11,0,2013-12-13,42,1,0,1,0,860000,0.11764705882352941,0.6363636363636364,Tua
1254,1254,5011,1963,S1,Cerai,68118000.0,0,1,2013-10-18,51,595000,23000,123000,10000,23000,154000,2,8,9,4,6,0,0,0,0,0,0,3,11,0,2013-12-08,51,0,0,1,0,928000,0.08695652173913043,0.5714285714285714,Tua
1255,1255,6653,1970,S3,Menikah,55158000.0,1,1,2012-07-30,72,293000,0,87000,4000,11000,23000,4,7,2,5,7,0,0,0,0,0,0,3,11,1,2012-10-10,44,1,0,2,0,418000,0.2222222222222222,0.5,Tua
1256,1256,9094,1955,D3,Menikah,62972000.0,0,1,2012-08-03,39,313000,15000,47000,20000,0,192000,2,7,4,3,6,0,0,0,0,0,0,3,11,1,2012-09-11,59,1,0,1,0,587000,0.125,0.5384615384615384,Lansia
1257,1257,810,1975,S1,Menikah,74190000.0,0,1,2014-05-12,49,151000,81000,86000,168000,91000,64000,2,4,2,11,2,0,0,0,0,0,0,3,11,0,2014-06-30,39,1,0,1,0,641000,0.10526315789473684,0.6666666666666666,Tua
1258,1258,5493,1976,S1,Menikah,39356000.0,1,1,2014-03-19,21,15000,0,2000,0,0,6000,1,1,0,2,6,1,0,0,0,0,0,3,11,0,2014-04-09,38,1,0,2,1,23000,0.25,0.14285714285714285,Tua
1259,1259,2147,1969,S1,Bertunangan,76653000.0,0,0,2013-08-16,91,736000,63000,946000,219000,189000,126000,1,4,7,11,2,0,0,1,1,0,0,3,11,0,2013-11-15,45,1,0,0,2,2279000,0.043478260869565216,0.6666666666666666,Tua
1260,1260,5107,1973,S3,Cerai,35860000.0,1,1,2014-05-19,37,15000,0,8000,4000,2000,20000,2,1,1,2,5,1,0,0,0,0,0,3,11,0,2014-06-25,41,0,0,2,1,49000,0.3333333333333333,0.16666666666666666,Tua
1261,1261,3979,1983,S3,Cerai,90687000.0,0,0,2013-05-22,98,982000,17000,672000,23000,34000,51000,1,6,2,8,2,0,0,1,0,0,0,3,11,1,2013-08-28,31,0,0,0,1,1779000,0.058823529411764705,0.75,Tua
1262,1262,6049,1982,S2,Bertunangan,73450000.0,0,0,2013-12-05,85,1142000,51000,415000,90000,69000,37000,1,7,8,11,3,1,0,0,1,0,0,3,11,0,2014-02-28,32,1,0,0,2,1804000,0.037037037037037035,0.7,Tua
1263,1263,8147,1960,S1,Menikah,31454000.0,1,1,2013-07-06,40,28000,0,11000,0,0,9000,3,2,0,3,8,0,0,0,0,0,0,3,11,0,2013-08-15,54,1,0,2,0,48000,0.375,0.2,Tua
1264,1264,1857,1952,S1,Lajang,47139000.0,1,1,2014-03-06,2,46000,0,12000,0,2000,23000,2,2,1,2,7,0,0,0,0,0,0,3,11,1,2014-03-08,62,0,0,2,0,83000,0.2857142857142857,0.2222222222222222,Lansia
1265,1265,3910,1975,S1,Cerai,83829000.0,0,0,2013-10-08,78,897000,161000,430000,186000,161000,27000,0,4,7,6,1,1,0,1,1,0,0,3,11,1,2013-12-25,39,0,0,0,3,1862000,0.0,0.8,Tua
1266,1266,5207,1963,S3,Menikah,53378000.0,1,1,2012-09-24,41,489000,6000,152000,8000,6000,132000,10,9,4,6,8,0,0,0,0,0,0,3,11,1,2012-11-04,51,1,0,2,0,793000,0.3448275862068966,0.5294117647058824,Tua
1267,1267,11114,1970,S1,Bertunangan,19656000.0,1,0,2013-02-08,94,25000,4000,9000,6000,8000,32000,3,2,1,3,7,0,0,0,0,0,0,3,11,0,2013-05-13,44,1,0,1,0,84000,0.3333333333333333,0.2222222222222222,Tua
1268,1268,5429,1948,S3,Menikah,45579000.0,0,1,2013-08-20,10,145000,1000,33000,2000,1000,1000,1,4,1,4,6,0,0,0,0,0,0,3,11,0,2013-08-30,66,1,0,1,0,183000,0.1,0.4,Lansia
1269,1269,9400,1958,D3,Lajang,85485000.0,0,0,2014-06-21,73,630000,26000,611000,44000,18000,54000,1,6,6,6,2,0,0,0,0,0,0,3,11,0,2014-09-02,56,0,0,0,0,1383000,0.05263157894736842,0.75,Lansia
1270,1270,1740,1944,S1,Menikah,55956000.0,0,0,2014-04-07,22,760000,38000,104000,50000,9000,38000,2,7,3,4,4,0,1,0,0,0,0,3,11,0,2014-04-29,70,1,0,0,1,999000,0.125,0.6363636363636364,Lansia
1271,1271,7488,1963,S2,Lajang,64191000.0,0,1,2013-01-22,30,420000,15000,186000,151000,38000,15000,3,5,3,13,3,0,0,0,0,0,0,3,11,0,2013-02-21,51,0,0,1,0,825000,0.125,0.625,Tua
1272,1272,195,1972,S1,Lajang,38808000.0,1,0,2012-08-26,21,125000,17000,52000,3000,19000,30000,4,5,1,4,8,1,0,0,0,0,0,3,11,1,2012-09-16,42,0,0,1,1,246000,0.2857142857142857,0.38461538461538464,Tua
1273,1273,635,1966,S2,Menikah,57183000.0,1,1,2013-03-19,51,464000,5000,64000,7000,0,70000,8,9,1,7,8,0,0,0,0,0,0,3,11,0,2013-05-09,48,1,0,2,0,610000,0.32,0.5294117647058824,Tua
1274,1274,7527,1968,S2,Cerai,23748000.0,1,0,2012-11-21,97,6000,6000,29000,12000,15000,8000,3,2,1,3,8,0,0,0,0,0,0,3,11,0,2013-02-26,46,0,0,1,0,76000,0.3333333333333333,0.2,Tua
1275,1275,10319,1971,S1,Menikah,66303000.0,0,1,2013-02-26,56,1090000,12000,96000,16000,12000,60000,4,3,4,11,8,0,1,0,0,0,0,3,11,0,2013-04-23,43,1,0,1,1,1286000,0.18181818181818182,0.2727272727272727,Tua
1276,1276,2296,1975,S2,Menikah,37368000.0,1,0,2013-12-16,4,3000,2000,11000,2000,2000,10000,1,1,0,2,6,1,0,0,0,0,0,3,11,0,2013-12-20,39,1,0,1,1,30000,0.25,0.14285714285714285,Tua
1277,1277,10637,1964,S1,Menikah,40800000.0,1,2,2013-01-01,77,24000,0,27000,8000,30000,10000,2,3,0,3,7,0,0,0,0,0,1,3,11,0,2013-03-19,50,1,0,3,0,99000,0.25,0.3,Tua
1278,1278,2931,1978,S1,Cerai,71847000.0,0,0,2012-09-21,95,737000,21000,106000,55000,63000,210000,0,6,7,9,3,0,0,0,1,0,0,3,11,0,2012-12-25,36,0,0,0,1,1192000,0.0,0.6666666666666666,Tua
1279,1279,907,1975,S1,Menikah,46149000.0,0,1,2013-11-29,36,254000,6000,71000,4000,0,27000,5,5,1,7,5,0,0,0,0,0,0,3,11,0,2014-01-04,39,1,0,1,0,362000,0.2777777777777778,0.5,Tua
1280,1280,3698,1983,S1,Bertunangan,78687000.0,0,0,2012-08-09,13,817000,185000,687000,145000,55000,241000,1,4,6,8,2,0,0,1,0,0,0,3,11,1,2012-08-22,31,1,0,0,1,2130000,0.05263157894736842,0.6666666666666666,Tua
1281,1281,9516,1971,D3,Cerai,49118000.0,0,0,2012-08-18,90,620000,54000,239000,99000,98000,119000,2,9,7,10,7,0,1,0,0,1,0,3,11,1,2012-11-16,43,0,0,0,2,1229000,0.07142857142857142,0.5625,Tua
1282,1282,679,1957,S3,Menikah,37633000.0,1,1,2012-09-20,49,13000,4000,20000,0,0,1000,2,1,0,3,9,0,0,0,0,0,0,3,11,0,2012-11-08,57,1,0,2,0,38000,0.3333333333333333,0.1,Lansia
1283,1283,7384,1951,S2,Bertunangan,39767000.0,0,0,2013-07-21,18,113000,61000,204000,34000,26000,47000,2,7,1,7,8,0,0,0,0,0,0,3,11,0,2013-08-08,63,1,0,0,0,485000,0.11764705882352941,0.4666666666666667,Lansia
1284,1284,5043,1951,SMA,Menikah,26997000.0,0,0,2012-11-05,89,7000,23000,78000,133000,49000,144000,2,4,2,5,7,0,0,0,0,0,0,3,11,0,2013-02-02,63,1,1,0,0,434000,0.15384615384615385,0.36363636363636365,Lansia
1285,1285,5267,1970,S1,Cerai,33986000.0,1,0,2013-03-14,43,16000,2000,18000,2000,1000,5000,1,1,0,3,7,0,0,0,0,0,0,3,11,0,2013-04-26,44,0,0,1,0,44000,0.2,0.125,Tua
1286,1286,339,1972,S3,Menikah,57091000.0,0,1,2012-11-23,82,462000,0,24000,6000,0,4000,2,9,2,5,7,0,1,0,0,0,0,3,11,1,2013-02-13,42,1,0,1,1,496000,0.1111111111111111,0.5625,Tua
1287,1287,2516,1969,D3,Menikah,46831000.0,1,1,2013-06-08,84,22000,2000,10000,6000,4000,34000,2,1,2,2,4,0,0,0,0,0,0,3,11,0,2013-08-31,45,1,0,2,0,78000,0.2857142857142857,0.2,Tua
1288,1288,9010,1972,S2,Menikah,83151000.0,0,0,2013-02-10,80,968000,147000,842000,137000,42000,210000,1,5,7,10,2,1,0,1,1,0,0,3,11,1,2013-05-01,42,1,0,0,3,2346000,0.043478260869565216,0.7142857142857143,Tua
1289,1289,378,1971,S1,Menikah,52531000.0,0,0,2012-12-30,68,283000,112000,151000,51000,72000,125000,2,7,2,10,6,0,0,0,0,0,0,3,11,0,2013-03-08,43,1,0,0,0,794000,0.09523809523809523,0.5384615384615384,Tua
1290,1290,4808,1956,S1,Menikah,15759000.0,0,0,2013-09-05,12,1000,2000,5000,6000,0,3000,1,1,0,2,7,0,0,0,0,0,0,3,11,0,2013-09-17,58,1,0,0,0,17000,0.25,0.125,Lansia
1291,1291,5068,1971,S1,Lajang,22804000.0,1,0,2013-07-31,75,14000,1000,7000,2000,1000,1000,1,2,0,2,9,0,0,0,0,0,0,3,11,0,2013-10-14,43,0,0,1,0,26000,0.2,0.18181818181818182,Tua
1292,1292,7628,1973,D3,Menikah,43050000.0,1,0,2014-03-18,10,30000,5000,24000,6000,3000,8000,2,2,0,4,5,0,0,0,0,0,0,3,11,0,2014-03-28,41,1,0,1,0,76000,0.25,0.2857142857142857,Tua
1293,1293,7128,1977,S3,Lajang,42997000.0,1,1,2013-12-07,91,4000,0,5000,0,1000,5000,1,1,0,2,7,0,0,0,0,0,0,3,11,0,2014-03-08,37,0,0,2,0,15000,0.25,0.125,Tua
1294,1294,2811,1963,S3,Lajang,48918000.0,1,1,2014-04-12,21,52000,0,9000,0,0,1000,2,1,0,4,4,0,0,0,0,0,0,3,11,0,2014-05-03,51,0,0,2,0,62000,0.2857142857142857,0.2,Tua
1295,1295,3551,1954,S2,Bertunangan,60033000.0,0,1,2014-03-29,28,62000,1000,57000,19000,11000,48000,2,2,1,5,2,0,0,0,0,0,0,3,11,0,2014-04-26,60,1,0,1,0,198000,0.2,0.5,Lansia
1296,1296,1663,1978,S3,Bertunangan,34043000.0,1,0,2013-10-25,97,20000,2000,14000,3000,0,10000,1,2,0,2,9,0,0,0,0,0,0,3,11,0,2014-01-30,36,1,0,1,0,49000,0.2,0.18181818181818182,Tua
1297,1297,5543,1966,S1,Bertunangan,57811000.0,0,1,2013-06-24,49,545000,7000,114000,37000,21000,78000,5,7,2,11,5,0,1,0,0,0,0,3,11,0,2013-08-12,48,1,0,1,1,802000,0.2,0.5833333333333334,Tua
1298,1298,1577,1946,S1,Menikah,78569000.0,0,0,2014-02-19,14,558000,79000,622000,207000,175000,95000,1,4,6,4,1,0,0,1,0,0,0,3,11,1,2014-03-05,68,1,0,0,1,1736000,0.06666666666666667,0.8,Lansia
1299,1299,10641,1978,S1,Lajang,7500000.0,1,1,2012-12-27,5,6000,5000,4000,13000,4000,25000,4,2,1,3,6,0,0,0,0,0,0,3,11,0,2013-01-01,36,0,0,2,0,57000,0.4,0.25,Tua
1301,1301,6024,1953,S1,Bertunangan,94384000.0,0,0,2013-03-04,62,1111000,24000,790000,160000,45000,172000,0,5,8,5,2,0,1,1,1,0,0,3,11,1,2013-05-05,61,1,0,0,3,2302000,0.0,0.7142857142857143,Lansia
1302,1302,1878,1985,D3,Menikah,23148000.0,0,0,2014-02-18,83,4000,6000,8000,6000,3000,10000,1,2,0,3,7,0,0,0,0,0,0,3,11,0,2014-05-12,29,1,0,0,0,37000,0.16666666666666666,0.2222222222222222,Muda
1303,1303,3099,1970,S1,Cerai,44267000.0,1,1,2013-02-25,48,183000,5000,65000,3000,5000,49000,5,5,2,4,9,0,0,0,0,0,0,3,11,0,2013-04-14,44,0,0,2,0,310000,0.3125,0.35714285714285715,Tua
1304,1304,6055,1979,S1,Menikah,71626000.0,0,0,2012-11-01,94,546000,72000,376000,94000,145000,72000,1,5,5,8,3,0,1,0,0,0,0,3,11,0,2013-02-03,35,1,0,0,1,1305000,0.05263157894736842,0.625,Tua
1305,1305,5841,1966,S1,Bertunangan,60894000.0,0,1,2013-06-28,61,606000,7000,155000,10000,0,54000,5,10,3,8,7,0,0,0,0,0,0,3,11,0,2013-08-28,48,1,0,1,0,832000,0.19230769230769232,0.5882352941176471,Tua
1306,1306,3972,1976,S1,Bertunangan,50200000.0,1,1,2013-04-03,70,266000,6000,51000,8000,6000,64000,6,7,1,5,8,0,0,0,0,0,0,3,11,0,2013-06-12,38,1,0,2,0,401000,0.3157894736842105,0.4666666666666667,Tua
1307,1307,4394,1965,S3,Menikah,81051000.0,0,0,2014-05-23,43,1142000,29000,249000,38000,29000,14000,1,5,5,12,2,0,1,1,0,0,0,3,11,0,2014-07-05,49,1,0,0,2,1501000,0.043478260869565216,0.7142857142857143,Tua
1308,1308,5758,1982,S1,Menikah,65169000.0,0,0,2014-01-14,23,1074000,0,69000,0,0,46000,1,10,4,13,6,1,0,1,1,1,0,3,11,1,2014-02-06,32,1,0,0,4,1189000,0.03571428571428571,0.625,Tua
1309,1309,6658,1972,S1,Bertunangan,59868000.0,0,1,2013-07-22,37,771000,51000,154000,54000,10000,154000,7,11,2,12,6,0,0,0,0,0,0,3,11,0,2013-08-28,42,1,0,1,0,1194000,0.21875,0.6470588235294118,Tua
1310,1310,4603,1960,S3,Menikah,65695000.0,0,1,2014-01-31,50,371000,32000,189000,0,58000,6000,2,5,4,10,4,0,0,0,0,0,0,3,11,0,2014-03-22,54,1,0,1,0,656000,0.09523809523809523,0.5555555555555556,Tua
1311,1311,8427,1956,S2,Lajang,64857000.0,0,0,2012-11-23,78,556000,14000,717000,210000,0,43000,1,7,5,10,4,0,0,0,0,0,0,3,11,0,2013-02-09,58,0,0,0,0,1540000,0.043478260869565216,0.6363636363636364,Lansia
1312,1312,10260,1965,S2,Bertunangan,45143000.0,0,1,2013-08-26,74,202000,5000,74000,11000,5000,14000,3,6,1,5,7,0,0,0,0,0,0,3,11,0,2013-11-08,49,1,0,1,0,311000,0.2,0.46153846153846156,Tua
1313,1313,7143,1955,D3,Bertunangan,74805000.0,0,1,2013-11-06,14,209000,162000,209000,41000,162000,37000,5,4,7,10,2,0,0,0,0,0,0,3,11,0,2013-11-20,59,1,0,1,0,820000,0.19230769230769232,0.6666666666666666,Lansia
1314,1314,8789,1989,D3,Menikah,59060000.0,1,0,2014-01-11,77,35000,40000,111000,36000,40000,12000,3,3,1,7,4,0,0,0,0,0,0,3,11,0,2014-03-29,25,1,0,1,0,274000,0.21428571428571427,0.42857142857142855,Muda
1315,1315,6197,1962,S3,Lajang,27238000.0,1,1,2013-04-20,39,37000,0,17000,0,0,3000,3,3,0,3,9,0,0,0,0,0,0,3,11,0,2013-05-29,52,0,0,2,0,57000,0.3333333333333333,0.25,Tua
1316,1316,4554,1965,S1,Bertunangan,47009000.0,0,1,2013-10-01,89,171000,45000,73000,59000,10000,90000,4,3,2,8,4,0,0,0,0,0,0,3,11,0,2013-12-29,49,1,0,1,0,448000,0.23529411764705882,0.42857142857142855,Tua
1317,1317,4937,1973,D3,Menikah,46094000.0,1,1,2014-06-10,62,12000,2000,20000,3000,2000,5000,1,1,0,3,7,0,0,0,0,0,0,3,11,0,2014-08-11,41,1,0,2,0,44000,0.2,0.125,Tua
1318,1318,1920,1972,S1,Menikah,40321000.0,1,1,2013-07-29,59,44000,4000,21000,6000,0,27000,2,3,0,3,7,0,0,0,0,0,0,3,11,0,2013-09-26,42,1,0,2,0,102000,0.25,0.3,Tua
1319,1319,8749,1984,S1,Bertunangan,37235000.0,1,0,2014-02-01,68,20000,2000,9000,4000,6000,20000,1,1,1,2,4,0,0,0,0,0,0,3,11,0,2014-04-10,30,1,0,1,0,61000,0.2,0.2,Muda
1320,1320,1650,1960,S2,Menikah,81843000.0,0,0,2013-04-22,13,779000,86000,537000,34000,69000,138000,1,5,9,12,3,0,0,0,0,0,0,3,11,0,2013-05-05,54,1,0,0,0,1643000,0.037037037037037035,0.625,Tua
1321,1321,10377,1958,S2,Bertunangan,46692000.0,0,1,2013-06-06,37,170000,6000,97000,24000,12000,88000,3,6,1,5,6,0,0,0,0,0,0,3,11,0,2013-07-13,56,1,0,1,0,397000,0.2,0.5,Lansia
1322,1322,9206,1968,S1,Bertunangan,77382000.0,0,1,2014-01-07,36,491000,48000,231000,112000,105000,134000,2,5,7,12,1,0,0,1,0,0,0,3,11,0,2014-02-12,46,1,0,1,1,1121000,0.07692307692307693,0.8333333333333334,Tua
1323,1323,10971,1977,S1,Lajang,37774000.0,2,0,2012-09-03,28,173000,8000,107000,7000,2000,176000,4,7,2,3,9,1,0,0,0,0,1,3,11,1,2012-10-01,37,0,0,2,1,473000,0.25,0.4375,Tua
1324,1324,6398,1974,SMA,Menikah,18393000.0,1,0,2014-03-29,2,7000,10000,13000,16000,0,4000,2,3,0,3,8,0,0,0,0,0,0,3,11,0,2014-03-31,40,1,1,1,0,50000,0.25,0.2727272727272727,Tua
1325,1325,9212,1962,S2,Menikah,72828000.0,0,1,2013-02-14,17,1205000,0,235000,19000,14000,205000,6,6,3,13,7,0,0,0,0,0,0,3,11,0,2013-03-03,52,1,0,1,0,1678000,0.21428571428571427,0.46153846153846156,Tua
1326,1326,7937,1982,S1,Menikah,24711000.0,0,0,2014-04-18,86,10000,7000,25000,6000,3000,7000,1,3,0,3,7,0,0,0,0,0,0,3,11,0,2014-07-13,32,1,0,0,0,58000,0.14285714285714285,0.3,Tua
1327,1327,839,1975,S3,Menikah,45503000.0,1,0,2013-09-25,54,97000,4000,44000,6000,1000,18000,1,3,1,4,5,0,0,0,0,0,0,3,11,0,2013-11-18,39,1,0,1,0,170000,0.1111111111111111,0.375,Tua
1328,1328,4246,1982,S2,Lajang,6560000.0,0,0,2013-12-12,2,67000,11000,26000,4000,3000,262000,0,1,0,1,17,0,0,0,0,0,0,3,11,0,2013-12-14,32,0,0,0,0,373000,0.0,0.05555555555555555,Tua
1329,1329,158,1945,S3,Bertunangan,71604000.0,0,0,2013-11-17,3,345000,53000,528000,98000,75000,97000,1,8,3,5,4,1,0,0,0,0,0,3,11,1,2013-11-20,69,1,0,0,1,1196000,0.058823529411764705,0.6666666666666666,Lansia
1330,1330,4832,1979,S1,Menikah,27244000.0,1,0,2014-03-07,84,6000,5000,17000,3000,24000,46000,2,2,2,2,7,0,0,0,0,0,0,3,11,0,2014-05-30,35,1,0,1,0,101000,0.25,0.2222222222222222,Tua
1331,1331,5621,1969,S1,Menikah,48752000.0,1,1,2012-12-12,8,73000,57000,100000,71000,15000,0,5,6,1,5,9,0,0,0,0,0,0,3,11,1,2012-12-20,45,1,0,2,0,316000,0.29411764705882354,0.4,Tua
1332,1332,1945,1962,S1,Menikah,71434000.0,0,1,2013-09-18,4,711000,36000,217000,172000,96000,168000,3,7,4,7,4,0,1,0,1,0,0,3,11,0,2013-09-22,52,1,0,1,2,1400000,0.14285714285714285,0.6363636363636364,Tua
1333,1333,5147,1948,S1,Lajang,90842000.0,0,0,2013-07-29,57,774000,70000,118000,182000,187000,93000,1,4,9,13,1,0,0,0,0,0,0,3,11,0,2013-09-24,66,0,0,0,0,1424000,0.037037037037037035,0.8,Lansia
1334,1334,2535,1978,S2,Menikah,88097000.0,1,0,2012-08-18,24,163000,0,480000,0,126000,75000,1,6,5,8,9,0,1,1,1,0,0,3,11,1,2012-09-11,36,1,0,1,3,844000,0.05,0.4,Tua
1335,1335,11039,1975,S1,Menikah,51948000.0,0,1,2013-09-17,51,82000,33000,54000,71000,30000,41000,2,5,2,4,5,0,0,0,0,0,0,3,11,0,2013-11-07,39,1,0,1,0,311000,0.15384615384615385,0.5,Tua
1336,1336,9495,1982,S1,Bertunangan,71853000.0,0,0,2013-05-08,29,358000,108000,413000,141000,97000,32000,1,2,8,6,1,0,0,0,0,0,0,3,11,0,2013-06-06,32,1,0,0,0,1149000,0.058823529411764705,0.6666666666666666,Tua
1337,1337,9635,1983,S2,Menikah,35876000.0,0,0,2014-04-20,13,66000,2000,40000,4000,3000,14000,1,3,1,3,6,0,0,0,0,0,0,3,11,0,2014-05-03,31,1,0,0,0,129000,0.125,0.3333333333333333,Tua
1338,1338,2173,1952,S1,Janda,40049000.0,0,1,2013-10-16,23,13000,6000,7000,0,3000,3000,1,1,0,3,6,0,0,0,0,0,0,3,11,0,2013-11-08,62,0,0,1,0,32000,0.2,0.14285714285714285,Lansia
1339,1339,942,1982,S1,Lajang,39660000.0,1,0,2012-08-08,36,139000,13000,78000,20000,13000,36000,3,7,1,3,9,0,0,0,0,0,0,3,11,1,2012-09-13,32,0,0,1,0,299000,0.21428571428571427,0.4375,Tua
1340,1340,9386,1962,S1,Bertunangan,50127000.0,0,1,2014-05-29,88,274000,0,21000,4000,6000,15000,1,5,1,6,6,0,1,0,0,0,0,3,11,0,2014-08-25,52,1,0,1,1,320000,0.07692307692307693,0.45454545454545453,Tua
1341,1341,5510,1977,S2,Menikah,43263000.0,0,1,2012-11-21,2,262000,6000,61000,0,10000,102000,3,5,2,6,5,0,0,0,0,0,0,3,11,0,2012-11-23,37,1,0,1,0,441000,0.1875,0.5,Tua
1342,1342,873,1949,S2,Menikah,62845000.0,1,1,2012-10-01,3,1099000,0,45000,0,0,34000,11,3,4,10,8,0,1,0,0,0,0,3,11,1,2012-10-04,65,1,0,2,1,1178000,0.39285714285714285,0.2727272727272727,Lansia
1343,1343,2253,1990,S1,Menikah,18929000.0,0,0,2013-02-16,15,32000,0,8000,23000,4000,18000,1,1,0,4,6,0,0,0,0,0,0,3,11,0,2013-03-03,24,1,0,0,0,85000,0.16666666666666666,0.14285714285714285,Muda
1344,1344,5181,1982,SMA,Lajang,24367000.0,1,0,2013-03-20,58,2000,4000,2000,0,11000,5000,1,1,0,2,9,0,0,0,0,0,0,3,11,0,2013-05-17,32,0,1,1,0,24000,0.25,0.1,Tua
1345,1345,979,1975,S1,Lajang,33249000.0,1,0,2013-02-20,11,6000,10000,21000,19000,14000,42000,2,2,1,3,6,0,0,0,0,0,0,3,11,0,2013-03-03,39,0,0,1,0,112000,0.25,0.25,Tua
1346,1346,10390,1959,D3,Menikah,26887000.0,0,1,2013-02-10,27,6000,7000,4000,3000,4000,6000,1,1,0,3,6,0,0,0,0,0,0,3,11,0,2013-03-09,55,1,0,1,0,30000,0.2,0.14285714285714285,Tua
1347,1347,4698,1983,S3,Menikah,50150000.0,0,0,2013-06-20,32,135000,46000,92000,65000,61000,11000,2,5,2,7,5,0,0,0,0,0,0,3,11,0,2013-07-22,31,1,0,0,0,410000,0.125,0.5,Tua
1348,1348,7793,1976,S1,Bertunangan,62061000.0,0,1,2013-08-31,12,641000,7000,84000,0,30000,38000,3,10,4,7,6,0,1,0,0,0,0,3,11,0,2013-09-12,38,1,0,1,1,800000,0.125,0.625,Tua
1349,1349,1745,1962,S3,Cerai,85696000.0,0,0,2013-05-03,88,714000,76000,395000,116000,0,12000,1,4,6,9,1,0,0,0,0,0,0,3,11,1,2013-07-30,52,0,0,0,0,1313000,0.05,0.8,Tua
1350,1350,10590,1956,S3,Bertunangan,76542000.0,0,0,2013-03-30,91,794000,73000,573000,0,29000,14000,1,4,8,10,2,0,0,0,0,0,0,3,11,0,2013-06-29,58,1,0,0,0,1483000,0.043478260869565216,0.6666666666666666,Lansia
1351,1351,5080,1993,S1,Lajang,70515000.0,0,0,2013-10-21,12,420000,0,452000,182000,64000,140000,1,6,6,4,2,0,0,0,0,0,0,3,11,1,2013-11-02,21,0,0,0,0,1258000,0.058823529411764705,0.75,Muda
1352,1352,8369,1987,S1,Bertunangan,18227000.0,1,0,2012-11-08,21,1000,2000,7000,4000,3000,11000,1,0,1,2,8,0,0,0,0,0,0,3,11,0,2012-11-29,27,1,0,1,0,28000,0.25,0.0,Muda
1353,1353,5232,1965,S1,Menikah,69139000.0,0,1,2014-01-27,23,86000,12000,75000,33000,15000,6000,1,4,1,5,4,0,0,0,0,0,0,3,11,0,2014-02-19,49,1,0,1,0,227000,0.09090909090909091,0.5,Tua
1354,1354,2407,1982,S1,Menikah,69109000.0,0,0,2012-11-09,10,823000,25000,459000,124000,29000,95000,1,6,6,7,4,0,0,1,0,0,0,3,11,1,2012-11-19,32,1,0,0,1,1555000,0.05,0.6,Tua
1355,1355,3834,1962,S1,Lajang,69627000.0,0,1,2013-03-17,35,231000,161000,215000,171000,30000,53000,2,8,2,11,5,0,0,0,0,0,0,3,11,0,2013-04-21,52,0,0,1,0,861000,0.08695652173913043,0.6153846153846154,Tua
1356,1356,7912,1978,S1,Menikah,38136000.0,1,0,2013-04-22,69,8000,15000,27000,0,20000,33000,2,3,1,2,8,1,0,0,0,0,0,3,11,0,2013-06-30,36,1,0,1,1,103000,0.25,0.2727272727272727,Tua
1357,1357,7712,1946,S3,Lajang,62159000.0,0,0,2014-04-28,68,182000,17000,259000,77000,70000,29000,1,6,2,10,4,0,0,0,0,0,0,3,11,0,2014-07-05,68,0,0,0,0,634000,0.05263157894736842,0.6,Lansia
1358,1358,1065,1963,S1,Lajang,80695000.0,0,0,2013-12-29,85,557000,129000,984000,193000,37000,18000,1,5,8,5,2,0,0,0,0,0,0,3,11,0,2014-03-24,51,0,0,0,0,1918000,0.05263157894736842,0.7142857142857143,Tua
1359,1359,7275,1971,S2,Lajang,33316000.0,1,1,2013-10-04,34,79000,1000,31000,4000,4000,12000,3,2,1,4,6,0,0,0,0,0,0,3,11,0,2013-11-07,43,0,0,2,0,131000,0.3,0.25,Tua
1360,1360,1343,1968,S1,Bertunangan,58554000.0,1,1,2012-09-26,55,368000,24000,68000,38000,0,88000,6,8,2,6,7,0,0,0,0,0,0,3,11,0,2012-11-20,46,1,0,2,0,586000,0.2727272727272727,0.5333333333333333,Tua
1361,1361,1384,1992,SMA,Menikah,17256000.0,1,0,2013-11-23,10,6000,4000,14000,8000,8000,22000,2,2,1,2,8,1,0,0,0,0,0,3,11,0,2013-12-03,22,1,1,1,1,62000,0.2857142857142857,0.2,Muda
1362,1362,9967,1974,S1,Cerai,53034000.0,1,1,2013-05-30,30,160000,15000,196000,15000,11000,50000,8,6,1,7,8,0,0,0,0,0,0,3,11,0,2013-06-29,40,0,0,2,0,447000,0.36363636363636365,0.42857142857142855,Tua
1363,1363,6181,1950,D3,Bertunangan,52203000.0,0,0,2012-07-31,36,488000,21000,238000,56000,108000,28000,1,8,7,11,6,0,0,0,0,0,0,3,11,0,2012-09-05,64,1,0,0,0,939000,0.037037037037037035,0.5714285714285714,Lansia
1364,1364,10507,1977,D3,Cerai,59601000.0,0,1,2013-07-25,14,691000,7000,69000,0,7000,23000,4,2,2,7,8,0,1,0,0,0,0,3,11,0,2013-08-08,37,0,0,1,1,797000,0.26666666666666666,0.2,Tua
1365,1365,2674,1958,S2,Lajang,75154000.0,0,1,2012-09-04,79,543000,10000,205000,160000,143000,82000,1,6,3,6,3,0,0,0,0,0,0,3,11,1,2012-11-22,56,0,0,1,0,1143000,0.0625,0.6666666666666666,Lansia
1366,1366,2698,1976,S1,Lajang,47025000.0,0,1,2013-11-07,52,254000,7000,108000,20000,0,26000,3,6,3,5,6,0,0,0,0,0,0,3,11,0,2013-12-29,38,0,0,1,0,415000,0.17647058823529413,0.5,Tua
1367,1367,3231,1973,S1,Menikah,37971000.0,1,0,2013-11-25,97,5000,4000,10000,2000,2000,7000,1,1,0,3,8,0,0,0,0,0,0,3,11,0,2014-03-02,41,1,0,1,0,30000,0.2,0.1111111111111111,Tua
1368,1368,4096,1968,S2,Cerai,41335000.0,1,0,2013-12-26,24,112000,19000,21000,16000,14000,5000,3,4,1,4,7,0,0,0,0,0,0,3,11,0,2014-01-19,46,0,0,1,0,187000,0.25,0.36363636363636365,Tua
1369,1369,10476,1958,S1,Menikah,67267000.0,0,1,2014-05-13,0,134000,11000,59000,15000,2000,30000,1,3,2,5,2,0,0,0,0,0,0,3,11,0,2014-05-13,56,1,0,1,0,251000,0.09090909090909091,0.6,Lansia
1370,1370,5948,1975,S1,Lajang,57338000.0,0,1,2014-04-29,96,143000,6000,52000,11000,8000,17000,2,4,1,5,5,0,0,0,0,0,0,3,11,0,2014-08-03,39,0,0,1,0,237000,0.16666666666666666,0.4444444444444444,Tua
1371,1371,9140,1960,D3,Bertunangan,50523000.0,1,1,2013-12-25,89,51000,4000,24000,4000,7000,1000,2,2,0,4,6,0,0,0,0,0,0,3,11,0,2014-03-24,54,1,0,2,0,91000,0.25,0.25,Tua
1372,1372,10258,1965,S2,Lajang,35791000.0,2,1,2013-05-06,94,27000,0,5000,0,0,3000,2,1,0,3,8,0,0,0,0,0,0,3,11,0,2013-08-08,49,0,0,3,0,35000,0.3333333333333333,0.1111111111111111,Tua
1373,1373,5675,1960,S3,Cerai,50611000.0,0,1,2012-10-04,98,459000,0,24000,6000,0,4000,6,4,5,7,6,0,1,0,0,0,0,3,11,0,2013-01-10,54,0,0,1,1,493000,0.2727272727272727,0.4,Tua
1374,1374,4743,1969,S3,Menikah,56242000.0,0,1,2013-03-03,72,689000,8000,167000,11000,8000,88000,5,8,4,11,6,0,0,0,0,0,0,3,11,0,2013-05-14,45,1,0,1,0,971000,0.17857142857142858,0.5714285714285714,Tua
1375,1375,8805,1960,S1,Lajang,48904000.0,0,1,2012-12-02,1,283000,10000,38000,0,13000,27000,4,7,2,4,8,0,0,0,0,0,0,3,11,0,2012-12-03,54,0,0,1,0,371000,0.23529411764705882,0.4666666666666667,Tua
1376,1376,1542,1975,S1,Lajang,56243000.0,1,2,2013-12-30,26,347000,0,35000,4000,3000,7000,6,4,2,8,5,0,0,0,0,0,0,3,11,0,2014-01-25,39,0,0,3,0,396000,0.3,0.4444444444444444,Tua
1377,1377,6770,1985,S1,Menikah,21355000.0,1,0,2013-08-20,5,5000,13000,14000,0,5000,31000,2,2,1,2,6,1,0,0,0,0,0,3,11,1,2013-08-25,29,1,0,1,1,68000,0.2857142857142857,0.25,Muda
1378,1378,8773,1971,S2,Bertunangan,57420000.0,0,1,2013-06-25,22,280000,0,18000,0,0,24000,3,5,1,6,7,0,1,0,0,0,0,3,11,0,2013-07-17,43,1,0,1,1,322000,0.2,0.4166666666666667,Tua
1380,1380,10420,1955,S2,Cerai,46390000.0,0,1,2014-05-05,56,95000,14000,64000,2000,9000,38000,1,4,2,3,7,0,0,0,0,0,0,3,11,0,2014-06-30,59,0,0,1,0,222000,0.1,0.36363636363636365,Lansia
1381,1381,7514,1956,D3,Bertunangan,54342000.0,1,1,2013-07-03,74,84000,10000,34000,11000,10000,28000,4,3,1,4,6,0,0,0,0,0,0,3,11,0,2013-09-15,58,1,0,2,0,177000,0.3333333333333333,0.3333333333333333,Lansia
1384,1384,793,1973,S1,Menikah,20895000.0,1,0,2012-10-06,24,18000,3000,17000,3000,0,4000,1,2,0,3,9,0,0,0,0,0,0,3,11,0,2012-10-30,41,1,0,1,0,45000,0.16666666666666666,0.18181818181818182,Tua
1385,1385,10909,1948,S1,Menikah,92344000.0,0,0,2014-01-15,9,992000,24000,694000,51000,19000,119000,0,5,10,5,1,1,0,1,0,0,0,3,11,0,2014-01-24,66,1,0,0,2,1899000,0.0,0.8333333333333334,Lansia
1387,1387,8702,1976,D3,Bertunangan,26907000.0,1,1,2013-08-20,10,9000,1000,7000,0,3000,2000,2,1,0,3,7,0,0,0,0,0,0,3,11,0,2013-08-30,38,1,0,2,0,22000,0.3333333333333333,0.125,Tua
1388,1388,4791,1980,S1,Bertunangan,44964000.0,1,1,2012-12-16,35,19000,1000,17000,2000,0,2000,1,1,0,3,8,0,0,0,0,0,0,3,11,0,2013-01-20,34,1,0,2,0,41000,0.2,0.1111111111111111,Tua
1389,1389,2963,1979,S1,Bertunangan,75507000.0,0,0,2014-05-02,56,709000,93000,374000,104000,80000,80000,1,8,6,6,3,0,0,0,0,0,0,3,11,0,2014-06-27,35,1,0,0,0,1440000,0.047619047619047616,0.7272727272727273,Tua
1390,1390,8216,1972,S2,Menikah,53761000.0,1,1,2013-10-11,7,158000,0,76000,13000,7000,71000,6,4,4,3,5,0,0,0,0,0,0,3,11,0,2013-10-18,42,1,0,2,0,325000,0.35294117647058826,0.4444444444444444,Tua
1391,1391,8140,1973,S1,Bertunangan,22682000.0,1,0,2013-10-03,51,10000,14000,29000,4000,2000,36000,3,2,1,4,4,0,0,0,0,0,0,3,11,0,2013-11-23,41,1,0,1,0,95000,0.3,0.3333333333333333,Tua
1392,1392,10146,1972,S3,Bertunangan,38887000.0,1,0,2014-03-02,17,25000,1000,13000,0,0,3000,1,1,0,3,7,0,0,0,0,0,0,3,11,0,2014-03-19,42,1,0,1,0,42000,0.2,0.125,Tua
1393,1393,5289,1975,D3,Lajang,41658000.0,1,1,2012-11-09,30,8000,4000,12000,15000,4000,29000,2,1,1,2,4,0,0,0,0,0,0,3,11,0,2012-12-09,39,0,0,2,0,72000,0.3333333333333333,0.2,Tua
1394,1394,2587,1972,S3,Menikah,29791000.0,1,0,2014-05-15,21,14000,0,6000,0,0,0,2,2,0,3,5,0,0,0,0,0,0,3,11,0,2014-06-05,42,1,0,1,0,20000,0.2857142857142857,0.2857142857142857,Tua
1395,1395,4405,1956,S2,Menikah,63915000.0,0,2,2013-07-30,2,622000,7000,115000,30000,0,15000,2,6,3,12,5,0,0,0,0,0,0,3,11,0,2013-08-01,58,1,0,2,0,789000,0.08695652173913043,0.5454545454545454,Lansia
1396,1396,8663,1974,S1,Cerai,39996000.0,1,1,2014-05-22,85,11000,0,3000,0,0,1000,1,1,0,2,6,0,0,0,0,0,0,3,11,0,2014-08-15,40,0,0,2,0,15000,0.25,0.14285714285714285,Tua
1397,1397,2589,1972,S1,Cerai,26759000.0,1,0,2014-02-07,65,25000,3000,16000,8000,5000,2000,2,2,1,3,6,0,0,0,0,0,0,3,11,0,2014-04-13,42,0,0,1,0,59000,0.25,0.25,Tua
1398,1398,3421,1968,S2,Cerai,63841000.0,0,1,2013-04-21,64,635000,15000,100000,20000,7000,131000,1,9,3,9,6,0,0,0,0,0,0,3,11,0,2013-06-24,46,0,0,1,0,908000,0.045454545454545456,0.6,Tua
1399,1399,10490,1969,S3,Menikah,51039000.0,1,1,2012-12-10,11,100000,64000,79000,65000,0,109000,2,6,2,4,7,0,0,0,0,0,0,3,11,0,2012-12-21,45,1,0,2,0,417000,0.14285714285714285,0.46153846153846156,Tua
1400,1400,4094,1961,S1,Menikah,60544000.0,1,1,2012-08-25,92,201000,2000,43000,3000,5000,35000,4,5,1,5,6,0,0,0,0,0,0,3,11,0,2012-11-25,53,1,0,2,0,289000,0.26666666666666666,0.45454545454545453,Tua
1401,1401,9958,1972,S1,Menikah,65685000.0,0,1,2014-03-29,54,642000,14000,49000,0,7000,57000,1,9,2,9,5,0,0,0,0,0,0,3,11,0,2014-05-22,42,1,0,1,0,769000,0.047619047619047616,0.6428571428571429,Tua
1402,1402,2534,1953,S1,Menikah,37716000.0,0,1,2014-04-21,4,97000,1000,41000,6000,2000,41000,2,4,1,3,7,0,0,0,0,0,0,3,11,0,2014-04-25,61,1,0,1,0,188000,0.2,0.36363636363636365,Lansia
1403,1403,4188,1957,S1,Lajang,36864000.0,0,1,2012-08-13,53,204000,5000,39000,17000,0,89000,3,5,2,4,8,0,0,0,0,0,0,3,11,1,2012-10-05,57,0,0,1,0,354000,0.21428571428571427,0.38461538461538464,Lansia
1404,1404,6613,1970,S2,Menikah,44511000.0,1,0,2012-10-12,39,513000,7000,133000,46000,14000,14000,6,8,4,8,8,0,0,0,0,0,0,3,11,0,2012-11-20,44,1,0,1,0,727000,0.23076923076923078,0.5,Tua
1405,1405,10827,1967,S3,Menikah,36947000.0,1,1,2012-08-07,49,88000,3000,21000,4000,1000,29000,4,3,0,4,9,0,0,0,0,0,0,3,11,0,2012-09-25,47,1,0,2,0,146000,0.36363636363636365,0.25,Tua
1406,1406,5491,1951,S2,Bertunangan,47352000.0,0,1,2013-04-11,70,172000,12000,112000,8000,0,15000,4,6,1,5,7,0,0,0,0,0,0,3,11,0,2013-06-20,63,1,0,1,0,319000,0.25,0.46153846153846156,Lansia
1407,1407,8402,1953,S2,Menikah,67087000.0,0,1,2013-12-17,40,329000,35000,222000,130000,35000,43000,2,7,5,8,4,0,0,0,0,0,0,3,11,0,2014-01-26,61,1,0,1,0,794000,0.09090909090909091,0.6363636363636364,Lansia
1408,1408,8783,1950,S1,Menikah,57045000.0,0,1,2012-09-08,40,296000,13000,104000,11000,13000,17000,3,4,2,9,3,0,0,0,0,0,0,3,11,0,2012-10-18,64,1,0,1,0,454000,0.16666666666666666,0.5714285714285714,Lansia
1409,1409,10010,1953,S3,Cerai,36957000.0,1,1,2012-09-06,43,100000,2000,16000,2000,1000,31000,4,3,2,2,9,0,0,0,0,0,0,3,11,1,2012-10-19,61,0,0,2,0,152000,0.36363636363636365,0.25,Lansia
1410,1410,618,1977,S3,Menikah,69389000.0,0,1,2012-09-28,17,422000,7000,238000,69000,46000,15000,1,7,2,12,4,0,0,0,0,0,0,3,11,0,2012-10-15,37,1,0,1,0,797000,0.045454545454545456,0.6363636363636364,Tua
1411,1411,9121,1972,S1,Menikah,80134000.0,1,0,2013-05-20,40,1218000,16000,272000,104000,0,80000,2,5,3,6,6,0,1,1,1,0,0,3,11,1,2013-06-29,42,1,0,1,3,1690000,0.125,0.45454545454545453,Tua
1412,1412,361,1969,S2,Menikah,43142000.0,1,1,2014-02-18,84,5000,1000,7000,2000,1000,4000,1,1,0,2,7,0,0,0,0,0,0,3,11,0,2014-05-13,45,1,0,2,0,20000,0.25,0.125,Tua
1413,1413,4310,1944,S1,Menikah,80589000.0,0,0,2014-01-22,25,507000,93000,520000,242000,40000,26000,1,5,10,5,1,0,0,0,1,0,0,3,11,1,2014-02-16,70,1,0,0,1,1428000,0.047619047619047616,0.8333333333333334,Lansia
1414,1414,2678,1990,S1,Lajang,34412000.0,1,0,2013-02-13,62,52000,12000,50000,4000,36000,55000,3,5,0,3,9,0,0,0,0,0,0,3,11,0,2013-04-16,24,0,0,1,0,209000,0.2727272727272727,0.35714285714285715,Muda
1415,1415,6376,1979,S1,Lajang,57537000.0,1,0,2013-06-10,83,191000,56000,139000,51000,8000,100000,4,4,3,8,4,0,0,0,0,0,0,3,11,0,2013-09-01,35,0,0,1,0,545000,0.21052631578947367,0.5,Tua
1416,1416,524,1966,SMA,Bertunangan,22634000.0,0,0,2013-01-16,47,2000,23000,11000,8000,6000,46000,1,2,1,2,8,0,0,0,0,0,0,3,11,0,2013-03-04,48,1,1,0,0,96000,0.16666666666666666,0.2,Tua
1417,1417,10341,1948,S1,Bertunangan,51315000.0,0,0,2014-02-23,45,68000,28000,39000,16000,30000,41000,1,2,2,5,2,0,0,0,0,0,0,3,11,0,2014-04-09,66,1,0,0,0,222000,0.1,0.5,Lansia
1418,1418,5654,1972,S1,Menikah,36026000.0,2,1,2014-03-16,34,20000,4000,10000,6000,4000,17000,2,2,0,3,6,0,0,0,0,0,0,3,11,0,2014-04-19,42,1,0,3,0,61000,0.2857142857142857,0.25,Tua
1419,1419,4098,1973,S1,Menikah,24639000.0,1,1,2014-01-28,3,20000,3000,16000,0,4000,1000,3,2,0,4,6,0,0,0,0,0,0,3,11,0,2014-01-31,41,1,0,2,0,44000,0.3333333333333333,0.25,Tua
1420,1420,5824,1972,S3,Bertunangan,34578000.0,2,1,2014-04-11,1,7000,0,1000,0,0,0,1,1,0,2,6,0,0,0,0,0,0,3,11,0,2014-04-12,42,1,0,3,0,8000,0.25,0.14285714285714285,Tua
1421,1421,7000,1972,D3,Lajang,65704000.0,0,0,2013-10-13,18,279000,172000,74000,38000,8000,246000,1,2,10,10,1,0,0,0,0,0,0,3,11,0,2013-10-31,42,0,0,0,0,817000,0.043478260869565216,0.6666666666666666,Tua
1422,1422,2561,1966,S1,Lajang,63810000.0,0,1,2012-11-11,45,977000,12000,253000,16000,12000,101000,4,4,3,12,8,0,1,0,0,0,0,3,11,0,2012-12-26,48,0,0,1,1,1371000,0.17391304347826086,0.3333333333333333,Tua
1423,1423,5229,1969,S3,Bertunangan,54132000.0,0,1,2014-02-16,81,30000,1000,8000,0,0,3000,1,1,0,3,7,0,0,0,0,0,0,3,11,0,2014-05-08,45,1,0,1,0,42000,0.2,0.125,Tua
1424,1424,4086,1959,S1,Menikah,18690000.0,0,0,2012-12-28,77,6000,1000,7000,23000,4000,19000,1,1,1,2,8,0,0,0,0,0,0,3,11,0,2013-03-15,55,1,0,0,0,60000,0.2,0.1111111111111111,Tua
1425,1425,2428,1970,S1,Menikah,28164000.0,1,0,2013-05-04,23,3000,18000,26000,11000,8000,12000,3,2,0,4,7,0,0,0,0,0,0,3,11,0,2013-05-27,44,1,0,1,0,78000,0.3333333333333333,0.2222222222222222,Tua
1426,1426,8254,1974,S3,Menikah,34596000.0,1,0,2013-04-13,48,14000,0,2000,0,0,7000,1,1,0,2,8,0,0,0,0,0,0,3,11,0,2013-05-31,40,1,0,1,0,23000,0.25,0.1111111111111111,Tua
1427,1427,2836,1972,S3,Menikah,43269000.0,1,0,2013-09-16,61,10000,1000,7000,0,0,1000,1,1,0,2,8,0,0,0,0,0,0,3,11,0,2013-11-16,42,1,0,1,0,19000,0.25,0.1111111111111111,Tua
1428,1428,8418,1958,D3,Lajang,38741000.0,1,1,2014-03-30,60,7000,10000,17000,8000,6000,13000,2,2,0,3,7,0,0,0,0,0,0,3,11,0,2014-05-29,56,0,0,2,0,61000,0.2857142857142857,0.2222222222222222,Lansia
1429,1429,1362,1972,S1,Lajang,31907000.0,0,0,2013-03-04,75,33000,87000,64000,175000,16000,74000,1,6,1,6,7,0,0,0,0,0,0,3,11,0,2013-05-18,42,0,0,0,0,449000,0.07142857142857142,0.46153846153846156,Tua
1430,1430,7152,1983,S2,Menikah,27100000.0,1,0,2013-04-05,64,12000,0,13000,2000,0,10000,1,1,0,3,7,0,0,0,0,0,0,3,11,0,2013-06-08,31,1,0,1,0,37000,0.2,0.125,Tua
1431,1431,10033,1973,D3,Cerai,31163000.0,1,0,2014-02-13,54,2000,3000,10000,11000,2000,10000,1,1,0,3,6,0,0,0,0,0,0,3,11,0,2014-04-08,41,0,0,1,0,38000,0.2,0.14285714285714285,Tua
1432,1432,9349,1985,S1,Menikah,92533000.0,0,0,2013-12-19,84,693000,21000,118000,110000,147000,42000,1,6,5,11,2,0,0,1,1,0,0,3,11,0,2014-03-13,29,1,0,0,2,1131000,0.043478260869565216,0.75,Muda
1433,1433,274,1973,S1,Lajang,34853000.0,1,1,2013-12-23,75,9000,3000,15000,2000,3000,2000,2,2,0,3,6,0,0,0,0,0,0,3,11,0,2014-03-08,41,0,0,2,0,34000,0.2857142857142857,0.25,Tua
1434,1434,3388,1967,S1,Cerai,70844000.0,1,1,2013-10-30,16,129000,26000,67000,3000,67000,2000,5,6,1,5,7,0,0,0,0,0,0,3,11,0,2013-11-15,47,0,0,2,0,294000,0.29411764705882354,0.46153846153846156,Tua
1435,1435,922,1979,D3,Menikah,31086000.0,1,1,2013-05-04,79,16000,2000,11000,3000,0,16000,2,1,1,2,8,1,0,0,0,0,0,3,11,0,2013-07-22,35,1,0,2,1,48000,0.3333333333333333,0.1111111111111111,Tua
1436,1436,8588,1961,S1,Menikah,60544000.0,1,1,2012-08-25,92,201000,2000,43000,3000,5000,35000,4,5,1,5,6,0,0,0,0,0,0,3,11,0,2012-11-25,53,1,0,2,0,289000,0.26666666666666666,0.45454545454545453,Tua
1437,1437,2518,1986,D3,Bertunangan,20491000.0,0,0,2013-01-25,16,5000,4000,5000,4000,2000,10000,1,0,1,2,7,0,0,0,0,0,0,3,11,0,2013-02-10,28,1,0,0,0,30000,0.25,0.0,Muda
1438,1438,574,1964,S1,Menikah,42523000.0,0,0,2014-04-23,96,14000,36000,11000,3000,26000,35000,1,1,1,4,2,0,0,0,0,0,0,3,11,0,2014-07-28,50,1,0,0,0,125000,0.14285714285714285,0.3333333333333333,Tua
1439,1439,3220,1983,S1,Menikah,39922000.0,1,0,2013-02-14,30,29000,12000,59000,19000,1000,36000,2,3,0,4,8,0,0,0,0,0,0,3,11,0,2013-03-16,31,1,0,1,0,156000,0.2222222222222222,0.2727272727272727,Tua
1440,1440,5967,1952,S1,Bertunangan,33402000.0,1,1,2013-07-18,60,26000,2000,19000,10000,5000,8000,3,2,1,3,8,0,0,0,0,0,0,3,11,0,2013-09-16,62,1,0,2,0,70000,0.3333333333333333,0.2,Lansia
1441,1441,1183,1949,S2,Menikah,36408000.0,1,1,2013-09-21,11,9000,1000,4000,3000,2000,3000,1,1,0,2,6,0,0,0,0,0,0,3,11,0,2013-10-02,65,1,0,2,0,22000,0.25,0.14285714285714285,Lansia
1442,1442,6856,1979,S1,Bertunangan,21645000.0,1,0,2012-09-03,75,14000,0,23000,4000,5000,19000,3,3,0,3,9,0,0,0,0,0,0,3,11,1,2012-11-17,35,1,0,1,0,65000,0.3333333333333333,0.25,Tua
1443,1443,4530,1948,S2,Janda,78427000.0,0,0,2012-10-24,36,972000,19000,595000,180000,26000,138000,3,3,7,10,3,0,0,0,1,0,0,3,11,1,2012-11-29,66,0,0,0,1,1930000,0.13043478260869565,0.5,Lansia
1444,1444,1553,1946,S1,Bertunangan,82657000.0,0,0,2013-09-27,71,966000,168000,672000,246000,105000,126000,1,7,5,10,4,0,1,0,1,0,0,3,11,0,2013-12-07,68,1,0,0,2,2283000,0.043478260869565216,0.6363636363636364,Lansia
1445,1445,4682,1958,S1,Menikah,51876000.0,0,0,2013-10-15,88,99000,27000,102000,28000,48000,6000,1,2,2,8,1,0,0,0,0,0,0,3,11,0,2014-01-11,56,1,0,0,0,310000,0.07692307692307693,0.6666666666666666,Lansia
1446,1446,8204,1971,D3,Menikah,78041000.0,0,0,2012-12-16,93,482000,35000,553000,72000,160000,17000,1,4,4,9,2,0,0,0,0,0,0,3,11,0,2013-03-19,43,1,0,0,0,1319000,0.05555555555555555,0.6666666666666666,Tua
1447,1447,5221,1957,S1,Menikah,52852000.0,0,1,2012-12-01,93,714000,8000,99000,11000,0,47000,4,10,7,5,8,1,0,0,0,0,0,3,11,0,2013-03-04,57,1,0,1,1,879000,0.15384615384615385,0.5555555555555556,Lansia
1448,1448,1232,1982,S3,Bertunangan,70038000.0,0,0,2013-10-25,54,587000,54000,348000,71000,54000,130000,1,4,4,8,2,0,0,0,0,0,0,3,11,0,2013-12-18,32,1,0,0,0,1244000,0.058823529411764705,0.6666666666666666,Tua
1449,1449,1927,1973,D3,Bertunangan,69401000.0,0,1,2014-03-23,41,399000,27000,159000,58000,8000,39000,4,4,4,5,2,0,0,0,0,0,0,3,11,0,2014-05-03,41,1,0,1,0,690000,0.23529411764705882,0.6666666666666666,Tua
1450,1450,5788,1972,S1,Bertunangan,46053000.0,1,0,2013-02-17,46,56000,10000,92000,19000,7000,25000,3,3,2,4,5,0,0,0,0,0,0,3,11,0,2013-04-04,42,1,0,1,0,209000,0.25,0.375,Tua
1451,1451,6652,1965,S1,Menikah,77343000.0,0,0,2014-06-09,28,227000,151000,573000,98000,54000,31000,1,3,4,9,1,0,0,0,0,0,0,3,11,0,2014-07-07,49,1,0,0,0,1134000,0.058823529411764705,0.75,Tua
1452,1452,6246,1953,S1,Lajang,73892000.0,0,0,2013-11-13,40,703000,102000,601000,0,58000,43000,1,3,11,8,1,0,0,0,0,0,0,3,11,1,2013-12-23,61,0,0,0,0,1507000,0.043478260869565216,0.75,Lansia
1453,1453,5975,1967,S3,Lajang,40304000.0,1,0,2013-09-30,82,37000,0,17000,0,0,3000,1,2,0,3,7,0,0,0,0,0,0,3,11,0,2013-12-21,47,0,0,1,0,57000,0.16666666666666666,0.2222222222222222,Tua
1454,1454,6875,1965,S3,Bertunangan,32727000.0,0,0,2012-08-28,38,167000,13000,180000,86000,13000,70000,2,7,3,5,8,0,0,0,0,0,0,3,11,0,2012-10-05,49,1,0,0,0,529000,0.11764705882352941,0.4666666666666667,Tua
1455,1455,4399,1969,S1,Bertunangan,68695000.0,0,0,2014-06-25,3,458000,81000,356000,106000,50000,40000,1,4,4,7,2,0,0,0,0,0,0,3,11,0,2014-06-28,45,1,0,0,0,1091000,0.0625,0.6666666666666666,Tua
1456,1456,4042,1971,S1,Cerai,43300000.0,0,1,2012-10-13,87,91000,3000,52000,2000,1000,31000,3,4,0,4,8,0,0,0,0,0,0,3,11,1,2013-01-08,43,0,0,1,0,180000,0.2727272727272727,0.3333333333333333,Tua
1457,1457,2157,1972,S1,Bertunangan,26290000.0,1,1,2013-01-12,49,15000,8000,16000,11000,5000,22000,4,2,0,4,6,0,0,0,0,0,0,3,11,0,2013-03-02,42,1,0,2,0,77000,0.4,0.25,Tua
1458,1458,10133,1970,S1,Lajang,93790000.0,0,0,2014-02-12,16,1302000,68000,731000,89000,114000,45000,0,6,7,12,2,0,1,1,1,0,0,3,11,1,2014-02-28,44,0,0,0,3,2349000,0.0,0.75,Tua
1459,1459,2525,1974,S3,Menikah,38410000.0,0,0,2012-09-14,65,153000,64000,123000,116000,64000,14000,2,5,2,9,6,0,0,0,0,0,0,3,11,1,2012-11-18,40,1,0,0,0,534000,0.1111111111111111,0.45454545454545453,Tua
1460,1460,8233,1950,S2,Janda,64866000.0,0,1,2014-01-26,9,508000,5000,21000,7000,5000,10000,4,7,3,7,5,0,1,0,0,0,0,3,11,0,2014-02-04,64,0,0,1,1,556000,0.19047619047619047,0.5833333333333334,Lansia
1461,1461,9483,1959,S1,Bertunangan,57957000.0,0,1,2013-08-19,24,290000,59000,177000,77000,5000,29000,7,4,6,8,3,0,0,0,0,0,1,3,11,0,2013-09-12,55,1,0,1,0,637000,0.28,0.5714285714285714,Tua
1462,1462,2945,1955,S3,Bertunangan,46015000.0,1,1,2014-04-13,25,38000,0,2000,0,0,6000,1,1,0,3,7,1,0,0,0,1,0,3,11,0,2014-05-08,59,1,0,2,2,46000,0.2,0.125,Lansia
1463,1463,10403,1978,S1,Bertunangan,16531000.0,1,0,2014-06-18,43,2000,13000,6000,7000,5000,11000,3,3,0,3,7,0,0,0,0,0,0,3,11,0,2014-07-31,36,1,0,1,0,44000,0.3333333333333333,0.3,Tua
1464,1464,5074,1986,S2,Menikah,28072000.0,1,0,2013-07-08,10,30000,0,10000,2000,0,5000,1,1,0,3,7,0,0,0,0,0,0,3,11,0,2013-07-18,28,1,0,1,0,47000,0.2,0.125,Muda
1465,1465,10524,1963,S2,Cerai,49476000.0,0,1,2013-06-20,29,386000,23000,95000,54000,41000,196000,4,2,11,5,2,0,0,0,0,0,0,3,11,0,2013-07-19,51,0,0,1,0,795000,0.18181818181818182,0.5,Tua
1466,1466,4690,1953,S1,Menikah,50725000.0,0,1,2013-02-13,45,443000,10000,75000,0,10000,48000,4,8,1,8,8,0,0,0,0,0,0,3,11,0,2013-03-30,61,1,0,1,0,586000,0.19047619047619047,0.5,Lansia
1467,1467,7521,1952,S1,Bertunangan,83844000.0,0,0,2013-05-12,57,901000,31000,345000,75000,31000,191000,1,4,4,11,1,0,0,1,0,0,0,3,11,0,2013-07-08,62,1,0,0,1,1574000,0.05,0.8,Lansia
1468,1468,7196,1950,S3,Menikah,41145000.0,1,1,2014-02-08,20,9000,0,3000,0,0,1000,1,0,0,3,3,0,0,0,0,0,0,3,11,0,2014-02-28,64,1,0,2,0,13000,0.25,0.0,Lansia
1469,1469,4406,1970,S1,Bertunangan,67419000.0,0,1,2013-01-16,29,846000,84000,352000,91000,56000,42000,4,9,4,8,5,0,0,0,0,0,0,3,11,0,2013-02-14,44,1,0,1,0,1471000,0.16,0.6428571428571429,Tua
1470,1470,9672,1970,D3,Menikah,23162000.0,1,1,2013-12-21,82,8000,3000,9000,19000,4000,22000,3,1,1,3,6,0,0,0,0,0,0,3,11,0,2014-03-13,44,1,0,2,0,65000,0.375,0.14285714285714285,Tua
1471,1471,4864,1977,S1,Menikah,34380000.0,1,0,2013-05-02,68,72000,7000,58000,13000,1000,24000,4,4,1,3,8,0,0,0,0,0,0,3,11,0,2013-07-09,37,1,0,1,0,175000,0.3333333333333333,0.3333333333333333,Tua
1472,1472,4706,1966,S1,Lajang,34704000.0,0,1,2013-04-27,65,29000,0,5000,0,1000,5000,1,1,0,3,5,0,0,0,0,0,0,3,11,0,2013-07-01,48,0,0,1,0,40000,0.2,0.16666666666666666,Tua
1473,1473,4070,1969,S3,Menikah,94871000.0,0,2,2012-09-01,99,169000,24000,553000,188000,0,144000,1,8,5,4,7,0,1,1,0,0,0,3,11,1,2012-12-09,45,1,0,2,2,1078000,0.05555555555555555,0.5333333333333333,Tua
1474,1474,25,1958,S1,Menikah,65148000.0,0,1,2012-11-16,9,460000,35000,422000,33000,12000,153000,2,6,6,7,4,0,0,0,0,0,0,3,11,0,2012-11-25,56,1,0,1,0,1115000,0.09523809523809523,0.6,Lansia
1475,1475,3697,1954,S1,Bertunangan,39898000.0,0,1,2013-02-12,20,69000,8000,26000,12000,7000,12000,2,3,0,4,7,0,0,0,0,0,0,3,11,0,2013-03-04,60,1,0,1,0,134000,0.2222222222222222,0.3,Lansia
1476,1476,217,1956,S2,Lajang,64857000.0,0,0,2012-11-23,78,556000,14000,717000,210000,0,43000,1,7,5,10,4,0,0,0,0,0,0,3,11,0,2013-02-09,58,0,0,0,0,1540000,0.043478260869565216,0.6363636363636364,Lansia
1477,1477,4220,1970,S3,Menikah,59892000.0,0,1,2013-11-02,26,73000,0,13000,0,1000,0,1,2,1,3,3,0,0,0,0,0,0,3,11,0,2013-11-28,44,1,0,1,0,87000,0.14285714285714285,0.4,Tua
1478,1478,5286,1987,S2,Lajang,41020000.0,0,0,2013-10-28,68,112000,1000,54000,7000,7000,36000,1,3,2,4,3,0,0,0,0,0,0,3,11,0,2014-01-04,27,0,0,0,0,217000,0.1,0.5,Muda
1479,1479,9559,1961,S3,Menikah,57072000.0,0,1,2014-01-24,79,944000,0,60000,0,0,30000,2,7,5,13,5,1,0,0,0,0,0,3,11,0,2014-04-13,53,1,0,1,1,1034000,0.07407407407407407,0.5833333333333334,Tua
1480,1480,2849,1979,S1,Lajang,60474000.0,0,1,2013-04-01,25,265000,199000,303000,234000,9000,170000,7,10,2,12,7,0,0,0,0,0,0,3,11,0,2013-04-26,35,0,0,1,0,1180000,0.22580645161290322,0.5882352941176471,Tua
1481,1481,7787,1960,S1,Bertunangan,62807000.0,0,1,2012-08-31,83,526000,28000,135000,10000,21000,99000,3,5,3,12,5,0,0,0,0,0,0,3,11,0,2012-11-22,54,1,0,1,0,819000,0.13043478260869565,0.5,Tua
1482,1482,3102,1981,D3,Bertunangan,19414000.0,1,0,2013-10-16,32,2000,3000,12000,3000,5000,7000,1,1,0,3,8,0,0,0,0,0,0,3,11,0,2013-11-17,33,1,0,1,0,32000,0.2,0.1111111111111111,Tua
1483,1483,5868,1980,S1,Menikah,19107000.0,1,0,2013-08-22,49,2000,4000,9000,10000,5000,16000,2,1,0,3,7,0,0,0,0,0,0,3,11,0,2013-10-10,34,1,0,1,0,46000,0.3333333333333333,0.125,Tua
1484,1484,8370,1976,D3,Bertunangan,75484000.0,0,1,2012-08-02,50,378000,97000,259000,197000,194000,34000,2,7,3,6,4,0,0,0,0,0,0,3,11,0,2012-09-21,38,1,0,1,0,1159000,0.1111111111111111,0.6363636363636364,Tua
1485,1485,9988,1976,S2,Lajang,70379000.0,0,1,2013-03-03,84,553000,25000,142000,65000,67000,8000,3,6,3,13,4,0,0,0,0,0,0,3,11,0,2013-05-26,38,0,0,1,0,860000,0.12,0.6,Tua
1486,1486,2939,1970,S2,Bertunangan,79419000.0,0,0,2014-06-22,96,751000,127000,687000,20000,15000,31000,1,4,6,4,2,0,0,0,0,0,0,3,11,0,2014-09-26,44,1,0,0,0,1631000,0.06666666666666667,0.6666666666666666,Tua
1487,1487,5529,1946,S3,Bertunangan,64014000.0,2,1,2014-06-10,56,406000,0,30000,0,0,8000,7,8,2,5,7,0,0,0,1,0,0,3,11,0,2014-08-05,68,1,0,3,1,444000,0.3181818181818182,0.5333333333333333,Lansia
1488,1488,9743,1955,S1,Menikah,76998000.0,0,1,2013-01-11,85,1449000,89000,161000,69000,35000,107000,2,11,8,8,6,0,0,1,0,0,0,3,11,0,2013-04-06,59,1,0,1,1,1910000,0.06896551724137931,0.6470588235294118,Lansia
1489,1489,5763,1972,S2,Bertunangan,49854000.0,1,0,2013-11-10,63,123000,17000,171000,39000,0,30000,5,6,2,5,6,0,0,0,0,0,0,3,11,0,2014-01-12,42,1,0,1,0,380000,0.2777777777777778,0.5,Tua
1490,1490,3478,1971,S3,Menikah,60585000.0,1,1,2013-06-24,17,267000,42000,309000,55000,42000,21000,10,7,4,9,5,0,0,0,0,0,0,3,11,1,2013-07-11,43,1,0,2,0,736000,0.3333333333333333,0.5833333333333334,Tua
1491,1491,7494,1950,S3,Cerai,42873000.0,1,1,2013-01-21,11,209000,0,40000,3000,2000,15000,4,6,1,4,8,0,0,0,0,0,0,3,11,0,2013-02-01,64,0,0,2,0,269000,0.26666666666666666,0.42857142857142855,Lansia
1492,1492,1763,1988,S1,Bertunangan,87679000.0,0,0,2013-07-27,62,1259000,172000,815000,97000,148000,33000,1,7,11,10,4,1,0,1,1,0,0,3,11,1,2013-09-27,26,1,0,0,3,2524000,0.034482758620689655,0.6363636363636364,Muda
1493,1493,7250,1978,S1,Bertunangan,57867000.0,1,0,2013-10-01,48,344000,35000,178000,15000,23000,17000,7,7,2,9,6,0,0,0,0,0,0,3,11,0,2013-11-18,36,1,0,1,0,612000,0.28,0.5384615384615384,Tua
1494,1494,2005,1990,S1,Menikah,35765000.0,1,0,2013-12-11,86,22000,3000,30000,0,5000,15000,2,2,0,4,6,0,0,0,0,0,0,3,11,0,2014-03-07,24,1,0,1,0,75000,0.25,0.25,Muda
1495,1495,10770,1959,S1,Menikah,65492000.0,0,0,2014-01-26,73,247000,161000,295000,210000,85000,47000,2,4,7,13,2,0,0,0,0,0,0,3,11,0,2014-04-09,55,1,0,0,0,1045000,0.07692307692307693,0.6666666666666666,Tua
1496,1496,6885,1977,S1,Cerai,32952000.0,1,0,2013-12-01,36,38000,0,12000,3000,1000,1000,1,2,0,3,7,0,0,0,0,0,0,3,11,0,2014-01-06,37,0,0,1,0,55000,0.16666666666666666,0.2222222222222222,Tua
1497,1497,2072,1969,S3,Bertunangan,53374000.0,0,1,2012-08-16,34,896000,10000,101000,13000,10000,34000,6,4,2,9,9,1,0,0,0,0,0,3,11,1,2012-09-19,45,1,0,1,1,1064000,0.2857142857142857,0.3076923076923077,Tua
1498,1498,9463,1959,S1,Bertunangan,71706000.0,0,1,2012-11-13,16,931000,56000,253000,91000,98000,14000,4,9,5,7,5,0,0,0,0,0,0,3,11,0,2012-11-29,55,1,0,1,0,1443000,0.16,0.6428571428571429,Tua
1499,1499,6318,1988,S1,Menikah,68487000.0,0,0,2013-01-13,48,758000,12000,385000,33000,89000,89000,1,9,7,13,4,0,0,0,0,0,0,3,11,0,2013-03-02,26,1,0,0,0,1366000,0.03333333333333333,0.6923076923076923,Muda
1500,1500,4093,1975,S2,Bertunangan,53253000.0,1,1,2013-02-11,61,216000,9000,57000,20000,9000,125000,7,4,3,5,5,0,0,0,0,0,0,3,11,0,2013-04-13,39,1,0,2,0,436000,0.3684210526315789,0.4444444444444444,Tua
1501,1501,5751,1973,D3,Cerai,31163000.0,1,0,2014-02-13,54,2000,3000,10000,11000,2000,10000,1,1,0,3,6,0,0,0,0,0,0,3,11,0,2014-04-08,41,0,0,1,0,38000,0.2,0.14285714285714285,Tua
1502,1502,3340,1977,S1,Menikah,42014000.0,1,0,2012-08-17,56,244000,15000,108000,4000,15000,50000,6,7,1,6,8,0,0,0,0,0,0,3,11,1,2012-10-12,37,1,0,1,0,436000,0.3,0.4666666666666667,Tua
1503,1503,3594,1973,S2,Menikah,54108000.0,1,1,2012-11-05,74,539000,6000,91000,8000,6000,97000,13,8,2,9,8,0,0,0,0,0,0,3,11,0,2013-01-18,41,1,0,2,0,747000,0.40625,0.5,Tua
1504,1504,3584,1955,S3,Lajang,49667000.0,0,0,2012-08-20,35,1181000,26000,120000,17000,13000,39000,2,5,10,5,8,1,0,0,0,0,0,3,11,1,2012-09-24,59,0,0,0,1,1396000,0.09090909090909091,0.38461538461538464,Lansia
1505,1505,3643,1974,S2,Menikah,63206000.0,0,0,2014-03-20,65,750000,8000,125000,11000,8000,26000,1,4,3,6,2,0,0,1,0,0,0,3,11,0,2014-05-24,40,1,0,0,1,928000,0.07142857142857142,0.6666666666666666,Tua
1506,1506,851,1972,S2,Menikah,57136000.0,1,1,2013-07-09,48,306000,5000,109000,21000,109000,92000,9,5,2,10,6,0,0,0,0,0,0,3,11,0,2013-08-26,42,1,0,2,0,642000,0.34615384615384615,0.45454545454545453,Tua
1507,1507,7706,1975,D3,Bertunangan,46772000.0,0,1,2012-11-07,88,350000,104000,189000,197000,151000,57000,6,11,8,5,8,1,0,0,0,0,0,3,11,0,2013-02-03,39,1,0,1,1,1048000,0.2,0.5789473684210527,Tua
1508,1508,3967,1971,S3,Menikah,78931000.0,0,0,2013-10-25,19,331000,197000,170000,58000,152000,35000,1,2,8,13,1,0,0,0,0,0,0,3,11,0,2013-11-13,43,1,0,0,0,943000,0.041666666666666664,0.6666666666666666,Tua
1509,1509,10128,1958,S1,Bertunangan,53977000.0,0,1,2013-06-08,21,620000,16000,165000,0,24000,82000,5,5,5,12,5,0,0,0,0,0,0,3,11,0,2013-06-29,56,1,0,1,0,907000,0.18518518518518517,0.5,Lansia
1510,1510,486,1988,S1,Menikah,84219000.0,0,0,2014-02-02,27,434000,137000,400000,45000,137000,45000,1,3,4,10,1,0,0,0,0,0,0,3,11,0,2014-03-01,26,1,0,0,0,1198000,0.05555555555555555,0.75,Muda
1511,1511,9,1975,S2,Lajang,46098000.0,1,1,2012-08-18,86,57000,0,27000,0,0,36000,4,3,2,2,8,0,0,0,0,0,0,3,11,0,2012-11-12,39,0,0,2,0,120000,0.36363636363636365,0.2727272727272727,Tua
1512,1512,9451,1965,S1,Menikah,73538000.0,0,1,2012-11-25,92,811000,76000,428000,99000,137000,107000,3,10,4,9,7,0,0,0,0,0,0,3,11,0,2013-02-25,49,1,0,1,0,1658000,0.11538461538461539,0.5882352941176471,Tua
1513,1513,9264,1986,S1,Menikah,79529000.0,0,0,2014-04-27,1,423000,42000,706000,73000,197000,197000,1,4,8,9,2,0,0,0,0,0,0,3,11,0,2014-04-28,28,1,0,0,0,1638000,0.045454545454545456,0.6666666666666666,Muda
1514,1514,3865,1977,D3,Bertunangan,20981000.0,0,0,2013-04-30,14,2000,12000,10000,6000,13000,30000,1,3,1,2,8,0,0,0,0,0,0,3,11,1,2013-05-14,37,1,0,0,0,73000,0.14285714285714285,0.2727272727272727,Tua
1515,1515,2853,1980,S1,Lajang,51766000.0,1,0,2014-03-11,74,60000,51000,87000,6000,20000,51000,2,4,2,4,5,0,0,0,0,0,0,3,11,0,2014-05-24,34,0,0,1,0,275000,0.16666666666666666,0.4444444444444444,Tua
1516,1516,1490,1962,S1,Menikah,55759000.0,0,1,2012-11-28,84,675000,0,85000,10000,7000,77000,5,10,3,8,8,0,0,0,0,0,0,3,11,0,2013-02-20,52,1,0,1,0,854000,0.19230769230769232,0.5555555555555556,Tua
1517,1517,6310,1978,S1,Menikah,33039000.0,1,0,2013-09-09,4,30000,8000,12000,8000,8000,12000,1,2,0,4,5,0,0,0,0,0,0,3,11,0,2013-09-13,36,1,0,1,0,78000,0.14285714285714285,0.2857142857142857,Tua
1518,1518,10380,1972,S2,Menikah,37787000.0,1,0,2013-09-20,50,40000,1000,40000,4000,3000,18000,1,3,0,3,8,0,0,0,0,0,0,3,11,0,2013-11-09,42,1,0,1,0,106000,0.14285714285714285,0.2727272727272727,Tua
1519,1519,3887,1970,S1,Lajang,27242000.0,1,0,2012-11-11,2,3000,17000,26000,20000,1000,39000,2,2,0,3,9,0,0,0,0,0,0,3,11,1,2012-11-13,44,0,0,1,0,106000,0.2857142857142857,0.18181818181818182,Tua
1520,1520,4278,1983,S3,Lajang,87188000.0,0,0,2013-06-03,73,910000,111000,724000,49000,74000,55000,1,10,2,6,3,0,0,0,0,0,0,3,11,1,2013-08-15,31,0,0,0,0,1923000,0.05263157894736842,0.7692307692307693,Tua
1521,1521,8643,1971,S1,Bertunangan,69930000.0,0,0,2013-05-26,21,252000,98000,827000,219000,70000,196000,1,4,5,12,3,0,0,0,0,0,0,3,11,0,2013-06-16,43,1,0,0,0,1662000,0.045454545454545456,0.5714285714285714,Tua
1522,1522,1998,1976,S1,Lajang,37697000.0,1,0,2014-02-07,82,34000,6000,21000,11000,4000,8000,1,2,1,3,6,0,0,0,0,0,0,3,11,0,2014-04-30,38,0,0,1,0,84000,0.14285714285714285,0.25,Tua
1523,1523,10795,1973,S3,Menikah,37401000.0,1,0,2014-05-06,14,19000,3000,19000,3000,1000,3000,2,2,0,3,7,0,0,0,0,0,0,3,11,0,2014-05-20,41,1,0,1,0,48000,0.2857142857142857,0.2222222222222222,Tua
1524,1524,11110,1973,S1,Lajang,3502000.0,1,0,2013-04-13,56,2000,1000,1000,0,0,1000,0,0,0,0,14,0,0,0,0,0,0,3,11,0,2013-06-08,41,0,0,1,0,5000,0.0,0.0,Tua
1525,1525,2408,1976,S1,Menikah,58597000.0,1,1,2012-11-20,20,490000,0,184000,10000,28000,21000,12,7,4,9,7,0,0,0,0,0,0,3,11,0,2012-12-10,38,1,0,2,0,733000,0.375,0.5,Tua
1526,1526,202,1948,S3,Janda,82032000.0,0,0,2014-04-05,54,332000,194000,377000,149000,125000,57000,0,4,6,7,1,0,0,0,0,0,0,3,11,0,2014-05-29,66,0,0,0,0,1234000,0.0,0.8,Lansia
1527,1527,7998,1958,S1,Bertunangan,28087000.0,1,1,2012-12-11,77,53000,8000,17000,13000,0,21000,3,2,2,2,7,0,0,0,0,0,0,3,11,0,2013-02-26,56,1,0,2,0,112000,0.3333333333333333,0.2222222222222222,Lansia
1528,1528,830,1987,S3,Lajang,74004000.0,0,0,2014-02-24,5,784000,48000,560000,42000,176000,48000,1,4,6,4,3,0,0,1,1,0,0,3,11,1,2014-03-01,27,0,0,0,2,1658000,0.06666666666666667,0.5714285714285714,Muda
1529,1529,3536,1960,S1,Bertunangan,19740000.0,0,1,2013-03-24,65,7000,11000,3000,10000,4000,20000,2,1,1,3,5,0,0,0,0,0,0,3,11,0,2013-05-28,54,1,0,1,0,55000,0.2857142857142857,0.16666666666666666,Tua
1530,1530,6050,1975,D3,Menikah,57036000.0,0,1,2012-12-11,33,1171000,43000,219000,19000,14000,47000,4,6,3,13,9,1,0,0,0,0,0,3,11,0,2013-01-13,39,1,0,1,1,1513000,0.15384615384615385,0.4,Tua
1531,1531,125,1958,D3,Bertunangan,53083000.0,1,1,2013-05-15,65,215000,7000,33000,3000,0,13000,6,5,1,5,7,0,1,0,0,0,0,3,11,0,2013-07-19,56,1,0,2,1,271000,0.35294117647058826,0.4166666666666667,Lansia
1532,1532,3463,1975,S3,Menikah,69283000.0,0,1,2014-06-14,41,674000,62000,134000,0,26000,8000,4,7,3,13,5,0,0,0,0,0,0,3,11,0,2014-07-25,39,1,0,1,0,904000,0.14814814814814814,0.5833333333333334,Tua
1533,1533,2804,1975,S2,Lajang,46098000.0,1,1,2012-08-18,86,57000,0,27000,0,0,36000,4,3,2,2,8,0,0,0,0,0,0,3,11,1,2012-11-12,39,0,0,2,0,120000,0.36363636363636365,0.2727272727272727,Tua
1534,1534,3745,1988,D3,Menikah,23331000.0,1,0,2012-09-04,92,5000,36000,7000,0,10000,45000,2,3,0,3,8,0,0,0,0,0,0,3,11,0,2012-12-05,26,1,0,1,0,103000,0.25,0.2727272727272727,Muda
1535,1535,9771,1988,D3,Lajang,23331000.0,1,0,2012-10-05,97,104000,20000,101000,24000,15000,5000,6,5,1,5,9,0,0,0,0,0,0,3,11,0,2013-01-10,26,0,0,1,0,269000,0.35294117647058826,0.35714285714285715,Muda
1536,1536,451,1989,S1,Lajang,9255000.0,1,0,2013-12-20,91,9000,0,7000,2000,0,4000,1,1,1,2,8,0,0,0,0,0,0,3,11,0,2014-03-21,25,0,0,1,0,22000,0.2,0.1111111111111111,Muda
1537,1537,10530,1959,S3,Janda,67786000.0,0,0,2013-12-07,0,431000,82000,441000,80000,20000,102000,1,3,6,6,1,0,0,0,0,0,0,3,11,1,2013-12-07,55,0,0,0,0,1156000,0.0625,0.75,Tua
1538,1538,1079,1971,S3,Menikah,71969000.0,0,1,2012-10-16,59,1000000,0,76000,0,0,10000,3,3,4,9,8,0,1,0,0,0,0,3,11,0,2012-12-14,43,1,0,1,1,1086000,0.15789473684210525,0.2727272727272727,Tua
1539,1539,8920,1967,S2,Lajang,59235000.0,1,0,2013-01-12,4,448000,40000,469000,80000,0,91000,3,11,2,12,7,0,0,0,0,0,0,3,11,0,2013-01-16,47,0,0,1,0,1128000,0.10714285714285714,0.6111111111111112,Tua
1540,1540,6678,1989,S1,Bertunangan,31928000.0,1,0,2014-03-28,5,33000,4000,24000,4000,2000,5000,2,3,0,4,7,0,0,0,0,0,0,3,11,0,2014-04-02,25,1,0,1,0,72000,0.2222222222222222,0.3,Muda
1541,1541,3852,1961,S2,Bertunangan,74881000.0,1,1,2013-03-08,48,505000,72000,270000,36000,27000,54000,4,9,2,12,5,0,0,0,0,0,0,3,11,0,2013-04-25,53,1,0,2,0,964000,0.14814814814814814,0.6428571428571429,Tua
1542,1542,528,1978,S1,Menikah,65819000.0,0,0,2012-11-29,99,267000,38000,701000,149000,165000,63000,1,5,4,10,3,0,0,0,0,0,0,3,11,0,2013-03-08,36,1,0,0,0,1383000,0.05,0.625,Tua
1543,1543,73,1953,S3,Lajang,51411000.0,1,2,2013-05-26,81,14000,0,3000,0,0,1000,1,0,0,3,5,0,0,0,0,0,0,3,11,0,2013-08-15,61,0,0,3,0,18000,0.25,0.0,Lansia
1544,1544,5589,1964,S1,Cerai,51983000.0,0,1,2012-08-31,95,631000,0,115000,10000,7000,30000,3,9,2,10,7,0,0,0,0,0,0,3,11,0,2012-12-04,50,0,0,1,0,793000,0.125,0.5625,Tua
1545,1545,10212,1986,S2,Bertunangan,42386000.0,1,0,2013-01-13,43,65000,4000,16000,0,4000,11000,1,3,0,3,8,0,0,0,0,0,0,3,11,0,2013-02-25,28,1,0,1,0,100000,0.14285714285714285,0.2727272727272727,Muda
1546,1546,6365,1987,D3,Menikah,30390000.0,0,0,2013-09-02,5,10000,12000,12000,25000,1000,20000,1,2,0,3,6,0,0,0,0,0,0,3,11,0,2013-09-07,27,1,0,0,0,80000,0.16666666666666666,0.25,Muda
1547,1547,5636,1963,S1,Lajang,30983000.0,0,0,2012-11-09,50,51000,4000,50000,12000,1000,49000,1,4,0,3,8,0,0,0,0,0,0,3,11,1,2012-12-29,51,0,0,0,0,167000,0.125,0.3333333333333333,Tua
1548,1548,591,1957,S1,Janda,66033000.0,0,1,2013-01-20,76,293000,35000,179000,46000,59000,65000,2,8,3,7,7,0,0,0,0,0,0,3,11,0,2013-04-06,57,0,0,1,0,677000,0.1,0.5333333333333333,Lansia
1549,1549,2217,1975,D3,Menikah,37284000.0,1,1,2013-03-29,46,11000,1000,2000,2000,1000,6000,1,0,0,3,6,0,0,0,0,0,0,3,11,0,2013-05-14,39,1,0,2,0,23000,0.25,0.0,Tua
1550,1550,2544,1951,S2,Cerai,57530000.0,0,1,2013-10-12,68,50000,1000,27000,6000,7000,1000,1,1,1,4,1,0,0,0,0,0,0,3,11,0,2013-12-19,63,0,0,1,0,92000,0.14285714285714285,0.5,Lansia
1551,1551,7725,1965,D3,Menikah,76800000.0,0,0,2014-03-08,33,173000,26000,255000,35000,71000,81000,1,4,4,7,1,0,0,0,0,0,0,3,11,0,2014-04-10,49,1,0,0,0,641000,0.0625,0.8,Tua
1552,1552,8091,1956,S1,Menikah,63943000.0,0,1,2012-09-02,50,423000,184000,368000,13000,97000,21000,1,6,4,6,5,0,0,0,0,0,0,3,11,0,2012-10-22,58,1,0,1,0,1106000,0.058823529411764705,0.5454545454545454,Lansia
1553,1553,7321,1962,S1,Bertunangan,76081000.0,0,0,2014-05-23,85,292000,30000,415000,63000,33000,200000,1,4,5,4,2,0,0,0,1,0,0,3,11,0,2014-08-16,52,1,0,0,1,1033000,0.07142857142857142,0.6666666666666666,Tua
1554,1554,5462,1974,S1,Menikah,67445000.0,0,1,2012-08-12,63,757000,80000,217000,29000,80000,11000,5,9,6,12,6,0,0,0,0,0,0,3,11,0,2012-10-14,40,1,0,1,0,1174000,0.15625,0.6,Tua
1555,1555,7791,1967,S2,Menikah,37054000.0,1,1,2013-09-15,89,12000,1000,6000,0,1000,5000,2,1,0,3,7,0,0,0,0,0,0,3,11,0,2013-12-13,47,1,0,2,0,25000,0.3333333333333333,0.125,Tua
1556,1556,955,1962,S2,Bertunangan,47175000.0,1,1,2012-10-28,81,167000,2000,44000,6000,2000,19000,7,4,2,4,8,1,0,0,0,0,0,3,11,1,2013-01-17,52,1,0,2,1,240000,0.4117647058823529,0.3333333333333333,Tua
1557,1557,4037,1976,S1,Cerai,31859000.0,1,0,2013-06-14,77,3000,1000,3000,8000,0,5000,1,1,0,2,7,0,0,0,0,0,0,3,11,0,2013-08-30,38,0,0,1,0,20000,0.25,0.125,Tua
1558,1558,6642,1961,S1,Cerai,27215000.0,2,1,2013-01-23,50,30000,5000,22000,8000,9000,28000,4,2,1,4,6,0,0,0,0,0,0,3,11,0,2013-03-14,53,0,0,3,0,102000,0.36363636363636365,0.25,Tua
1559,1559,2793,1976,S3,Cerai,70179000.0,0,1,2013-07-21,10,532000,88000,168000,69000,44000,133000,3,7,3,13,5,0,0,0,0,0,0,3,11,0,2013-07-31,38,0,0,1,0,1034000,0.11538461538461539,0.5833333333333334,Tua
1560,1560,5424,1983,S1,Menikah,39922000.0,1,0,2013-02-14,30,29000,12000,59000,19000,1000,36000,2,3,0,4,8,0,0,0,0,0,0,3,11,0,2013-03-16,31,1,0,1,0,156000,0.2222222222222222,0.2727272727272727,Tua
1561,1561,879,1976,S2,Menikah,49681000.0,0,2,2013-11-04,66,411000,0,26000,0,0,21000,6,7,1,7,7,0,0,0,0,0,0,3,11,0,2014-01-09,38,1,0,2,0,458000,0.2857142857142857,0.5,Tua
1562,1562,9530,1988,S1,Menikah,24645000.0,1,0,2012-11-01,16,5000,3000,4000,4000,1000,0,1,1,0,2,8,0,0,0,0,0,0,3,11,0,2012-11-17,26,1,0,1,0,17000,0.25,0.1111111111111111,Muda
1563,1563,4828,1954,S1,Cerai,79865000.0,0,1,2014-06-18,12,71000,99000,278000,185000,121000,38000,1,5,10,5,1,0,0,0,0,0,0,3,11,0,2014-06-30,60,0,0,1,0,792000,0.047619047619047616,0.8333333333333334,Lansia
1564,1564,10699,1985,S1,Menikah,44322000.0,1,0,2014-06-16,30,46000,0,40000,3000,0,3000,2,3,0,3,8,0,0,0,0,0,0,3,11,0,2014-07-16,29,1,0,1,0,92000,0.25,0.2727272727272727,Muda
1565,1565,1497,1952,S1,Lajang,47958000.0,0,1,2013-01-19,8,268000,11000,88000,15000,3000,22000,2,6,3,5,5,0,0,0,0,0,0,3,11,0,2013-01-27,62,0,0,1,0,407000,0.125,0.5454545454545454,Lansia
1566,1566,7476,1964,S2,Lajang,63972000.0,0,1,2012-12-02,93,928000,63000,254000,0,12000,12000,4,5,4,10,4,0,1,0,0,0,0,3,11,0,2013-03-05,50,0,0,1,1,1269000,0.17391304347826086,0.5555555555555556,Tua
1567,1567,4390,1954,S1,Bertunangan,75315000.0,0,1,2014-04-15,14,459000,15000,171000,142000,23000,31000,2,5,4,12,2,0,0,0,0,0,0,3,11,0,2014-04-29,60,1,0,1,0,841000,0.08695652173913043,0.7142857142857143,Lansia
1568,1568,10478,1950,S3,Menikah,55517000.0,1,1,2012-09-27,53,483000,0,108000,0,6000,36000,5,11,1,6,9,0,0,0,0,0,0,3,11,1,2012-11-19,64,1,0,2,0,633000,0.21739130434782608,0.55,Lansia
1569,1569,1081,1957,S3,Menikah,75283000.0,1,2,2013-03-27,26,733000,9000,180000,12000,19000,66000,11,6,3,5,4,0,0,0,0,0,0,3,11,0,2013-04-22,57,1,0,3,0,1019000,0.44,0.6,Lansia
1570,1570,4261,1946,S3,Lajang,82800000.0,0,0,2012-11-24,23,1006000,22000,115000,59000,68000,45000,1,7,6,12,3,0,0,1,1,0,0,3,11,1,2012-12-17,68,0,0,0,2,1315000,0.038461538461538464,0.7,Lansia
1571,1571,9916,1954,S1,Menikah,38998000.0,1,1,2012-11-03,92,34000,1000,14000,0,0,5000,3,2,0,3,8,0,0,0,0,0,1,3,11,0,2013-02-03,60,1,0,2,0,54000,0.375,0.2,Lansia
1572,1572,5350,1991,S2,Lajang,90638000.0,0,0,2014-02-13,29,1156000,120000,915000,94000,144000,96000,1,3,4,10,1,0,0,1,0,0,0,3,11,1,2014-03-14,23,0,0,0,1,2525000,0.05555555555555555,0.75,Muda
1573,1573,8135,1986,S2,Menikah,27161000.0,1,0,2013-10-28,41,7000,4000,23000,7000,0,11000,1,1,0,3,7,0,0,0,0,0,0,3,11,0,2013-12-08,28,1,0,1,0,52000,0.2,0.125,Muda
1574,1574,8685,1977,S1,Menikah,42014000.0,1,0,2012-08-17,56,244000,15000,108000,4000,15000,50000,6,7,1,6,8,0,0,0,0,0,0,3,11,1,2012-10-12,37,1,0,1,0,436000,0.3,0.4666666666666667,Tua
1575,1575,4967,1960,S3,Bertunangan,38201000.0,0,1,2013-03-29,19,233000,0,23000,0,0,12000,4,5,1,5,8,0,0,0,0,0,0,3,11,0,2013-04-17,54,1,0,1,0,268000,0.26666666666666666,0.38461538461538464,Tua
1576,1576,2130,1982,S1,Bertunangan,45203000.0,2,0,2014-03-23,4,35000,3000,67000,10000,8000,24000,1,3,1,3,6,0,0,0,0,0,0,3,11,1,2014-03-27,32,1,0,2,0,147000,0.125,0.3333333333333333,Tua
1577,1577,9298,1947,S3,Bertunangan,81574000.0,0,0,2014-04-28,89,1252000,0,465000,46000,35000,0,1,4,5,8,1,0,1,1,0,0,0,3,11,0,2014-07-26,67,1,0,0,2,1798000,0.05555555555555555,0.8,Lansia
1578,1578,8175,1992,S1,Menikah,34935000.0,0,0,2013-06-21,71,34000,4000,66000,3000,10000,20000,1,2,1,4,7,0,0,0,0,0,0,3,11,0,2013-08-31,22,1,0,0,0,137000,0.125,0.2222222222222222,Muda
1579,1579,6257,1976,S2,Lajang,60482000.0,0,1,2013-01-23,81,255000,43000,134000,37000,14000,24000,1,7,2,7,7,0,0,0,0,0,0,3,11,0,2013-04-14,38,0,0,1,0,507000,0.058823529411764705,0.5,Tua
1580,1580,3790,1956,S1,Bertunangan,34633000.0,2,1,2014-01-23,31,8000,1000,5000,0,0,1000,1,1,0,2,6,0,0,0,0,0,0,3,11,0,2014-02-23,58,1,0,3,0,15000,0.25,0.14285714285714285,Lansia
1581,1581,9952,1947,S2,Bertunangan,78093000.0,0,0,2013-12-11,53,368000,32000,639000,13000,43000,10000,1,4,7,5,1,0,0,0,0,0,0,3,11,0,2014-02-02,67,1,0,0,0,1105000,0.058823529411764705,0.8,Lansia
1582,1582,3503,1950,S1,Cerai,82460000.0,0,0,2013-12-02,78,255000,47000,573000,52000,32000,15000,1,5,3,6,1,0,0,0,0,0,0,3,11,0,2014-02-18,64,0,0,0,0,974000,0.06666666666666667,0.8333333333333334,Lansia
1583,1583,5223,1966,S2,Bertunangan,45903000.0,0,1,2014-04-23,80,33000,8000,10000,2000,10000,3000,2,2,1,3,4,0,0,0,0,0,0,3,11,0,2014-07-12,48,1,0,1,0,66000,0.25,0.3333333333333333,Tua
1584,1584,4608,1987,S1,Cerai,81361000.0,0,0,2014-02-25,18,163000,23000,424000,27000,65000,76000,1,3,10,13,1,0,0,0,0,0,0,3,11,1,2014-03-15,27,0,0,0,0,778000,0.037037037037037035,0.75,Muda
1585,1585,1626,1973,S3,Cerai,35860000.0,1,1,2014-05-19,37,15000,0,8000,4000,2000,20000,2,1,1,2,5,1,0,0,0,0,0,3,11,1,2014-06-25,41,0,0,2,1,49000,0.3333333333333333,0.16666666666666666,Tua
1586,1586,4764,1952,S2,Bertunangan,40442000.0,1,1,2012-08-19,52,45000,12000,52000,25000,22000,13000,4,3,1,4,7,0,0,0,0,0,0,3,11,1,2012-10-10,62,1,0,2,0,169000,0.3333333333333333,0.3,Lansia
1587,1587,2471,1965,S1,Menikah,61482000.0,0,0,2014-06-27,39,48000,58000,68000,16000,66000,43000,1,3,2,6,2,0,0,0,0,0,0,3,11,0,2014-08-05,49,1,0,0,0,299000,0.08333333333333333,0.6,Tua
1588,1588,5892,1980,S1,Menikah,34968000.0,1,0,2013-04-10,11,158000,6000,45000,8000,2000,2000,7,3,2,5,7,0,0,0,0,0,0,3,11,0,2013-04-21,34,1,0,1,0,221000,0.4117647058823529,0.3,Tua
1589,1589,2612,1987,S1,Menikah,75794000.0,0,0,2013-12-24,33,754000,160000,625000,63000,32000,48000,1,7,5,12,3,0,0,0,1,0,0,3,11,0,2014-01-26,27,1,0,0,1,1682000,0.04,0.7,Muda
1590,1590,4971,1962,S3,Bertunangan,31497000.0,0,1,2012-12-06,22,108000,1000,28000,13000,1000,4000,2,3,1,4,8,0,0,0,0,0,0,3,11,0,2012-12-28,52,1,0,1,0,155000,0.2,0.2727272727272727,Tua
1591,1591,5185,1955,S1,Menikah,74268000.0,0,0,2013-02-14,83,199000,66000,315000,97000,174000,41000,1,4,3,5,2,0,0,0,0,0,0,3,11,0,2013-05-08,59,1,0,0,0,892000,0.07692307692307693,0.6666666666666666,Lansia
1592,1592,10069,1988,SMA,Bertunangan,13724000.0,1,0,2012-08-31,43,2000,7000,5000,2000,15000,27000,1,2,0,2,9,1,0,0,0,0,0,3,11,0,2012-10-13,26,1,1,1,1,58000,0.2,0.18181818181818182,Muda
1593,1593,2262,1965,S2,Bertunangan,45143000.0,0,1,2013-08-26,74,202000,5000,74000,11000,5000,14000,3,6,1,5,7,0,0,0,0,0,0,3,11,0,2013-11-08,49,1,0,1,0,311000,0.2,0.46153846153846156,Tua
1594,1594,1131,1967,S3,Lajang,52569000.0,0,1,2014-04-05,54,85000,0,3000,0,0,7000,1,2,0,4,3,0,0,0,0,0,0,3,11,0,2014-05-29,47,0,0,1,0,95000,0.14285714285714285,0.4,Tua
1595,1595,1041,1973,S3,Lajang,48432000.0,0,1,2012-10-18,3,322000,3000,50000,4000,3000,42000,5,7,1,6,8,0,0,0,0,0,0,3,11,1,2012-10-21,41,0,0,1,0,424000,0.2631578947368421,0.4666666666666667,Tua
1596,1596,24,1960,S2,Bertunangan,17144000.0,1,1,2014-02-15,96,18000,2000,19000,0,2000,6000,5,3,0,4,7,0,0,0,0,0,0,3,11,0,2014-05-22,54,1,0,2,0,47000,0.4166666666666667,0.3,Tua
1597,1597,3409,1984,S1,Lajang,36108000.0,1,0,2013-10-15,68,141000,8000,129000,3000,11000,47000,3,7,1,4,9,1,0,0,0,0,0,3,11,0,2013-12-22,30,0,0,1,1,339000,0.2,0.4375,Muda
1598,1598,7022,1971,S1,Menikah,76445000.0,1,0,2012-09-28,2,739000,107000,309000,140000,80000,35000,1,2,5,13,6,0,0,0,0,0,0,3,11,0,2012-09-30,43,1,0,1,0,1410000,0.047619047619047616,0.25,Tua
1599,1599,7943,1975,S3,Menikah,36663000.0,1,0,2014-04-25,40,18000,0,6000,3000,3000,5000,1,1,1,3,2,0,0,0,0,0,0,3,11,0,2014-06-04,39,1,0,1,0,35000,0.16666666666666666,0.3333333333333333,Tua
1600,1600,5272,1965,S2,Menikah,53843000.0,0,1,2013-06-27,64,378000,0,88000,19000,4000,73000,4,8,5,3,7,0,0,0,0,0,0,3,11,0,2013-08-30,49,1,0,1,0,562000,0.2,0.5333333333333333,Tua
1601,1601,5453,1956,S2,Menikah,90226000.0,0,0,2012-09-26,26,1083000,108000,649000,253000,151000,108000,1,4,7,12,2,0,0,0,1,0,0,3,11,0,2012-10-22,58,1,0,0,1,2352000,0.041666666666666664,0.6666666666666666,Lansia
1602,1602,2565,1955,S2,Cerai,70638000.0,0,0,2013-06-01,69,1016000,12000,215000,16000,12000,63000,1,4,5,10,3,0,1,0,0,0,0,3,11,0,2013-08-09,59,0,0,0,1,1334000,0.05,0.5714285714285714,Lansia
1603,1603,800,1960,S1,Bertunangan,44512000.0,1,1,2013-08-30,57,23000,1000,6000,0,0,2000,2,1,0,3,4,0,0,0,0,0,0,3,11,0,2013-10-26,54,1,0,2,0,32000,0.3333333333333333,0.2,Tua
1604,1604,11092,1961,S1,Menikah,27116000.0,1,1,2014-03-02,78,12000,1000,21000,2000,2000,3000,2,2,0,3,7,0,0,0,0,0,0,3,11,0,2014-05-19,53,1,0,2,0,41000,0.2857142857142857,0.2222222222222222,Tua
1605,1605,5062,1963,S3,Menikah,54072000.0,1,1,2013-07-27,71,35000,0,4000,0,0,0,1,2,0,2,8,0,0,0,0,0,0,3,11,0,2013-10-06,51,1,0,2,0,39000,0.2,0.2,Tua
1606,1606,8969,1977,S1,Menikah,71855000.0,0,1,2013-01-16,59,548000,31000,422000,0,112000,28000,4,5,5,11,3,0,0,0,0,0,0,3,11,0,2013-03-16,37,1,0,1,0,1141000,0.16,0.625,Tua
1607,1607,4656,1990,D3,Lajang,51250000.0,1,0,2013-03-30,28,342000,32000,230000,34000,32000,40000,5,10,5,4,9,1,0,0,0,0,0,3,11,0,2013-04-27,24,0,0,1,1,710000,0.20833333333333334,0.5263157894736842,Muda
1608,1608,4480,1973,S2,Menikah,60432000.0,0,1,2014-03-09,61,365000,3000,15000,4000,3000,11000,5,7,2,5,6,0,0,0,0,0,0,3,11,0,2014-05-09,41,1,0,1,0,401000,0.2631578947368421,0.5384615384615384,Tua
1609,1609,9971,1964,S3,Menikah,65526000.0,0,1,2014-04-11,22,397000,19000,69000,12000,0,9000,1,4,4,8,2,0,0,0,0,0,0,3,11,0,2014-05-03,50,1,0,1,0,506000,0.058823529411764705,0.6666666666666666,Tua
1610,1610,6729,1988,S1,Lajang,68655000.0,0,0,2012-08-10,95,456000,19000,832000,75000,118000,38000,1,4,5,11,3,0,0,0,0,0,0,3,11,0,2012-11-13,26,0,0,0,0,1538000,0.047619047619047616,0.5714285714285714,Muda
1611,1611,1773,1978,D3,Menikah,12393000.0,0,0,2012-12-04,38,5000,6000,15000,11000,7000,13000,1,2,0,3,9,0,0,0,0,0,0,3,11,0,2013-01-11,36,1,0,0,0,57000,0.16666666666666666,0.18181818181818182,Tua
1612,1612,9242,1990,S1,Lajang,64509000.0,0,0,2013-08-17,19,836000,185000,575000,24000,25000,77000,1,6,3,9,4,1,0,0,0,0,0,3,11,1,2013-09-05,24,0,0,0,1,1722000,0.05263157894736842,0.6,Muda
1613,1613,1764,1975,S1,Lajang,33955000.0,1,0,2013-08-09,92,100000,2000,128000,23000,7000,10000,4,5,1,5,8,0,0,0,0,0,0,3,11,0,2013-11-09,39,0,0,1,0,270000,0.26666666666666666,0.38461538461538464,Tua
1614,1614,6215,1977,S1,Menikah,31353000.0,1,1,2013-12-29,24,10000,0,10000,3000,1000,7000,2,1,1,2,8,0,0,0,0,0,0,3,11,1,2014-01-22,37,1,0,2,0,31000,0.3333333333333333,0.1111111111111111,Tua
1615,1615,10099,1984,S1,Menikah,55434000.0,1,0,2013-10-05,21,238000,115000,215000,169000,69000,76000,3,5,3,13,4,0,0,0,0,0,0,3,11,0,2013-10-26,30,1,0,1,0,882000,0.125,0.5555555555555556,Muda
1616,1616,5423,1983,S1,Bertunangan,28359000.0,1,0,2013-10-27,35,6000,0,5000,2000,1000,2000,1,1,0,2,7,0,0,0,0,0,0,3,11,0,2013-12-01,31,1,0,1,0,16000,0.25,0.125,Tua
1617,1617,940,1987,S1,Lajang,57100000.0,1,0,2014-05-18,9,158000,11000,99000,15000,11000,17000,2,3,2,7,3,0,0,0,0,0,0,3,11,0,2014-05-27,27,0,0,1,0,311000,0.14285714285714285,0.5,Muda
1618,1618,3011,1965,S1,Menikah,69139000.0,0,1,2014-01-27,23,86000,12000,75000,33000,15000,6000,1,4,1,5,4,0,0,0,0,0,0,3,11,0,2014-02-19,49,1,0,1,0,227000,0.09090909090909091,0.5,Tua
1619,1619,3298,1956,S2,Menikah,52973000.0,0,1,2012-11-08,92,856000,0,76000,12000,9000,199000,7,9,6,9,8,0,0,0,0,0,0,3,11,0,2013-02-08,58,1,0,1,0,1152000,0.22580645161290322,0.5294117647058824,Lansia
1620,1620,8286,1965,S3,Bertunangan,51717000.0,0,1,2013-08-20,55,98000,1000,17000,0,1000,5000,1,3,0,4,7,0,1,0,0,0,0,3,11,0,2013-10-14,49,1,0,1,1,122000,0.125,0.3,Tua
1621,1621,9668,1971,S1,Menikah,18793000.0,1,0,2013-01-12,14,4000,16000,20000,0,17000,20000,3,2,0,4,8,0,0,0,0,0,0,3,11,0,2013-01-26,43,1,0,1,0,77000,0.3333333333333333,0.2,Tua
1622,1622,5120,1982,D3,Bertunangan,66664000.0,0,0,2012-09-25,78,398000,96000,447000,220000,96000,32000,1,5,7,6,3,0,0,0,0,0,0,3,11,0,2012-12-12,32,1,0,0,0,1289000,0.05263157894736842,0.625,Tua
1623,1623,6097,1959,S1,Lajang,50664000.0,1,1,2013-01-16,64,313000,8000,104000,6000,4000,126000,9,8,1,6,9,0,0,0,0,0,0,3,11,0,2013-03-21,55,0,0,2,0,561000,0.375,0.47058823529411764,Tua
1624,1624,7019,1963,S1,Bertunangan,54414000.0,1,1,2013-01-23,49,109000,18000,16000,24000,26000,18000,4,3,1,5,4,0,0,0,0,0,0,3,11,0,2013-03-13,51,1,0,2,0,211000,0.3076923076923077,0.42857142857142855,Tua
1625,1625,7408,1952,S3,Menikah,54549000.0,0,1,2014-03-03,8,216000,2000,6000,0,0,9000,2,5,1,4,7,0,0,0,0,0,0,3,11,0,2014-03-11,62,1,0,1,0,233000,0.16666666666666666,0.4166666666666667,Lansia
1626,1626,8041,1971,S3,Janda,47111000.0,0,1,2012-09-08,35,595000,71000,153000,120000,112000,41000,6,3,2,10,9,0,0,0,0,0,0,3,11,0,2012-10-13,43,0,0,1,0,1092000,0.2857142857142857,0.25,Tua
1627,1627,252,1963,S3,Cerai,41003000.0,0,0,2013-03-17,11,123000,133000,142000,71000,44000,88000,1,6,2,8,6,0,0,0,0,0,0,3,11,0,2013-03-28,51,0,0,0,0,601000,0.058823529411764705,0.5,Tua
1628,1628,9986,1982,S1,Bertunangan,19444000.0,1,0,2014-02-22,8,16000,0,23000,3000,2000,10000,3,4,1,2,7,0,0,0,0,0,0,3,11,1,2014-03-02,32,1,0,1,0,54000,0.3,0.36363636363636365,Tua
1629,1629,3276,1976,D3,Bertunangan,36301000.0,1,0,2013-10-25,53,11000,12000,35000,3000,5000,12000,1,3,0,3,7,0,0,0,0,0,0,3,11,0,2013-12-17,38,1,0,1,0,78000,0.14285714285714285,0.3,Tua
1630,1630,3859,1947,S3,Bertunangan,73059000.0,0,1,2013-08-31,36,410000,112000,420000,0,82000,71000,1,9,3,13,4,0,0,0,0,0,0,3,11,0,2013-10-06,67,1,0,1,0,1095000,0.038461538461538464,0.6923076923076923,Lansia
1631,1631,3570,1969,S3,Bertunangan,42731000.0,1,0,2013-10-21,64,159000,2000,51000,6000,2000,24000,3,4,1,5,5,0,0,0,0,0,0,3,11,0,2013-12-24,45,1,0,1,0,244000,0.23076923076923078,0.4444444444444444,Tua
1632,1632,3783,1959,S3,Menikah,52854000.0,1,1,2014-03-24,43,105000,0,10000,0,1000,0,2,2,1,4,5,0,0,0,0,0,0,3,11,0,2014-05-06,55,1,0,2,0,116000,0.2222222222222222,0.2857142857142857,Tua
1633,1633,10207,1978,S1,Bertunangan,22775000.0,1,0,2013-06-19,40,5000,1000,8000,0,0,1000,1,1,0,2,8,0,0,0,0,0,0,3,11,0,2013-07-29,36,1,0,1,0,15000,0.25,0.1111111111111111,Tua
1634,1634,10906,1948,S3,Bertunangan,46681000.0,0,2,2013-10-08,52,269000,15000,69000,15000,19000,38000,2,4,6,4,5,0,0,0,0,0,0,3,11,0,2013-11-29,66,1,0,2,0,425000,0.125,0.4444444444444444,Lansia
1635,1635,3427,1955,S3,Menikah,59821000.0,0,1,2013-04-12,11,629000,0,70000,0,0,35000,6,11,2,7,8,0,0,0,0,0,0,3,11,0,2013-04-23,59,1,0,1,0,734000,0.23076923076923078,0.5789473684210527,Lansia
1636,1636,5209,1954,S1,Cerai,50002000.0,0,1,2013-06-17,21,443000,5000,71000,21000,16000,82000,2,8,2,7,7,0,0,0,0,0,0,3,11,0,2013-07-08,60,0,0,1,0,638000,0.10526315789473684,0.5333333333333333,Lansia
1637,1637,10711,1945,S1,Menikah,69755000.0,0,0,2013-10-02,23,217000,77000,373000,111000,23000,93000,1,3,6,12,1,0,0,0,0,0,0,3,11,0,2013-10-25,69,1,0,0,0,894000,0.045454545454545456,0.75,Lansia
1638,1638,10785,1969,S1,Menikah,44078000.0,1,1,2014-06-19,17,24000,1000,10000,2000,0,4000,2,2,0,3,5,0,0,0,0,0,0,3,11,0,2014-07-06,45,1,0,2,0,41000,0.2857142857142857,0.2857142857142857,Tua
1639,1639,2814,1976,S2,Bertunangan,30560000.0,1,0,2013-06-27,6,9000,1000,5000,4000,5000,7000,1,1,0,3,7,0,0,0,0,0,0,3,11,0,2013-07-03,38,1,0,1,0,31000,0.2,0.125,Tua
1640,1640,6866,1969,S2,Bertunangan,35924000.0,1,1,2014-03-23,56,8000,0,14000,2000,3000,7000,1,1,0,3,5,0,0,0,0,0,0,3,11,0,2014-05-18,45,1,0,2,0,34000,0.2,0.16666666666666666,Tua
1641,1641,1665,1964,S3,Cerai,64140000.0,0,2,2013-09-23,71,1459000,0,61000,0,15000,215000,5,2,5,6,5,1,0,1,0,1,0,3,11,1,2013-12-03,50,0,0,2,3,1750000,0.2777777777777778,0.2857142857142857,Tua
1642,1642,6575,1981,S1,Bertunangan,56386000.0,1,1,2012-10-27,51,230000,48000,214000,13000,32000,75000,8,9,1,7,9,0,0,0,0,0,0,3,11,0,2012-12-17,33,1,0,2,0,612000,0.32,0.5,Tua
1643,1643,3829,1979,SMA,Bertunangan,24594000.0,1,0,2013-12-10,94,1000,3000,6000,10000,0,9000,1,1,0,3,5,0,0,0,0,0,0,3,11,0,2014-03-14,35,1,1,1,0,29000,0.2,0.16666666666666666,Tua
1644,1644,3091,1981,D3,Bertunangan,75774000.0,1,0,2014-05-02,27,340000,21000,134000,258000,14000,56000,1,7,5,8,4,0,0,0,0,0,0,3,11,0,2014-05-29,33,1,0,1,0,823000,0.047619047619047616,0.6363636363636364,Tua
1645,1645,10141,1960,S2,Cerai,39228000.0,0,0,2013-05-10,1,7000,1000,6000,0,3000,3000,1,0,0,3,4,0,0,0,0,0,0,3,11,0,2013-05-11,54,0,0,0,0,20000,0.25,0.0,Tua
1646,1646,5177,1974,S2,Menikah,58494000.0,0,1,2013-12-12,56,298000,7000,68000,4000,0,19000,2,6,2,6,6,0,0,0,0,0,0,3,11,0,2014-02-06,40,1,0,1,0,396000,0.125,0.5,Tua
1647,1647,7005,1981,S1,Lajang,58684000.0,0,0,2014-06-16,71,479000,35000,179000,28000,7000,85000,1,5,3,12,2,0,1,0,0,0,0,3,11,0,2014-08-26,33,0,0,0,1,813000,0.047619047619047616,0.7142857142857143,Tua
1648,1648,6409,1967,S1,Cerai,57136000.0,0,0,2013-05-18,18,267000,140000,599000,34000,12000,127000,1,7,5,7,6,0,0,0,0,0,0,3,11,1,2013-06-05,47,0,0,0,0,1179000,0.05,0.5384615384615384,Tua
1649,1649,7485,1950,S3,Janda,56551000.0,1,1,2014-05-07,48,67000,4000,32000,17000,2000,16000,3,2,1,4,4,0,0,0,0,0,0,3,11,0,2014-06-24,64,0,0,2,0,138000,0.3,0.3333333333333333,Lansia
1650,1650,8079,1982,S1,Menikah,22448000.0,1,0,2014-02-26,86,3000,1000,8000,23000,2000,18000,3,2,1,3,3,0,0,0,0,0,0,3,11,0,2014-05-23,32,1,0,1,0,55000,0.3333333333333333,0.4,Tua
1651,1651,8395,1961,S1,Lajang,82014000.0,0,0,2012-08-20,48,980000,37000,265000,35000,163000,31000,1,3,6,12,6,0,0,0,0,0,0,3,11,1,2012-10-07,53,0,0,0,0,1511000,0.045454545454545456,0.3333333333333333,Tua
1652,1652,10352,1963,S1,Janda,34213000.0,1,1,2012-09-07,2,50000,4000,28000,6000,3000,26000,3,3,1,2,9,0,0,0,0,0,0,3,11,1,2012-09-09,51,0,0,2,0,117000,0.3333333333333333,0.25,Tua
1654,1654,13,1947,S3,Janda,25358000.0,0,1,2013-07-22,57,19000,0,5000,0,0,8000,2,1,0,3,6,0,0,0,0,0,0,3,11,0,2013-09-17,67,0,0,1,0,32000,0.3333333333333333,0.14285714285714285,Lansia
1655,1655,1834,1978,S2,Lajang,35544000.0,1,0,2014-03-08,77,30000,5000,23000,4000,1000,4000,1,2,0,3,7,0,0,0,0,0,0,3,11,0,2014-05-24,36,0,0,1,0,67000,0.16666666666666666,0.2222222222222222,Tua
1656,1656,2285,1954,S2,Bertunangan,36634000.0,0,1,2013-05-28,0,213000,9000,76000,4000,3000,30000,3,5,2,5,7,0,0,0,0,0,0,3,11,0,2013-05-28,60,1,0,1,0,335000,0.2,0.4166666666666667,Lansia
1657,1657,2295,1954,S3,Menikah,62670000.0,0,1,2014-02-02,57,539000,30000,92000,80000,46000,38000,1,5,3,13,3,0,0,0,0,0,0,3,11,0,2014-03-31,60,1,0,1,0,825000,0.045454545454545456,0.625,Lansia
1658,1658,1378,1972,D3,Bertunangan,50334000.0,0,1,2013-07-24,24,284000,16000,160000,84000,16000,134000,6,7,4,6,6,0,0,0,0,0,0,3,11,0,2013-08-17,42,1,0,1,0,694000,0.2608695652173913,0.5384615384615384,Tua
1659,1659,2781,1981,S1,Lajang,72066000.0,0,0,2014-06-23,55,1003000,34000,536000,134000,51000,34000,1,4,6,6,2,0,0,1,1,0,0,3,11,1,2014-08-17,33,0,0,0,2,1792000,0.058823529411764705,0.6666666666666666,Tua
1660,1660,1165,1958,S3,Lajang,50729000.0,1,1,2013-05-02,62,239000,13000,143000,45000,4000,52000,9,6,2,7,6,0,0,0,0,0,0,3,11,0,2013-07-03,56,0,0,2,0,496000,0.375,0.5,Lansia
1661,1661,1404,1968,S1,Bertunangan,34916000.0,2,0,2013-05-15,89,51000,23000,82000,33000,0,42000,4,5,1,3,9,0,0,0,0,0,0,3,11,0,2013-08-12,46,1,0,2,0,231000,0.3076923076923077,0.35714285714285715,Tua
1662,1662,6457,1976,S1,Cerai,64892000.0,0,1,2014-05-29,77,527000,24000,230000,32000,24000,65000,2,6,4,12,4,0,0,0,0,0,0,3,11,0,2014-08-14,38,0,0,1,0,902000,0.08333333333333333,0.6,Tua
1663,1663,2639,1966,S1,Lajang,43602000.0,1,1,2014-01-10,45,19000,5000,12000,10000,3000,19000,3,3,1,2,6,0,0,0,0,0,0,3,11,0,2014-02-24,48,0,0,2,0,68000,0.3333333333333333,0.3333333333333333,Tua
1664,1664,8299,1989,S3,Lajang,33996000.0,0,0,2013-09-11,46,40000,2000,15000,8000,0,6000,1,1,1,3,4,0,0,0,0,0,0,3,11,0,2013-10-27,25,0,0,0,0,71000,0.16666666666666666,0.2,Muda
1665,1665,6437,1985,D3,Lajang,41473000.0,1,0,2013-06-19,80,21000,8000,20000,15000,3000,9000,1,2,0,3,7,0,0,0,0,0,0,3,11,0,2013-09-07,29,0,0,1,0,76000,0.16666666666666666,0.2222222222222222,Muda
1666,1666,6912,1967,S3,Menikah,63246000.0,0,2,2013-08-20,60,593000,30000,91000,29000,22000,7000,1,6,3,12,4,0,0,0,0,0,0,3,11,0,2013-10-19,47,1,0,2,0,772000,0.045454545454545456,0.6,Tua
1667,1667,7327,1959,S3,Menikah,36732000.0,1,1,2013-12-29,71,21000,5000,3000,10000,1000,7000,3,1,1,4,2,0,0,0,0,0,0,3,11,0,2014-03-10,55,1,0,2,0,47000,0.3333333333333333,0.3333333333333333,Tua
1668,1668,5299,1970,S3,Menikah,69084000.0,1,0,2013-11-19,43,1181000,107000,199000,39000,30000,30000,2,7,3,13,8,0,0,0,0,0,0,3,11,0,2014-01-01,44,1,0,1,0,1586000,0.08,0.4666666666666667,Tua
1669,1669,4127,1967,S3,Menikah,77766000.0,0,1,2013-02-22,97,1004000,59000,265000,115000,59000,27000,2,11,10,11,6,1,0,0,0,0,0,3,11,1,2013-05-30,47,1,0,1,1,1529000,0.058823529411764705,0.6470588235294118,Tua
1670,1670,8143,1985,S3,Lajang,37929000.0,0,0,2013-07-30,49,202000,2000,46000,3000,2000,10000,2,4,2,5,7,0,1,0,1,0,0,3,11,1,2013-09-17,29,0,0,0,2,265000,0.15384615384615385,0.36363636363636365,Muda
1671,1671,1964,1951,S1,Bertunangan,86610000.0,0,0,2013-09-05,66,446000,107000,768000,33000,196000,53000,1,5,6,6,2,0,0,0,0,0,0,3,11,0,2013-11-10,63,1,0,0,0,1603000,0.05555555555555555,0.7142857142857143,Lansia
1672,1672,3690,1986,S2,Menikah,80141000.0,0,0,2013-01-11,20,1184000,102000,673000,52000,40000,40000,1,7,4,10,6,0,0,1,0,0,0,3,11,1,2013-01-31,28,1,0,0,1,2091000,0.045454545454545456,0.5384615384615384,Muda
1673,1673,3433,1955,D3,Menikah,72635000.0,0,0,2013-06-03,54,390000,22000,323000,104000,35000,107000,1,6,8,6,3,0,0,0,1,0,0,3,11,0,2013-07-27,59,1,0,0,1,981000,0.047619047619047616,0.6666666666666666,Lansia
1674,1674,3389,1970,S1,Menikah,69016000.0,0,1,2012-11-22,61,726000,53000,363000,123000,107000,161000,4,8,9,13,5,0,0,0,0,0,0,3,11,0,2013-01-22,44,1,0,1,0,1533000,0.11764705882352941,0.6153846153846154,Tua
1675,1675,4712,1991,D3,Bertunangan,20193000.0,0,0,2012-11-28,18,8000,8000,22000,24000,11000,9000,1,1,1,4,4,0,0,0,0,0,0,3,11,0,2012-12-16,23,1,0,0,0,82000,0.14285714285714285,0.2,Muda
1676,1676,1170,1975,S1,Menikah,27573000.0,1,0,2013-03-25,45,50000,15000,110000,39000,15000,15000,4,5,1,4,8,0,0,0,0,0,0,3,11,0,2013-05-09,39,1,0,1,0,244000,0.2857142857142857,0.38461538461538464,Tua
1677,1677,6347,1979,SMA,Lajang,15862000.0,1,0,2013-06-27,26,1000,1000,4000,11000,9000,10000,1,1,0,3,8,0,0,0,0,0,0,3,11,0,2013-07-23,35,0,1,1,0,36000,0.2,0.1111111111111111,Tua
1678,1678,4065,1976,S3,Menikah,49544000.0,1,0,2013-02-12,0,308000,0,73000,0,0,23000,2,5,1,8,7,0,0,0,0,0,0,3,11,0,2013-02-12,38,1,0,1,0,404000,0.125,0.4166666666666667,Tua
1679,1679,8230,1980,S1,Menikah,33228000.0,1,0,2014-01-23,28,22000,2000,31000,7000,4000,5000,1,2,0,3,7,0,0,0,0,0,0,3,11,0,2014-02-20,34,1,0,1,0,71000,0.16666666666666666,0.2222222222222222,Tua
1680,1680,1215,1978,S1,Bertunangan,70440000.0,0,0,2013-10-08,49,690000,117000,499000,76000,102000,88000,1,5,10,7,3,0,0,0,1,0,0,3,11,0,2013-11-26,36,1,0,0,1,1572000,0.043478260869565216,0.625,Tua
1681,1681,5939,1971,S1,Bertunangan,38232000.0,1,1,2014-01-17,84,43000,5000,28000,7000,6000,33000,4,3,1,3,5,0,0,0,0,0,0,3,11,0,2014-04-11,43,1,0,2,0,122000,0.36363636363636365,0.375,Tua
1682,1682,2156,1955,S3,Menikah,22554000.0,1,1,2012-11-03,38,27000,0,10000,0,0,4000,4,2,0,4,5,0,0,0,0,0,0,3,11,0,2012-12-11,59,1,0,2,0,41000,0.4,0.2857142857142857,Lansia
1683,1683,7788,1983,S3,Menikah,23536000.0,1,0,2014-06-04,53,6000,0,3000,0,0,1000,1,0,0,3,3,0,0,0,0,0,0,3,11,0,2014-07-27,31,1,0,1,0,10000,0.25,0.0,Tua
1684,1684,10323,1952,S1,Menikah,49413000.0,0,1,2013-10-25,88,205000,7000,41000,3000,2000,46000,2,4,2,5,5,0,0,0,0,0,0,3,11,0,2014-01-21,62,1,0,1,0,304000,0.15384615384615385,0.4444444444444444,Lansia
1685,1685,7947,1969,S1,Menikah,42231000.0,1,1,2014-03-25,99,24000,0,8000,0,1000,4000,1,1,0,3,5,0,0,0,0,0,0,3,11,0,2014-07-02,45,1,0,2,0,37000,0.2,0.16666666666666666,Tua
1686,1686,1891,1980,S2,Cerai,78789000.0,0,0,2012-08-08,12,667000,50000,850000,21000,83000,83000,1,4,6,5,2,0,0,0,0,0,0,3,11,1,2012-08-20,34,0,0,0,0,1754000,0.0625,0.6666666666666666,Tua
1687,1687,2570,1968,S1,Bertunangan,56534000.0,0,1,2013-07-23,35,691000,7000,61000,10000,0,46000,4,10,4,7,8,0,1,0,0,1,0,3,11,1,2013-08-27,46,1,0,1,2,815000,0.16,0.5555555555555556,Tua
1688,1688,9256,1971,S1,Lajang,58350000.0,0,1,2013-01-04,5,493000,26000,206000,116000,80000,80000,4,8,3,12,6,0,0,0,0,0,0,3,11,0,2013-01-09,43,0,0,1,0,1001000,0.14814814814814814,0.5714285714285714,Tua
1689,1689,295,1989,S1,Lajang,81217000.0,0,0,2013-07-19,77,493000,70000,324000,146000,40000,84000,1,3,7,11,1,0,0,0,0,0,0,3,11,0,2013-10-04,25,0,0,0,0,1157000,0.045454545454545456,0.75,Muda
1690,1690,7397,1951,S1,Lajang,49090000.0,0,1,2013-07-19,45,494000,5000,82000,7000,0,100000,3,7,2,9,7,0,0,0,0,0,0,3,11,0,2013-09-02,63,0,0,1,0,688000,0.14285714285714285,0.5,Lansia
1691,1691,6349,1987,S2,Cerai,61787000.0,0,0,2013-07-06,71,621000,73000,414000,78000,48000,85000,1,8,4,6,5,0,0,0,0,0,0,3,11,0,2013-09-15,27,0,0,0,0,1319000,0.05263157894736842,0.6153846153846154,Muda
1692,1692,10790,1985,S3,Menikah,18169000.0,1,0,2013-02-19,40,9000,0,5000,0,0,7000,1,1,0,2,8,0,0,0,0,0,0,3,11,0,2013-03-31,29,1,0,1,0,21000,0.25,0.1111111111111111,Muda
1693,1693,10398,1981,D3,Lajang,24336000.0,1,0,2012-08-27,82,1000,6000,2000,8000,2000,12000,1,1,0,2,7,0,0,0,0,0,0,3,11,0,2012-11-17,33,0,0,1,0,31000,0.25,0.125,Tua
1694,1694,2431,1990,S1,Menikah,18222000.0,0,0,2012-12-31,70,12000,4000,19000,12000,6000,14000,1,2,0,3,8,0,0,0,0,0,0,3,11,0,2013-03-11,24,1,0,0,0,67000,0.16666666666666666,0.2,Muda
1695,1695,550,1952,S1,Cerai,62335000.0,0,1,2013-05-23,87,243000,131000,217000,85000,6000,26000,2,3,3,13,2,0,0,0,0,0,0,3,11,0,2013-08-18,62,0,0,1,0,708000,0.09523809523809523,0.6,Lansia
1696,1696,1890,1971,D3,Bertunangan,42033000.0,1,1,2012-09-19,95,11000,1000,4000,2000,0,7000,1,1,0,2,7,0,0,0,0,0,0,3,11,0,2012-12-23,43,1,0,2,0,25000,0.25,0.125,Tua
1697,1697,10742,1983,S3,Menikah,86580000.0,0,0,2013-02-27,72,532000,21000,127000,26000,20000,20000,0,4,2,5,1,0,0,1,0,0,0,3,11,0,2013-05-10,31,1,0,0,1,746000,0.0,0.8,Tua
1698,1698,10356,1957,S3,Cerai,41437000.0,1,1,2012-09-22,5,29000,0,2000,0,0,1000,1,1,0,3,7,0,0,0,0,0,0,3,11,0,2012-09-27,57,0,0,2,0,32000,0.2,0.125,Lansia
1699,1699,4676,1951,S2,Janda,73705000.0,0,2,2014-03-05,86,612000,91000,520000,258000,107000,107000,2,9,6,8,5,0,0,0,0,0,0,3,11,0,2014-05-30,63,0,0,2,0,1695000,0.08,0.6428571428571429,Lansia
1700,1700,8852,1976,S1,Menikah,61064000.0,0,1,2012-08-31,80,387000,126000,342000,0,45000,180000,5,8,4,11,6,0,0,0,0,0,0,3,11,0,2012-11-19,38,1,0,1,0,1080000,0.17857142857142858,0.5714285714285714,Tua
1701,1701,3565,1955,S2,Menikah,38452000.0,1,1,2014-03-30,62,56000,0,14000,0,0,2000,3,3,0,3,7,0,0,0,0,0,0,3,11,0,2014-05-31,59,1,0,2,0,72000,0.3333333333333333,0.3,Lansia
1702,1702,5294,1989,S1,Lajang,18358000.0,1,0,2013-11-20,49,6000,8000,19000,16000,4000,4000,3,3,0,4,7,0,0,0,0,0,0,3,11,0,2014-01-08,25,0,0,1,0,57000,0.3,0.3,Muda
1703,1703,1958,1973,S3,Bertunangan,55012000.0,0,1,2014-03-21,85,582000,0,65000,0,0,13000,6,8,2,9,5,0,0,0,0,0,0,3,11,0,2014-06-14,41,1,0,1,0,660000,0.24,0.6153846153846154,Tua
1704,1704,7349,1973,SMA,Bertunangan,9722000.0,1,0,2012-10-02,7,6000,17000,16000,6000,16000,42000,4,3,1,3,8,0,0,0,0,0,0,3,11,1,2012-10-09,41,1,1,1,0,103000,0.36363636363636365,0.2727272727272727,Tua
1705,1705,8799,1984,S3,Menikah,38175000.0,1,0,2013-09-23,6,70000,6000,69000,2000,3000,3000,3,3,1,4,7,0,0,0,0,0,0,3,11,0,2013-09-29,30,1,0,1,0,153000,0.2727272727272727,0.3,Muda
1706,1706,1351,1956,S2,Bertunangan,58656000.0,0,1,2012-09-20,25,962000,12000,194000,16000,24000,12000,4,7,8,13,6,0,0,1,0,0,0,3,11,0,2012-10-15,58,1,0,1,1,1220000,0.125,0.5384615384615384,Lansia
1707,1707,1045,1965,S1,Bertunangan,52117000.0,0,1,2012-08-16,55,112000,10000,107000,30000,0,20000,2,5,2,4,7,0,0,0,0,0,0,3,11,0,2012-10-10,49,1,0,1,0,279000,0.15384615384615385,0.4166666666666667,Tua
1708,1708,7732,1978,S1,Menikah,64813000.0,1,0,2014-01-02,81,293000,0,124000,179000,97000,52000,1,7,2,10,5,0,0,0,0,0,0,3,11,0,2014-03-24,36,1,0,1,0,745000,0.05,0.5833333333333334,Tua
1709,1709,8070,1973,S3,Menikah,54222000.0,0,1,2014-03-01,98,199000,12000,31000,3000,12000,7000,1,3,3,5,3,0,0,0,0,0,0,3,11,0,2014-06-07,41,1,0,1,0,264000,0.08333333333333333,0.5,Tua
1710,1710,477,1986,S1,Menikah,83512000.0,0,0,2014-06-17,31,1060000,61000,835000,80000,20000,101000,1,4,7,10,1,1,0,1,1,1,0,3,11,1,2014-07-18,28,1,0,0,4,2157000,0.045454545454545456,0.8,Muda
1711,1711,7832,1959,S2,Menikah,77520000.0,0,1,2013-08-28,30,940000,44000,396000,0,88000,58000,1,8,7,7,4,1,0,1,1,0,0,3,11,1,2013-09-27,55,1,0,1,3,1526000,0.043478260869565216,0.6666666666666666,Tua
1712,1712,2202,1978,S1,Bertunangan,41154000.0,0,1,2013-04-09,98,44000,2000,11000,2000,3000,7000,1,1,0,4,5,0,0,0,0,0,0,3,11,0,2013-07-16,36,1,0,1,0,69000,0.16666666666666666,0.16666666666666666,Tua
1713,1713,7396,1966,S1,Menikah,80398000.0,0,0,2012-11-10,92,342000,51000,936000,207000,35000,26000,1,5,8,12,3,0,0,1,0,0,0,3,11,0,2013-02-10,48,1,0,0,1,1597000,0.038461538461538464,0.625,Tua
1714,1714,4055,1992,SMA,Lajang,18746000.0,1,0,2014-05-29,41,2000,10000,11000,12000,9000,20000,2,3,0,3,6,0,0,0,0,0,0,3,11,0,2014-07-09,22,0,1,1,0,64000,0.25,0.3333333333333333,Muda
1715,1715,10340,1984,S1,Bertunangan,35196000.0,1,0,2012-11-13,68,75000,12000,141000,43000,39000,187000,6,6,1,5,8,0,0,0,0,0,0,3,11,0,2013-01-20,30,1,0,1,0,497000,0.3333333333333333,0.42857142857142855,Muda
1716,1716,10091,1956,S1,Lajang,60230000.0,0,1,2013-05-20,78,520000,20000,367000,39000,81000,40000,2,6,3,6,5,0,0,0,0,0,0,3,11,0,2013-08-06,58,0,0,1,0,1067000,0.11764705882352941,0.5454545454545454,Lansia
1717,1717,7629,1977,S1,Menikah,22108000.0,1,1,2014-05-08,46,5000,3000,9000,6000,2000,6000,2,2,0,3,7,0,0,0,0,0,0,3,11,0,2014-06-23,37,1,0,2,0,31000,0.2857142857142857,0.2222222222222222,Tua
1718,1718,10640,1974,S1,Bertunangan,44392000.0,1,1,2013-09-05,71,87000,5000,71000,7000,12000,29000,5,4,1,4,7,0,0,0,0,0,0,3,11,0,2013-11-15,40,1,0,2,0,211000,0.35714285714285715,0.36363636363636365,Tua
1719,1719,3498,1976,S3,Menikah,55424000.0,0,1,2012-11-25,6,462000,61000,184000,10000,53000,107000,4,7,5,9,6,1,0,0,0,0,0,3,11,1,2012-12-01,38,1,0,1,1,877000,0.16,0.5384615384615384,Tua
1720,1720,6742,1979,S1,Menikah,17688000.0,1,0,2013-01-13,82,2000,2000,1000,3000,1000,2000,1,1,0,2,8,0,0,0,0,0,1,3,11,0,2013-04-05,35,1,0,1,0,11000,0.25,0.1111111111111111,Tua
1721,1721,1172,1983,S3,Menikah,92491000.0,0,0,2013-05-01,71,979000,44000,935000,29000,25000,22000,1,7,5,12,3,0,1,1,1,0,0,3,11,1,2013-07-11,31,1,0,0,3,2034000,0.04,0.7,Tua
1722,1722,569,1991,S1,Lajang,90273000.0,0,0,2013-12-14,32,704000,129000,853000,120000,74000,111000,1,5,6,7,2,0,1,1,1,0,0,3,11,1,2014-01-15,23,0,0,0,3,1991000,0.05263157894736842,0.7142857142857143,Muda
1723,1723,4686,1962,S3,Janda,82571000.0,0,0,2014-04-02,28,861000,31000,558000,62000,95000,79000,0,6,5,13,2,0,0,1,0,0,0,3,11,0,2014-04-30,52,0,0,0,1,1686000,0.0,0.75,Tua
1724,1724,1381,1982,S3,Lajang,38513000.0,1,0,2014-01-28,20,172000,3000,115000,16000,0,18000,5,6,1,5,8,0,0,0,0,0,0,3,11,1,2014-02-17,32,0,0,1,0,324000,0.29411764705882354,0.42857142857142855,Tua
1725,1725,2634,1979,S2,Lajang,16653000.0,1,0,2014-04-18,10,5000,7000,31000,15000,4000,7000,3,2,1,3,6,0,0,0,0,0,0,3,11,1,2014-04-28,35,0,0,1,0,69000,0.3333333333333333,0.25,Tua
1726,1726,10905,1955,S1,Bertunangan,42586000.0,1,1,2012-10-29,7,194000,2000,56000,0,0,0,5,4,1,6,8,0,0,0,0,0,0,3,11,1,2012-11-05,59,1,0,2,0,252000,0.3125,0.3333333333333333,Lansia
1727,1727,1744,1965,SMA,Lajang,23529000.0,0,1,2013-01-07,67,9000,7000,13000,3000,2000,20000,1,1,1,2,6,0,0,0,0,0,0,3,11,0,2013-03-15,49,0,1,1,0,54000,0.2,0.14285714285714285,Tua
1728,1728,1000,1961,S2,Bertunangan,74881000.0,1,1,2013-03-08,48,505000,72000,270000,36000,27000,54000,4,9,2,12,5,0,0,0,0,0,0,3,11,0,2013-04-25,53,1,0,2,0,964000,0.14814814814814814,0.6428571428571429,Tua
1729,1729,3828,1951,S1,Menikah,71107000.0,0,1,2013-02-17,61,533000,10000,217000,198000,174000,195000,2,7,6,13,4,0,0,0,0,0,0,3,11,0,2013-04-19,63,1,0,1,0,1327000,0.07142857142857142,0.6363636363636364,Lansia
1730,1730,8605,1964,S3,Bertunangan,46910000.0,1,1,2014-03-23,36,48000,0,14000,0,0,6000,2,2,0,3,6,0,0,0,0,0,0,3,11,0,2014-04-28,50,1,0,2,0,68000,0.2857142857142857,0.25,Tua
1731,1731,10304,1959,S1,Menikah,18690000.0,0,0,2012-12-28,77,6000,1000,7000,23000,4000,19000,1,1,1,2,8,0,0,0,0,0,0,3,11,0,2013-03-15,55,1,0,0,0,60000,0.2,0.1111111111111111,Tua
1732,1732,4351,1955,S1,Cerai,37244000.0,1,1,2013-04-27,90,18000,2000,10000,0,0,25000,1,1,1,2,7,1,0,0,0,0,0,3,11,0,2013-07-26,59,0,0,2,1,55000,0.2,0.125,Lansia
1733,1733,10129,1966,S1,Bertunangan,82427000.0,0,0,2014-03-12,35,482000,147000,509000,104000,107000,107000,1,3,5,12,1,0,0,1,0,0,0,3,11,0,2014-04-16,48,1,0,0,1,1456000,0.047619047619047616,0.75,Tua
1734,1734,2499,1958,D3,Lajang,75342000.0,0,1,2013-05-06,38,204000,97000,97000,21000,118000,26000,1,5,2,10,4,0,0,0,0,0,0,3,11,0,2013-06-13,56,0,0,1,0,563000,0.05555555555555555,0.5555555555555556,Lansia
1735,1735,10092,1954,S1,Cerai,70044000.0,0,1,2013-02-18,46,1073000,0,250000,153000,14000,14000,4,7,10,5,5,0,0,0,0,0,0,3,11,0,2013-04-05,60,0,0,1,0,1504000,0.15384615384615385,0.5833333333333334,Lansia
1736,1736,7500,1967,S1,Lajang,79146000.0,1,1,2014-04-24,33,245000,16000,223000,21000,43000,16000,2,8,1,8,6,0,0,0,0,0,0,3,11,0,2014-05-27,47,0,0,2,0,564000,0.10526315789473684,0.5714285714285714,Tua
1737,1737,5796,1963,S1,Menikah,77437000.0,0,0,2013-11-26,70,560000,21000,442000,29000,44000,29000,1,4,5,13,1,0,0,1,0,0,0,3,11,0,2014-02-04,51,1,0,0,1,1125000,0.043478260869565216,0.8,Tua
1738,1738,10556,1959,S1,Menikah,54984000.0,0,1,2014-05-24,51,173000,13000,131000,32000,3000,6000,4,6,1,6,7,0,0,0,1,0,0,3,11,0,2014-07-14,55,1,0,1,1,358000,0.23529411764705882,0.46153846153846156,Tua
1739,1739,1064,1971,S3,Menikah,42403000.0,1,0,2013-12-11,18,22000,1000,11000,0,5000,3000,1,1,0,3,8,0,0,0,0,0,0,3,11,0,2013-12-29,43,1,0,1,0,42000,0.2,0.1111111111111111,Tua
1740,1740,48,1964,S1,Bertunangan,55761000.0,0,1,2014-04-24,97,136000,1000,12000,0,3000,32000,2,4,1,3,6,0,1,0,0,0,0,3,11,0,2014-07-30,50,1,0,1,1,184000,0.2,0.4,Tua
1741,1741,7610,1983,S1,Bertunangan,37292000.0,1,0,2013-04-18,32,275000,0,86000,10000,23000,66000,5,6,3,5,8,0,0,0,0,0,0,3,11,0,2013-05-20,31,1,0,1,0,460000,0.2631578947368421,0.42857142857142855,Tua
1742,1742,263,1945,S3,Lajang,45576000.0,0,0,2014-05-28,9,56000,19000,29000,2000,14000,25000,1,3,1,3,8,0,0,0,0,0,0,3,11,1,2014-06-06,69,0,0,0,0,145000,0.125,0.2727272727272727,Lansia
1743,1743,10814,1947,S1,Bertunangan,70321000.0,0,0,2013-01-16,6,303000,23000,751000,82000,26000,191000,1,6,5,13,4,0,0,0,0,0,0,3,11,1,2013-01-22,67,1,0,0,0,1376000,0.04,0.6,Lansia
1744,1744,9710,1969,S3,Cerai,58086000.0,0,1,2013-01-20,80,708000,7000,62000,0,0,15000,2,11,3,7,8,0,0,0,0,0,0,3,11,0,2013-04-10,45,0,0,1,0,792000,0.08695652173913043,0.5789473684210527,Tua
1745,1745,9292,1952,S1,Menikah,81795000.0,0,0,2012-10-26,74,324000,132000,693000,27000,118000,88000,1,4,11,7,2,0,0,0,0,0,0,3,11,0,2013-01-08,62,1,0,0,0,1382000,0.043478260869565216,0.6666666666666666,Lansia
1746,1746,10250,1947,SMA,Bertunangan,28389000.0,0,0,2012-11-20,49,1000,5000,3000,7000,4000,8000,1,1,0,2,7,0,0,0,0,0,0,3,11,0,2013-01-08,67,1,1,0,0,28000,0.25,0.125,Lansia
1747,1747,7881,1946,S2,Menikah,66835000.0,0,0,2013-09-28,21,620000,26000,195000,34000,17000,141000,1,6,4,13,2,0,0,0,0,0,0,3,11,0,2013-10-19,68,1,0,0,0,1033000,0.041666666666666664,0.75,Lansia
1748,1748,5847,1969,S1,Cerai,69901000.0,0,1,2013-05-29,95,312000,21000,206000,102000,92000,149000,3,7,3,10,5,0,0,0,0,0,0,3,11,0,2013-09-01,45,0,0,1,0,882000,0.13043478260869565,0.5833333333333334,Tua
1749,1749,737,1949,S3,Menikah,80360000.0,0,0,2013-03-03,56,1493000,86000,454000,112000,43000,43000,2,4,4,5,2,0,1,1,1,0,0,3,11,0,2013-04-28,65,1,0,0,3,2231000,0.13333333333333333,0.6666666666666666,Lansia
1750,1750,3571,1961,S3,Bertunangan,63342000.0,0,1,2012-10-16,48,918000,21000,118000,13000,10000,21000,3,8,3,5,6,0,1,0,0,0,0,3,11,1,2012-12-03,53,1,0,1,1,1101000,0.15789473684210525,0.5714285714285714,Tua
1751,1751,7807,1974,S1,Menikah,44989000.0,0,1,2012-09-12,26,98000,0,106000,49000,10000,106000,5,5,1,5,6,0,0,0,0,0,0,3,11,0,2012-10-08,40,1,0,1,0,369000,0.3125,0.45454545454545453,Tua
1752,1752,3878,1980,D3,Lajang,31859000.0,1,0,2014-02-27,3,3000,4000,7000,15000,8000,11000,1,1,0,3,7,0,0,0,0,0,0,3,11,0,2014-03-02,34,0,0,1,0,48000,0.2,0.125,Tua
1753,1753,5092,1949,S3,Janda,51569000.0,0,1,2013-02-12,39,380000,0,47000,6000,0,34000,4,7,1,7,8,0,1,0,0,0,0,3,11,1,2013-03-23,65,0,0,1,1,467000,0.21052631578947367,0.4666666666666667,Lansia
1754,1754,2154,1971,S1,Janda,30372000.0,1,1,2012-12-25,33,15000,0,12000,7000,3000,7000,3,2,0,3,7,0,0,0,0,0,0,3,11,0,2013-01-27,43,0,0,2,0,44000,0.375,0.2222222222222222,Tua
1755,1755,5394,1979,SMA,Lajang,16014000.0,1,1,2013-03-17,42,3000,9000,4000,7000,8000,7000,4,1,1,4,3,0,0,0,0,0,0,3,11,0,2013-04-28,35,0,1,2,0,38000,0.4,0.25,Tua
1756,1756,3798,1968,S1,Menikah,41120000.0,1,1,2013-11-06,80,24000,2000,23000,0,8000,24000,3,2,1,3,6,0,0,0,0,0,0,3,11,0,2014-01-25,46,1,0,2,0,81000,0.3333333333333333,0.25,Tua
1757,1757,3524,1971,S2,Lajang,39763000.0,1,0,2013-08-04,9,80000,1000,60000,4000,6000,16000,2,5,1,2,9,0,0,0,0,0,0,3,11,1,2013-08-13,43,0,0,1,0,167000,0.2,0.35714285714285715,Tua
1758,1758,5247,1955,S3,Menikah,38725000.0,1,1,2014-05-10,52,31000,0,6000,2000,1000,5000,2,1,0,4,4,0,0,0,0,0,0,3,11,0,2014-07-01,59,1,0,2,0,45000,0.2857142857142857,0.2,Lansia
1759,1759,5883,1972,S1,Menikah,77981000.0,1,0,2013-05-26,78,138000,120000,204000,16000,126000,60000,3,7,4,7,5,0,0,0,0,0,0,3,11,0,2013-08-12,42,1,0,1,0,664000,0.14285714285714285,0.5833333333333334,Tua
1760,1760,2118,1964,D3,Menikah,62905000.0,0,1,2013-09-10,68,166000,75000,96000,119000,107000,59000,3,7,2,8,4,0,0,0,0,0,0,3,11,0,2013-11-17,50,1,0,1,0,622000,0.15,0.6363636363636364,Tua
1761,1761,8812,1979,D3,Cerai,13533000.0,1,0,2013-03-10,45,12000,3000,8000,8000,0,17000,2,2,0,3,7,0,0,0,0,0,0,3,11,0,2013-04-24,35,0,0,1,0,48000,0.2857142857142857,0.2222222222222222,Tua
1762,1762,6616,1975,S1,Bertunangan,59481000.0,0,1,2013-10-23,47,178000,3000,85000,71000,66000,58000,2,3,3,8,2,0,0,0,0,0,0,3,11,0,2013-12-09,39,1,0,1,0,461000,0.125,0.6,Tua
1763,1763,2797,1977,S1,Menikah,72117000.0,0,1,2013-08-20,34,707000,20000,171000,65000,60000,50000,1,9,7,9,5,0,0,0,0,0,0,3,11,0,2013-09-23,37,1,0,1,0,1073000,0.038461538461538464,0.6428571428571429,Tua
1764,1764,4328,1986,D3,Menikah,21955000.0,1,0,2013-09-07,81,5000,1000,7000,17000,14000,11000,2,2,1,3,6,0,0,0,0,0,0,3,11,0,2013-11-27,28,1,0,1,0,55000,0.25,0.25,Muda
1765,1765,9167,1956,S1,Menikah,67131000.0,0,1,2013-03-26,72,465000,71000,250000,93000,35000,62000,3,9,2,12,6,0,0,0,0,0,0,3,11,0,2013-06-06,58,1,0,1,0,976000,0.11538461538461539,0.6,Lansia
1766,1766,10560,1980,S3,Lajang,36802000.0,1,0,2014-06-16,23,16000,1000,2000,0,0,1000,1,1,0,3,5,0,0,0,0,0,0,3,11,0,2014-07-09,34,0,0,1,0,20000,0.2,0.16666666666666666,Tua
1767,1767,2631,1982,S1,Bertunangan,71853000.0,0,0,2013-05-08,29,358000,108000,413000,141000,97000,32000,1,2,8,6,1,0,0,0,0,0,0,3,11,0,2013-06-06,32,1,0,0,0,1149000,0.058823529411764705,0.6666666666666666,Tua
1768,1768,8312,1961,SMA,Menikah,28249000.0,0,0,2014-06-15,80,1000,9000,7000,2000,14000,10000,1,2,0,3,6,0,0,0,0,0,0,3,11,0,2014-09-03,53,1,1,0,0,43000,0.16666666666666666,0.25,Tua
1769,1769,5534,1975,S2,Menikah,47808000.0,0,1,2013-10-20,30,123000,1000,26000,2000,0,72000,2,3,2,3,7,1,0,0,0,0,0,3,11,0,2013-11-19,39,1,0,1,1,224000,0.2,0.3,Tua
1770,1770,5093,1974,S3,Cerai,25509000.0,1,0,2012-09-18,15,40000,3000,30000,10000,7000,11000,3,3,0,3,9,0,0,0,0,0,0,3,11,1,2012-10-03,40,0,0,1,0,101000,0.3333333333333333,0.25,Tua
1771,1771,7592,1946,S3,Menikah,51012000.0,0,0,2013-04-18,86,102000,9000,63000,2000,9000,24000,1,4,1,4,6,0,0,0,0,0,0,3,11,0,2013-07-13,68,1,0,0,0,209000,0.1,0.4,Lansia
1772,1772,8895,1985,S1,Lajang,70596000.0,0,0,2012-10-05,68,347000,44000,534000,17000,0,26000,1,3,5,12,2,0,0,0,0,0,0,3,11,0,2012-12-12,29,0,0,0,0,968000,0.047619047619047616,0.6,Muda
1773,1773,8584,1952,S3,Bertunangan,85431000.0,0,0,2013-06-08,54,376000,53000,462000,168000,53000,53000,1,2,7,7,0,0,0,0,0,0,0,3,11,0,2013-08-01,62,1,0,0,0,1165000,0.058823529411764705,1.0,Lansia
1774,1774,2694,1967,S1,Menikah,42664000.0,0,1,2014-03-18,44,21000,0,3000,0,0,0,1,1,0,3,6,0,0,0,0,0,0,3,11,0,2014-05-01,47,1,0,1,0,24000,0.2,0.14285714285714285,Tua
1775,1775,8910,1955,S1,Bertunangan,42586000.0,1,1,2012-10-29,7,194000,2000,56000,0,0,0,5,4,1,6,8,0,0,0,0,0,0,3,11,1,2012-11-05,59,1,0,2,0,252000,0.3125,0.3333333333333333,Lansia
1776,1776,7433,1985,S1,Lajang,29760000.0,1,0,2012-08-29,87,64000,4000,68000,7000,5000,17000,4,3,1,4,8,0,0,0,0,0,0,3,11,0,2012-11-24,29,0,0,1,0,165000,0.3333333333333333,0.2727272727272727,Muda
1777,1777,164,1977,S3,Menikah,28973000.0,0,0,2012-10-13,59,206000,0,46000,3000,2000,12000,2,5,1,5,8,0,0,0,0,0,0,3,11,0,2012-12-11,37,1,0,0,0,269000,0.15384615384615385,0.38461538461538464,Tua
1778,1778,10477,1973,S3,Bertunangan,39435000.0,1,0,2013-08-06,16,71000,0,18000,0,0,13000,1,3,1,2,7,0,0,0,0,0,0,3,11,0,2013-08-22,41,1,0,1,0,102000,0.14285714285714285,0.3,Tua
1779,1779,2681,1984,D3,Menikah,65370000.0,0,0,2013-08-01,1,71000,22000,112000,138000,89000,29000,1,2,3,13,1,0,0,0,0,0,0,3,11,0,2013-08-02,30,1,0,0,0,461000,0.05263157894736842,0.6666666666666666,Muda
1780,1780,5150,1979,SMA,Lajang,20194000.0,1,0,2012-12-17,64,0,4000,7000,11000,10000,15000,2,2,0,3,6,0,0,0,0,0,0,3,11,0,2013-02-19,35,0,1,1,0,47000,0.2857142857142857,0.25,Tua
1781,1781,5283,1976,S3,Lajang,42473000.0,1,1,2014-02-17,72,93000,1000,21000,0,4000,25000,3,2,1,4,5,0,0,0,0,0,0,3,11,0,2014-04-30,38,0,0,2,0,144000,0.3,0.2857142857142857,Tua
1782,1782,9645,1968,S1,Menikah,64590000.0,0,0,2012-10-14,98,920000,138000,168000,36000,46000,30000,1,9,4,10,6,0,0,0,0,0,0,3,11,0,2013-01-20,46,1,0,0,0,1338000,0.041666666666666664,0.6,Tua
1783,1783,10678,1959,S1,Bertunangan,71232000.0,0,1,2013-11-28,91,653000,17000,170000,34000,26000,17000,2,11,2,10,7,0,0,0,0,0,0,3,11,0,2014-02-27,55,1,0,1,0,917000,0.08,0.6111111111111112,Tua
1784,1784,7261,1971,S1,Bertunangan,34600000.0,1,1,2013-01-01,8,199000,33000,60000,8000,3000,15000,5,5,2,5,8,0,0,0,0,0,0,3,11,1,2013-01-09,43,1,0,2,0,318000,0.29411764705882354,0.38461538461538464,Tua
1785,1785,9648,1967,S1,Lajang,46904000.0,1,1,2012-11-03,20,153000,4000,56000,0,9000,31000,4,5,1,4,8,0,0,0,0,0,0,3,11,0,2012-11-23,47,0,0,2,0,253000,0.2857142857142857,0.38461538461538464,Tua
1786,1786,2870,1973,S1,Menikah,49094000.0,0,1,2012-09-21,6,376000,0,38000,11000,8000,69000,5,6,3,6,6,0,0,0,0,0,0,3,11,0,2012-09-27,41,1,0,1,0,502000,0.25,0.5,Tua
1787,1787,8008,1983,S1,Bertunangan,36075000.0,1,0,2013-12-09,54,46000,0,30000,12000,1000,30000,1,2,0,4,6,0,0,0,0,0,0,3,11,0,2014-02-01,31,1,0,1,0,119000,0.14285714285714285,0.25,Tua
1788,1788,1513,1979,D3,Bertunangan,60839000.0,1,1,2012-08-28,72,600000,21000,128000,223000,150000,128000,13,2,2,12,8,0,0,0,0,0,0,3,11,0,2012-11-08,35,1,0,2,0,1250000,0.4482758620689655,0.2,Tua
1789,1789,6173,1979,S1,Bertunangan,77298000.0,0,1,2013-11-02,46,425000,115000,292000,23000,35000,79000,1,6,6,11,3,0,0,0,0,0,0,3,11,0,2013-12-18,35,1,0,1,0,969000,0.041666666666666664,0.6666666666666666,Tua
1790,1790,1419,1950,S1,Bertunangan,34026000.0,1,1,2013-08-05,11,18000,6000,15000,12000,8000,17000,3,2,1,3,5,0,0,0,0,0,0,3,11,0,2013-08-16,64,1,0,2,0,76000,0.3333333333333333,0.2857142857142857,Lansia
1791,1791,9150,1963,S3,Lajang,48918000.0,1,1,2014-04-12,21,52000,0,9000,0,0,1000,2,1,0,4,4,0,0,0,0,0,0,3,11,0,2014-05-03,51,0,0,2,0,62000,0.2857142857142857,0.2,Tua
1792,1792,7960,1962,D3,Bertunangan,82122000.0,0,0,2013-08-15,89,734000,22000,350000,151000,25000,100000,1,3,9,13,1,0,0,1,0,0,0,3,11,0,2013-11-12,52,1,0,0,1,1382000,0.038461538461538464,0.75,Tua
1793,1793,1250,1976,S1,Lajang,37697000.0,1,0,2014-02-07,82,34000,6000,21000,11000,4000,8000,1,2,1,3,6,0,0,0,0,0,0,3,11,0,2014-04-30,38,0,0,1,0,84000,0.14285714285714285,0.25,Tua
1794,1794,9905,1952,S1,Bertunangan,34074000.0,1,1,2013-07-13,69,135000,1000,41000,10000,1000,67000,5,3,3,3,6,1,0,0,0,0,0,3,11,0,2013-09-20,62,1,0,2,1,255000,0.35714285714285715,0.3333333333333333,Lansia
1795,1795,10691,1960,S2,Menikah,28520000.0,1,1,2013-06-14,55,11000,0,10000,0,2000,20000,1,1,1,2,6,0,0,0,0,0,0,3,11,0,2013-08-08,54,1,0,2,0,43000,0.2,0.14285714285714285,Tua
1796,1796,7002,1955,S1,Lajang,62535000.0,0,1,2013-10-03,13,163000,48000,90000,0,45000,52000,1,3,2,8,3,0,0,0,0,0,0,3,11,0,2013-10-16,59,0,0,1,0,398000,0.07142857142857142,0.5,Lansia
1797,1797,2952,1977,S2,Lajang,36273000.0,1,0,2014-04-16,80,29000,3000,30000,3000,2000,9000,2,3,0,3,6,0,0,0,0,0,0,3,11,0,2014-07-05,37,0,0,1,0,76000,0.25,0.3333333333333333,Tua
1798,1798,8439,1964,S1,Bertunangan,63404000.0,0,2,2014-06-06,97,734000,26000,70000,11000,44000,17000,2,6,3,4,4,0,0,0,1,0,0,3,11,0,2014-09-11,50,1,0,2,1,902000,0.13333333333333333,0.6,Tua
1799,1799,762,1981,D3,Bertunangan,75774000.0,1,0,2014-05-02,27,340000,21000,134000,258000,14000,56000,1,7,5,8,4,0,0,0,0,0,0,3,11,0,2014-05-29,33,1,0,1,0,823000,0.047619047619047616,0.6363636363636364,Tua
1800,1800,2831,1976,S1,Bertunangan,78416000.0,0,1,2014-06-27,99,453000,38000,279000,188000,38000,183000,2,7,7,10,3,0,0,0,0,0,0,3,11,0,2014-10-04,38,1,0,1,0,1179000,0.07692307692307693,0.7,Tua
1801,1801,6977,1974,S1,Bertunangan,75702000.0,0,1,2012-10-14,87,1073000,0,629000,145000,37000,37000,1,10,5,13,6,0,0,1,0,0,0,3,11,0,2013-01-09,40,1,0,1,1,1921000,0.034482758620689655,0.625,Tua
1802,1802,6289,1951,S2,Bertunangan,59385000.0,1,1,2013-04-28,85,135000,0,10000,0,4000,36000,2,3,1,4,5,0,0,0,0,0,0,3,11,0,2013-07-22,63,1,0,2,0,185000,0.2,0.375,Lansia
1803,1803,4168,1966,S1,Lajang,37070000.0,1,1,2013-03-20,30,231000,7000,137000,4000,15000,39000,9,5,1,8,7,0,0,0,0,0,0,3,11,1,2013-04-19,48,0,0,2,0,433000,0.391304347826087,0.4166666666666667,Tua
1804,1804,8397,1951,S1,Menikah,44689000.0,1,1,2014-01-10,82,18000,0,5000,0,0,11000,2,1,1,2,7,1,0,0,0,0,0,3,11,0,2014-04-02,63,1,0,2,1,34000,0.3333333333333333,0.125,Lansia
1805,1805,9284,1958,S1,Bertunangan,53977000.0,0,1,2013-06-08,21,620000,16000,165000,0,24000,82000,5,5,5,12,5,0,0,0,0,0,0,3,11,0,2013-06-29,56,1,0,1,0,907000,0.18518518518518517,0.5,Lansia
1806,1806,6237,1966,S3,Lajang,7144000.0,0,2,2013-12-07,92,81000,4000,33000,5000,2000,291000,0,23,1,1,0,0,0,0,0,0,0,3,11,0,2014-03-09,48,0,0,2,0,416000,0.0,1.0,Tua
1807,1807,3130,1964,S1,Lajang,18701000.0,1,1,2013-06-04,95,12000,4000,2000,10000,6000,10000,4,2,0,4,5,0,0,0,0,0,0,3,11,0,2013-09-07,50,0,0,2,0,44000,0.4,0.2857142857142857,Tua
1808,1808,1619,1956,S1,Menikah,90369000.0,0,0,2014-04-28,2,292000,51000,981000,224000,23000,17000,1,4,6,6,1,0,0,0,0,0,0,3,11,1,2014-04-30,58,1,0,0,0,1588000,0.058823529411764705,0.8,Lansia
1809,1809,1990,1974,S3,Lajang,63159000.0,0,0,2012-11-05,74,965000,34000,586000,89000,86000,37000,1,3,5,8,3,1,0,0,0,0,0,3,11,0,2013-01-18,40,0,0,0,1,1797000,0.058823529411764705,0.5,Tua
1810,1810,5513,1966,S1,Bertunangan,37758000.0,1,1,2012-10-04,49,27000,2000,10000,0,0,1000,2,1,0,3,8,0,0,0,0,0,0,3,11,0,2012-11-22,48,1,0,2,0,40000,0.3333333333333333,0.1111111111111111,Tua
1811,1811,269,1963,S3,Lajang,46757000.0,0,1,2012-11-16,71,777000,30000,163000,0,51000,122000,6,4,4,7,9,0,0,0,0,0,0,3,11,0,2013-01-26,51,0,0,1,0,1143000,0.2857142857142857,0.3076923076923077,Tua
1812,1812,8093,1969,S2,Menikah,79734000.0,0,0,2014-06-28,72,572000,8000,232000,23000,62000,17000,1,4,3,6,1,0,0,0,1,0,0,3,11,0,2014-09-08,45,1,0,0,1,914000,0.07142857142857142,0.8,Tua
1813,1813,10513,1992,S1,Bertunangan,63207000.0,0,0,2013-01-20,68,438000,169000,565000,91000,169000,70000,1,2,3,6,7,0,0,0,1,0,0,3,11,0,2013-03-29,22,1,0,0,1,1502000,0.08333333333333333,0.2222222222222222,Muda
1814,1814,10177,1954,S1,Cerai,72071000.0,0,1,2013-02-14,4,531000,69000,300000,150000,138000,150000,3,5,4,8,2,0,0,0,0,0,0,3,11,0,2013-02-18,60,0,0,1,0,1338000,0.15,0.7142857142857143,Lansia
1815,1815,2549,1983,S3,Bertunangan,21840000.0,1,0,2013-07-21,80,17000,0,9000,0,0,1000,1,1,0,3,9,0,0,0,0,0,0,3,11,0,2013-10-09,31,1,0,1,0,27000,0.2,0.1,Tua
1816,1816,5782,1982,D3,Bertunangan,58582000.0,0,1,2013-09-28,15,402000,35000,106000,101000,77000,42000,2,9,2,9,5,0,1,0,0,0,0,3,11,0,2013-10-13,32,1,0,1,1,763000,0.09090909090909091,0.6428571428571429,Tua
1817,1817,10057,1951,S1,Lajang,72282000.0,0,0,2013-07-19,70,503000,27000,419000,90000,139000,153000,1,5,7,9,7,0,0,0,0,0,0,3,11,1,2013-09-27,63,0,0,0,0,1331000,0.045454545454545456,0.4166666666666667,Lansia
1818,1818,10307,1956,S1,Menikah,50387000.0,0,2,2013-08-31,91,369000,9000,87000,12000,14000,34000,3,6,2,8,5,0,0,0,0,0,0,3,11,0,2013-11-30,58,1,0,2,0,525000,0.15789473684210525,0.5454545454545454,Lansia
1819,1819,8566,1961,S3,Bertunangan,32583000.0,1,1,2014-06-15,10,5000,0,3000,0,0,1000,1,1,0,2,7,0,0,0,0,0,0,3,11,0,2014-06-25,53,1,0,2,0,9000,0.25,0.125,Tua
1820,1820,2415,1962,S1,Bertunangan,62568000.0,0,1,2014-04-07,99,362000,17000,398000,80000,35000,61000,3,5,3,5,4,0,0,0,1,0,0,3,11,0,2014-07-15,52,1,0,1,1,953000,0.1875,0.5555555555555556,Tua
1821,1821,5684,1971,S2,Cerai,44635000.0,1,1,2013-10-11,25,56000,0,9000,0,0,3000,2,2,0,3,7,0,0,0,0,0,0,3,11,0,2013-11-05,43,0,0,2,0,68000,0.2857142857142857,0.2222222222222222,Tua
1822,1822,8334,1971,S2,Lajang,33316000.0,1,1,2013-10-04,34,79000,1000,31000,4000,4000,12000,3,2,1,4,6,0,0,0,0,0,0,3,11,0,2013-11-07,43,0,0,2,0,131000,0.3,0.25,Tua
1823,1823,9166,1968,S1,Menikah,63967000.0,0,1,2013-08-09,57,387000,84000,141000,73000,35000,162000,3,4,4,12,2,0,0,0,0,0,0,3,11,0,2013-10-05,46,1,0,1,0,882000,0.13043478260869565,0.6666666666666666,Tua
1824,1824,1440,1978,D3,Bertunangan,52513000.0,0,0,2012-09-04,84,367000,17000,241000,104000,188000,232000,2,9,5,9,7,0,0,0,0,0,0,3,11,0,2012-11-27,36,1,0,0,0,1149000,0.08,0.5625,Tua
1825,1825,78,1969,S1,Menikah,25293000.0,1,0,2013-09-15,51,15000,0,11000,0,2000,9000,1,1,1,2,8,0,0,0,0,0,0,3,11,0,2013-11-05,45,1,0,1,0,37000,0.2,0.1111111111111111,Tua
1826,1826,5441,1965,S3,Janda,54111000.0,0,1,2013-08-25,97,267000,6000,54000,8000,3000,50000,2,5,2,6,5,0,0,0,0,0,0,3,11,0,2013-11-30,49,0,0,1,0,388000,0.13333333333333333,0.5,Tua
1827,1827,5302,1986,S1,Bertunangan,78394000.0,0,0,2013-02-15,13,298000,27000,697000,216000,24000,166000,1,4,6,5,2,0,0,0,0,0,0,3,11,1,2013-02-28,28,1,0,0,0,1428000,0.0625,0.6666666666666666,Muda
1828,1828,4687,1958,S2,Menikah,80739000.0,0,0,2013-05-23,92,674000,92000,736000,39000,0,92000,1,3,11,9,1,0,0,0,0,0,0,3,11,0,2013-08-23,56,1,0,0,0,1633000,0.041666666666666664,0.75,Lansia
1829,1829,1087,1975,S2,Bertunangan,22669000.0,1,0,2013-05-22,30,16000,14000,36000,37000,22000,48000,3,4,1,2,9,0,0,0,0,0,0,3,11,1,2013-06-21,39,1,0,1,0,173000,0.3,0.3076923076923077,Tua
1830,1830,6859,1987,S1,Lajang,29236000.0,1,0,2013-10-08,30,37000,4000,24000,16000,9000,9000,2,4,0,3,9,0,0,0,0,0,0,3,11,0,2013-11-07,27,0,0,1,0,99000,0.2222222222222222,0.3076923076923077,Muda
1831,1831,9860,1959,S1,Bertunangan,44911000.0,0,1,2013-03-15,11,159000,0,22000,2000,1000,31000,3,4,1,4,7,0,0,0,0,0,0,3,11,0,2013-03-26,55,1,0,1,0,215000,0.25,0.36363636363636365,Tua
1832,1832,7129,1962,S3,Menikah,54693000.0,0,1,2013-02-17,72,686000,17000,142000,23000,26000,35000,8,6,4,13,6,0,0,0,0,0,0,3,11,0,2013-04-30,52,1,0,1,0,929000,0.25806451612903225,0.5,Tua
1833,1833,5866,1974,S1,Bertunangan,48186000.0,1,0,2014-03-20,39,97000,3000,66000,12000,7000,34000,3,4,1,4,7,0,0,0,0,0,0,3,11,0,2014-04-28,40,1,0,1,0,219000,0.25,0.36363636363636365,Tua
1834,1834,10521,1977,S1,Menikah,54809000.0,1,1,2013-09-11,0,63000,6000,57000,13000,13000,22000,4,2,1,5,4,0,0,0,0,0,0,3,11,1,2013-09-11,37,1,0,2,0,174000,0.3333333333333333,0.3333333333333333,Tua
1835,1835,7393,1978,S1,Bertunangan,41580000.0,1,1,2012-12-10,15,56000,5000,24000,4000,0,3000,3,2,1,3,5,0,0,0,0,0,0,3,11,0,2012-12-25,36,1,0,2,0,92000,0.3333333333333333,0.2857142857142857,Tua
1836,1836,7849,1970,S3,Menikah,80336000.0,0,0,2013-09-09,12,209000,19000,456000,160000,142000,66000,1,2,9,13,1,0,0,0,0,0,0,3,11,0,2013-09-21,44,1,0,0,0,1052000,0.04,0.6666666666666666,Tua
1837,1837,332,1957,S1,Menikah,47743000.0,0,1,2013-03-22,56,198000,2000,43000,0,12000,20000,3,4,1,6,6,0,1,0,0,0,0,3,11,0,2013-05-17,57,1,0,1,1,275000,0.21428571428571427,0.4,Lansia
1838,1838,9847,1955,D3,Menikah,62972000.0,0,1,2012-08-03,39,313000,15000,47000,20000,0,192000,2,7,4,3,6,0,0,0,0,0,0,3,11,0,2012-09-11,59,1,0,1,0,587000,0.125,0.5384615384615384,Lansia
1839,1839,531,1954,S3,Cerai,57333000.0,0,1,2012-09-22,55,941000,14000,397000,76000,58000,176000,11,8,5,9,6,0,0,0,0,0,0,3,11,1,2012-11-16,60,0,0,1,0,1662000,0.3333333333333333,0.5714285714285714,Lansia
1840,1840,9576,1982,S3,Bertunangan,32313000.0,1,0,2013-02-11,60,86000,4000,56000,2000,4000,7000,3,4,0,4,9,0,0,0,0,0,0,3,11,0,2013-04-12,32,1,0,1,0,159000,0.2727272727272727,0.3076923076923077,Tua
1841,1841,6906,1953,S2,Janda,84953000.0,0,0,2013-06-03,73,167000,48000,602000,63000,72000,72000,1,3,10,4,2,0,1,1,1,0,0,3,11,1,2013-08-15,61,0,0,0,3,1024000,0.05555555555555555,0.6,Lansia
1842,1842,7419,1968,S2,Cerai,27071000.0,1,0,2014-04-23,90,8000,3000,19000,0,2000,3000,2,2,0,3,6,0,0,0,0,0,0,3,11,0,2014-07-22,46,0,0,1,0,35000,0.2857142857142857,0.25,Tua
1843,1843,3170,1957,S2,Bertunangan,68148000.0,0,0,2013-08-31,86,389000,66000,408000,37000,57000,85000,1,4,4,6,2,0,0,0,0,0,0,3,11,0,2013-11-25,57,1,0,0,0,1042000,0.06666666666666667,0.6666666666666666,Lansia
1844,1844,8527,1965,S2,Bertunangan,65735000.0,1,1,2013-12-07,37,239000,7000,119000,4000,15000,11000,5,6,2,6,7,0,0,0,0,0,0,3,11,0,2014-01-13,49,1,0,2,0,395000,0.2631578947368421,0.46153846153846156,Tua
1845,1845,7872,1975,S3,Menikah,86836000.0,0,0,2012-09-12,7,179000,21000,273000,0,21000,63000,1,6,10,6,5,1,0,1,1,0,0,3,11,1,2012-09-19,39,1,0,0,3,557000,0.043478260869565216,0.5454545454545454,Tua
1846,1846,9931,1963,S3,Menikah,4023000.0,1,1,2014-06-23,29,5000,0,1000,1000,1000,1000,15,0,0,0,19,0,0,0,0,0,0,3,11,0,2014-07-22,51,1,0,2,0,9000,1.0,0.0,Tua
1847,1847,10595,1990,S1,Menikah,30093000.0,0,0,2013-07-08,19,2000,6000,28000,13000,4000,16000,1,2,0,3,7,0,0,0,0,0,0,3,11,0,2013-07-27,24,1,0,0,0,69000,0.16666666666666666,0.2222222222222222,Muda
1848,1848,4609,1966,S3,Menikah,57705000.0,0,1,2014-01-11,14,383000,0,53000,6000,4000,40000,3,8,1,6,6,0,0,0,0,0,0,3,11,0,2014-01-25,48,1,0,1,0,486000,0.16666666666666666,0.5714285714285714,Tua
1849,1849,5010,1988,S1,Lajang,25008000.0,1,0,2014-02-02,72,2000,8000,8000,6000,1000,9000,2,1,0,3,8,0,0,0,0,0,0,3,11,0,2014-04-15,26,0,0,1,0,34000,0.3333333333333333,0.1111111111111111,Muda
1850,1850,4427,1995,D3,Lajang,83257000.0,0,0,2012-09-18,56,536000,27000,590000,38000,107000,67000,1,5,10,12,6,1,0,1,0,0,1,3,11,1,2012-11-13,19,0,0,0,2,1365000,0.03571428571428571,0.45454545454545453,Muda
1851,1851,11148,1975,S1,Bertunangan,22280000.0,1,0,2013-05-19,85,2000,1000,4000,3000,1000,2000,1,1,0,2,8,0,0,0,0,0,0,3,11,0,2013-08-12,39,1,0,1,0,13000,0.25,0.1111111111111111,Tua
1852,1852,1168,1978,S3,Menikah,72159000.0,0,0,2012-10-29,62,322000,53000,899000,34000,40000,53000,1,4,6,10,2,0,0,0,0,0,0,3,11,0,2012-12-30,36,1,0,0,0,1401000,0.047619047619047616,0.6666666666666666,Tua
1853,1853,9595,1961,S1,Bertunangan,64260000.0,0,0,2013-01-11,1,539000,169000,816000,20000,0,30000,1,4,5,4,3,0,0,0,0,0,0,3,11,1,2013-01-12,53,1,0,0,0,1574000,0.07142857142857142,0.5714285714285714,Tua
1854,1854,10163,1984,S3,Lajang,82733000.0,0,0,2013-09-10,28,712000,50000,420000,65000,38000,38000,1,8,4,7,4,0,0,0,0,0,0,3,11,1,2013-10-08,30,0,0,0,0,1323000,0.05,0.6666666666666666,Muda
1855,1855,2886,1971,S2,Cerai,74290000.0,0,1,2013-08-12,70,1121000,0,72000,0,12000,12000,4,10,8,10,6,0,1,0,1,0,0,3,11,0,2013-10-21,43,0,0,1,2,1217000,0.125,0.625,Tua
1856,1856,6710,1951,S2,Lajang,58217000.0,2,1,2012-11-17,84,68000,1000,13000,3000,5000,13000,1,2,0,4,6,0,0,0,0,0,0,3,11,0,2013-02-09,63,0,0,3,0,103000,0.14285714285714285,0.25,Lansia
1857,1857,5316,1976,S2,Bertunangan,21024000.0,0,0,2013-07-04,89,36000,4000,18000,6000,2000,18000,1,2,0,4,7,0,0,0,0,0,0,3,11,0,2013-10-01,38,1,0,0,0,84000,0.14285714285714285,0.2222222222222222,Tua
1858,1858,9029,1972,S3,Menikah,70116000.0,0,0,2013-01-26,73,707000,44000,603000,95000,58000,29000,1,2,8,12,1,0,0,0,0,0,0,3,11,0,2013-04-09,42,1,0,0,0,1536000,0.043478260869565216,0.6666666666666666,Tua
1859,1859,521,1985,S1,Bertunangan,54006000.0,1,0,2012-09-18,42,174000,77000,203000,6000,24000,97000,2,8,1,7,7,0,0,0,0,0,0,3,11,0,2012-10-30,29,1,0,1,0,581000,0.1111111111111111,0.5333333333333333,Muda
1860,1860,1459,1966,S3,Menikah,69063000.0,0,1,2012-11-07,16,666000,35000,124000,69000,8000,26000,1,5,3,5,3,0,0,0,0,0,0,3,11,0,2012-11-23,48,1,0,1,0,928000,0.07142857142857142,0.625,Tua
1861,1861,10241,1975,D3,Cerai,11448000.0,0,0,2013-12-15,16,0,0,0,6000,2000,6000,1,1,0,2,6,0,0,0,0,0,0,3,11,0,2013-12-31,39,0,0,0,0,14000,0.25,0.14285714285714285,Tua
1862,1862,1630,1979,S1,Lajang,61825000.0,0,1,2013-08-07,56,162000,50000,100000,55000,30000,27000,1,4,2,8,4,0,0,0,0,0,0,3,11,0,2013-10-02,35,0,0,1,0,424000,0.06666666666666667,0.5,Tua
1863,1863,3254,1971,S1,Menikah,70886000.0,1,0,2013-10-14,65,407000,70000,239000,103000,88000,53000,1,5,4,4,2,0,0,0,0,0,0,3,11,0,2013-12-18,43,1,0,1,0,960000,0.07142857142857142,0.7142857142857143,Tua
1864,1864,9064,1982,S1,Menikah,69109000.0,0,0,2012-11-09,10,823000,25000,459000,124000,29000,95000,1,6,6,7,4,0,0,1,0,0,0,3,11,1,2012-11-19,32,1,0,0,1,1555000,0.05,0.6,Tua
1865,1865,3678,1973,S1,Janda,60208000.0,1,1,2012-10-07,13,488000,23000,71000,15000,0,59000,11,8,3,7,7,0,1,0,0,0,0,3,11,1,2012-10-20,41,0,0,2,1,656000,0.3793103448275862,0.5333333333333333,Tua
1866,1866,4227,1968,S2,Bertunangan,32889000.0,1,1,2013-09-06,78,28000,0,13000,4000,2000,8000,3,2,1,3,5,0,0,0,0,0,0,3,11,0,2013-11-23,46,1,0,2,0,55000,0.3333333333333333,0.2857142857142857,Tua
1867,1867,9467,1984,S1,Lajang,34738000.0,1,0,2014-05-11,51,3000,2000,10000,3000,0,2000,1,1,0,3,6,0,0,0,0,0,0,3,11,0,2014-07-01,30,0,0,1,0,20000,0.2,0.14285714285714285,Muda
1868,1868,8486,1971,S2,Bertunangan,30538000.0,1,0,2012-10-01,27,284000,0,52000,8000,3000,20000,4,9,0,4,10,0,0,0,0,0,0,3,11,0,2012-10-28,43,1,0,1,0,367000,0.23529411764705882,0.47368421052631576,Tua
1869,1869,2186,1977,D3,Bertunangan,82326000.0,0,0,2014-03-10,30,938000,142000,754000,159000,81000,183000,1,5,10,6,2,0,1,1,1,0,0,3,11,1,2014-04-09,37,1,0,0,3,2257000,0.045454545454545456,0.7142857142857143,Tua
1870,1870,3286,1967,S3,Cerai,26642000.0,1,0,2014-03-01,71,13000,2000,15000,2000,2000,8000,2,2,0,3,6,0,0,0,0,0,0,3,11,0,2014-05-11,47,0,0,1,0,42000,0.2857142857142857,0.25,Tua
1871,1871,8602,1964,S1,Cerai,69932000.0,0,1,2013-06-12,97,412000,172000,153000,150000,105000,57000,2,7,6,11,4,0,0,0,0,0,0,3,11,0,2013-09-17,50,0,0,1,0,1049000,0.07692307692307693,0.6363636363636364,Tua
1872,1872,3722,1972,S1,Lajang,44503000.0,1,1,2014-04-16,83,31000,1000,8000,0,0,8000,2,2,0,3,6,0,0,0,0,0,0,3,11,0,2014-07-08,42,0,0,2,0,48000,0.2857142857142857,0.25,Tua
1873,1873,6715,1948,S3,Lajang,60200000.0,0,1,2013-01-02,3,502000,19000,132000,0,6000,26000,6,6,2,11,6,0,0,0,0,0,0,3,11,0,2013-01-05,66,0,0,1,0,685000,0.24,0.5,Lansia
1874,1874,4796,1952,S1,Cerai,49638000.0,0,1,2014-04-19,71,18000,10000,3000,3000,5000,0,1,1,0,3,2,0,0,0,0,0,0,3,11,0,2014-06-29,62,0,0,1,0,39000,0.2,0.3333333333333333,Lansia
1875,1875,9612,1987,D3,Lajang,23830000.0,0,0,2014-02-07,3,1000,8000,6000,4000,8000,16000,1,1,0,3,7,0,0,0,0,0,0,3,11,0,2014-02-10,27,0,0,0,0,43000,0.2,0.125,Muda
1876,1876,3766,1959,S2,Janda,33051000.0,0,0,2012-08-16,15,100000,71000,243000,108000,94000,219000,3,9,1,8,9,0,0,0,0,0,0,3,11,1,2012-08-31,55,0,0,0,0,835000,0.14285714285714285,0.5,Tua
1877,1877,1399,1958,S1,Menikah,72905000.0,0,0,2014-01-21,52,407000,114000,445000,181000,165000,203000,1,3,7,9,1,0,0,0,1,0,0,3,11,0,2014-03-14,56,1,0,0,1,1515000,0.05,0.75,Lansia
1878,1878,1570,1951,S3,Bertunangan,69702000.0,0,1,2013-02-19,8,664000,9000,240000,50000,19000,57000,2,7,7,10,4,0,0,0,0,0,0,3,11,0,2013-02-27,63,1,0,1,0,1039000,0.07692307692307693,0.6363636363636364,Lansia
1879,1879,3426,1975,S1,Cerai,70300000.0,1,0,2013-07-15,89,1045000,61000,338000,60000,46000,46000,3,5,5,13,8,0,0,0,0,0,0,3,11,0,2013-10-12,39,0,0,1,0,1596000,0.11538461538461539,0.38461538461538464,Tua
1880,1880,3074,1984,S3,Menikah,70643000.0,0,0,2012-10-15,66,1218000,107000,304000,23000,143000,33000,1,5,8,4,6,0,0,0,0,0,0,3,11,1,2012-12-20,30,1,0,0,0,1828000,0.05555555555555555,0.45454545454545453,Muda
1881,1881,8341,1969,S3,Menikah,30396000.0,1,0,2014-04-30,22,15000,0,6000,0,1000,12000,2,1,1,2,7,1,0,0,0,0,0,3,11,1,2014-05-22,45,1,0,1,1,34000,0.3333333333333333,0.125,Tua
1882,1882,5180,1968,S3,Cerai,50616000.0,0,1,2014-04-18,56,128000,0,16000,0,1000,4000,2,4,0,4,7,0,0,0,0,0,0,3,11,0,2014-06-13,46,0,0,1,0,149000,0.2,0.36363636363636365,Tua
1883,1883,6461,1969,S2,Lajang,62772000.0,0,1,2013-05-19,74,581000,49000,157000,43000,8000,108000,1,5,6,11,2,0,1,0,0,0,0,3,11,0,2013-08-01,45,0,0,1,1,946000,0.043478260869565216,0.7142857142857143,Tua
1884,1884,7679,1985,S3,Lajang,30298000.0,0,0,2014-05-19,48,6000,3000,12000,6000,1000,0,1,1,1,3,3,0,0,0,0,0,0,3,11,0,2014-07-06,29,0,0,0,0,28000,0.16666666666666666,0.25,Muda
1885,1885,10702,1984,S1,Lajang,52413000.0,1,0,2012-11-03,67,185000,8000,133000,56000,56000,12000,2,7,1,7,7,0,0,0,0,0,0,3,11,0,2013-01-09,30,0,0,1,0,450000,0.11764705882352941,0.5,Muda
1886,1886,7505,1957,S3,Menikah,44155000.0,1,1,2014-01-19,24,22000,1000,9000,0,0,14000,1,1,1,2,4,0,0,0,0,0,0,3,11,0,2014-02-12,57,1,0,2,0,46000,0.2,0.2,Lansia
1887,1887,5113,1971,S3,Cerai,86979000.0,0,0,2013-11-07,67,584000,100000,835000,65000,83000,35000,1,5,5,5,2,1,0,0,0,0,0,3,11,1,2014-01-13,43,0,0,0,1,1702000,0.0625,0.7142857142857143,Tua
1888,1888,10858,1975,S1,Bertunangan,76532000.0,1,1,2013-09-09,38,355000,30000,177000,90000,138000,30000,4,9,5,7,5,0,0,0,0,0,0,3,11,0,2013-10-17,39,1,0,2,0,820000,0.16,0.6428571428571429,Tua
1889,1889,2961,1982,S1,Menikah,42081000.0,1,0,2013-02-26,86,175000,10000,110000,54000,6000,27000,2,6,3,4,6,1,0,0,0,0,0,3,11,0,2013-05-23,32,1,0,1,1,382000,0.13333333333333333,0.5,Tua
1890,1890,2747,1988,S3,Menikah,67546000.0,0,0,2012-08-31,90,864000,134000,768000,150000,38000,172000,1,4,10,5,3,0,0,0,0,0,0,3,11,0,2012-11-29,26,1,0,0,0,2126000,0.05,0.5714285714285714,Muda
1891,1891,3010,1989,S2,Bertunangan,88420000.0,0,0,2014-05-02,87,957000,153000,612000,99000,95000,153000,1,4,7,8,1,1,0,1,1,0,0,3,11,0,2014-07-28,25,1,0,0,3,2069000,0.05,0.8,Muda
1892,1892,5790,1985,S1,Menikah,31158000.0,1,0,2013-01-27,62,25000,6000,16000,20000,0,5000,2,2,0,3,8,0,0,0,0,0,0,3,11,0,2013-03-30,29,1,0,1,0,72000,0.2857142857142857,0.2,Muda
1893,1893,6892,1968,S1,Cerai,61671000.0,0,1,2014-06-03,23,641000,7000,56000,0,0,28000,8,10,4,6,8,0,1,0,1,0,0,3,11,0,2014-06-26,46,0,0,1,2,732000,0.2857142857142857,0.5555555555555556,Tua
1894,1894,1743,1974,S1,Lajang,69719000.0,0,0,2014-05-26,99,273000,86000,208000,177000,14000,43000,1,2,3,5,1,0,0,0,0,0,0,3,11,0,2014-09-02,40,0,0,0,0,801000,0.09090909090909091,0.6666666666666666,Tua
1895,1895,3578,1949,S1,Cerai,49160000.0,0,1,2013-10-20,29,122000,21000,43000,25000,10000,15000,2,3,1,6,6,0,0,0,0,0,0,3,11,0,2013-11-18,65,0,0,1,0,236000,0.16666666666666666,0.3333333333333333,Lansia
1896,1896,8462,1978,SMA,Bertunangan,24882000.0,1,0,2012-09-09,52,1000,4000,10000,29000,0,36000,1,1,1,2,6,1,0,0,0,0,0,3,11,0,2012-10-31,36,1,1,1,1,80000,0.2,0.14285714285714285,Tua
1897,1897,5558,1954,S3,Lajang,90933000.0,0,0,2014-03-31,90,1020000,31000,430000,62000,63000,79000,1,4,6,4,1,0,0,1,0,0,0,3,11,0,2014-06-29,60,0,0,0,1,1685000,0.06666666666666667,0.8,Lansia
1898,1898,4619,1945,S3,Lajang,113734000.0,0,0,2014-05-28,9,6000,2000,3000,1000,262000,3000,0,27,0,0,1,0,0,0,0,0,0,3,11,0,2014-06-06,69,0,0,0,0,277000,0.0,0.9642857142857143,Lansia
1899,1899,8780,1950,S3,Bertunangan,59292000.0,0,1,2013-06-13,71,378000,14000,68000,19000,14000,14000,2,3,5,8,3,0,0,0,0,0,0,3,11,0,2013-08-23,64,1,0,1,0,507000,0.1111111111111111,0.5,Lansia
1900,1900,10789,1964,S3,Menikah,45759000.0,1,1,2013-02-23,13,42000,1000,18000,3000,0,4000,2,2,0,3,7,0,0,0,0,0,0,3,11,0,2013-03-08,50,1,0,2,0,68000,0.2857142857142857,0.2222222222222222,Tua
1901,1901,10779,1983,S1,Lajang,22148000.0,0,0,2014-04-13,16,15000,5000,14000,0,4000,11000,1,1,0,3,7,0,0,0,0,0,0,3,11,0,2014-04-29,31,0,0,0,0,49000,0.2,0.125,Tua
1902,1902,5896,1987,S2,Menikah,73395000.0,0,0,2014-03-18,94,272000,7000,80000,20000,7000,11000,1,4,4,6,2,0,0,0,0,0,0,3,11,0,2014-06-20,27,1,0,0,0,397000,0.06666666666666667,0.6666666666666666,Muda
1903,1903,2337,1971,S1,Cerai,29819000.0,1,0,2013-10-24,77,9000,1000,24000,2000,1000,2000,3,3,0,3,6,0,0,0,0,0,0,3,11,0,2014-01-09,43,0,0,1,0,39000,0.3333333333333333,0.3333333333333333,Tua
1904,1904,10951,1968,S1,Menikah,45688000.0,0,1,2014-01-25,20,279000,0,18000,0,0,9000,2,3,1,8,4,0,1,0,0,0,0,3,11,0,2014-02-14,46,1,0,1,1,306000,0.14285714285714285,0.42857142857142855,Tua
1905,1905,544,1954,S1,Menikah,62820000.0,0,0,2013-05-11,51,398000,61000,265000,138000,61000,53000,1,3,4,6,1,0,0,0,0,0,0,3,11,0,2013-07-01,60,1,0,0,0,976000,0.07142857142857142,0.75,Lansia
1906,1906,17,1971,S3,Menikah,60491000.0,0,1,2013-09-06,81,637000,47000,237000,12000,19000,76000,4,6,11,7,5,0,0,0,0,0,0,3,11,0,2013-11-26,43,1,0,1,0,1028000,0.14285714285714285,0.5454545454545454,Tua
1907,1907,10680,1986,S1,Bertunangan,33235000.0,1,0,2014-02-05,71,45000,0,16000,2000,1000,6000,1,3,0,3,7,0,0,0,0,0,0,3,11,0,2014-04-17,28,1,0,1,0,70000,0.14285714285714285,0.3,Muda
1908,1908,3265,1959,S1,Menikah,35701000.0,0,0,2013-03-19,36,21000,1000,9000,7000,3000,5000,1,1,0,3,6,0,0,0,0,0,0,3,11,0,2013-04-24,55,1,0,0,0,46000,0.2,0.14285714285714285,Tua
1909,1909,5623,1980,S2,Menikah,31535000.0,1,0,2013-09-26,95,15000,4000,13000,0,0,19000,1,1,1,2,7,1,0,0,0,0,0,3,11,0,2013-12-30,34,1,0,1,1,51000,0.2,0.125,Tua
1910,1910,5832,1960,D3,Bertunangan,92556000.0,0,0,2014-04-20,32,493000,183000,352000,184000,23000,28000,0,3,5,13,0,0,0,0,0,0,0,3,11,0,2014-05-22,54,1,0,0,0,1263000,0.0,1.0,Tua
1911,1911,5544,1970,S1,Lajang,67384000.0,0,1,2012-11-10,32,957000,40000,175000,158000,53000,107000,2,7,8,5,5,0,1,0,0,0,0,3,11,0,2012-12-12,44,0,0,1,1,1490000,0.09090909090909091,0.5833333333333334,Tua
1912,1912,6417,1971,S2,Bertunangan,80573000.0,0,0,2012-10-14,85,829000,138000,430000,60000,92000,15000,1,4,6,13,2,0,0,0,0,0,0,3,11,0,2013-01-07,43,1,0,0,0,1564000,0.041666666666666664,0.6666666666666666,Tua
1913,1913,5831,1967,S1,Menikah,77870000.0,0,1,2012-08-22,93,1017000,50000,500000,65000,50000,133000,3,5,5,5,8,0,1,0,1,0,0,3,11,1,2012-11-23,47,1,0,1,2,1815000,0.16666666666666666,0.38461538461538464,Tua
1914,1914,7101,1963,S3,Janda,52278000.0,0,1,2013-01-25,24,953000,0,71000,0,0,174000,6,10,5,10,8,0,0,0,0,0,0,3,11,0,2013-02-18,51,0,0,1,0,1198000,0.1935483870967742,0.5555555555555556,Tua
1915,1915,10176,1968,S1,Lajang,57107000.0,0,1,2012-08-24,44,159000,0,120000,0,0,137000,7,4,4,8,8,0,1,0,0,1,0,3,11,1,2012-10-07,46,0,0,1,2,416000,0.30434782608695654,0.3333333333333333,Tua
1916,1916,2326,1990,S1,Menikah,18929000.0,0,0,2013-02-16,15,32000,0,8000,23000,4000,18000,1,1,0,4,6,0,0,0,0,0,0,3,11,0,2013-03-03,24,1,0,0,0,85000,0.16666666666666666,0.14285714285714285,Muda
1917,1917,4385,1981,S3,Lajang,36038000.0,1,0,2013-05-31,82,23000,0,15000,0,2000,7000,2,3,0,3,6,0,0,0,0,0,0,3,11,0,2013-08-21,33,0,0,1,0,47000,0.25,0.3333333333333333,Tua
1918,1918,2929,1976,S1,Lajang,20180000.0,0,0,2013-02-20,27,18000,42000,24000,15000,20000,18000,1,2,1,4,7,0,0,0,0,0,0,3,11,0,2013-03-19,38,0,0,0,0,137000,0.125,0.2222222222222222,Tua
1919,1919,10686,1965,S3,Bertunangan,34230000.0,1,1,2012-12-26,72,15000,0,4000,0,0,2000,1,1,0,2,7,0,0,0,0,0,0,3,11,0,2013-03-08,49,1,0,2,0,21000,0.25,0.125,Tua
1920,1920,2546,1977,D3,Lajang,31878000.0,0,1,2014-06-22,7,23000,4000,5000,10000,5000,23000,1,1,0,4,3,0,0,0,0,0,0,3,11,0,2014-06-29,37,0,0,1,0,70000,0.16666666666666666,0.25,Tua
1921,1921,3283,1972,D3,Menikah,70932000.0,0,1,2014-01-19,57,200000,193000,100000,46000,185000,185000,2,6,2,12,3,0,0,0,0,0,0,3,11,0,2014-03-17,42,1,0,1,0,909000,0.09090909090909091,0.6666666666666666,Tua
1922,1922,3138,1956,S1,Lajang,91249000.0,0,0,2012-10-20,84,1324000,27000,119000,71000,108000,27000,0,7,9,6,4,0,1,1,1,1,0,3,11,1,2013-01-12,58,0,0,0,4,1676000,0.0,0.6363636363636364,Lansia
1923,1923,4994,1943,S2,Lajang,77598000.0,0,0,2013-10-01,53,1193000,33000,281000,129000,66000,33000,1,7,5,13,3,0,0,1,0,0,0,3,11,0,2013-11-23,71,0,0,0,1,1735000,0.038461538461538464,0.7,Lansia
1924,1924,7966,1959,S1,Lajang,80982000.0,1,1,2013-01-08,48,505000,137000,401000,104000,22000,22000,3,11,5,11,5,0,0,0,0,0,1,3,11,0,2013-02-25,55,0,0,2,0,1191000,0.1,0.6875,Tua
1925,1925,3112,1977,S2,Menikah,22701000.0,1,0,2013-09-05,2,2000,4000,9000,0,4000,5000,1,1,0,3,5,0,0,0,0,0,0,3,11,0,2013-09-07,37,1,0,1,0,24000,0.2,0.16666666666666666,Tua
1926,1926,10872,1969,S3,Menikah,55212000.0,0,1,2012-11-23,65,1103000,0,45000,0,0,34000,3,4,2,11,8,0,1,0,0,1,0,3,11,0,2013-01-27,45,1,0,1,2,1182000,0.15,0.3333333333333333,Tua
1927,1927,2181,1970,S1,Menikah,70617000.0,0,0,2013-06-23,45,353000,61000,753000,40000,46000,27000,1,3,3,7,2,0,0,0,0,0,0,3,11,0,2013-08-07,44,1,0,0,0,1280000,0.07142857142857142,0.6,Tua
1928,1928,1867,1957,S1,Lajang,64849000.0,0,0,2012-11-13,42,652000,48000,350000,94000,84000,108000,1,9,3,6,5,0,0,0,0,0,0,3,11,1,2012-12-25,57,0,0,0,0,1336000,0.05263157894736842,0.6428571428571429,Lansia
1929,1929,1518,1965,S2,Menikah,62694000.0,1,1,2013-06-17,29,379000,6000,157000,25000,91000,91000,5,9,3,7,7,0,0,0,0,0,0,3,11,0,2013-07-16,49,1,0,2,0,749000,0.20833333333333334,0.5625,Tua
1930,1930,5734,1974,S3,Menikah,61917000.0,1,1,2013-11-20,83,46000,4000,36000,2000,2000,1000,1,2,0,4,5,0,0,0,0,0,0,3,11,0,2014-02-11,40,1,0,2,0,91000,0.14285714285714285,0.2857142857142857,Tua
1931,1931,2878,1947,S3,Menikah,67472000.0,0,1,2013-09-28,93,162000,31000,127000,8000,17000,69000,2,4,2,7,3,0,0,0,0,0,0,3,11,0,2013-12-30,67,1,0,1,0,414000,0.13333333333333333,0.5714285714285714,Lansia
1932,1932,1458,1982,S2,Menikah,21059000.0,1,0,2014-01-07,40,8000,3000,19000,3000,3000,8000,3,3,0,3,6,0,0,0,0,0,0,3,11,0,2014-02-16,32,1,0,1,0,44000,0.3333333333333333,0.3333333333333333,Tua
1933,1933,7007,1968,S2,Menikah,29543000.0,2,0,2014-04-01,47,17000,3000,18000,3000,4000,18000,2,3,1,2,7,0,0,0,0,0,0,3,11,0,2014-05-18,46,1,0,2,0,63000,0.25,0.3,Tua
1934,1934,6200,1951,S1,Menikah,75903000.0,0,1,2013-04-08,50,340000,108000,185000,130000,38000,100000,2,6,6,9,3,0,0,0,0,0,0,3,11,0,2013-05-28,63,1,0,1,0,901000,0.08695652173913043,0.6666666666666666,Lansia
1935,1935,1403,1975,D3,Bertunangan,34984000.0,1,1,2012-09-06,40,8000,4000,15000,3000,5000,3000,2,1,0,3,7,0,0,0,0,0,0,3,11,0,2012-10-16,39,1,0,2,0,38000,0.3333333333333333,0.125,Tua
1936,1936,4827,1956,S3,Lajang,54998000.0,0,1,2013-03-10,3,154000,22000,202000,39000,30000,8000,5,4,2,9,4,0,0,0,0,0,0,3,11,1,2013-03-13,58,0,0,1,0,455000,0.25,0.5,Lansia
1937,1937,6250,1949,S3,Janda,54356000.0,0,1,2012-11-19,62,710000,15000,30000,20000,0,0,3,11,2,8,8,0,0,0,0,0,0,3,11,1,2013-01-20,65,0,0,1,0,775000,0.125,0.5789473684210527,Lansia
1938,1938,9291,1959,S2,Menikah,34242000.0,0,1,2014-03-23,25,8000,2000,4000,0,0,1000,1,0,0,3,5,0,0,0,0,0,0,3,11,0,2014-04-17,55,1,0,1,0,15000,0.25,0.0,Tua
1939,1939,2478,1973,S1,Menikah,25410000.0,1,0,2013-08-31,48,2000,2000,4000,13000,13000,4000,1,1,0,4,4,0,0,0,0,0,0,3,11,0,2013-10-18,41,1,0,1,0,38000,0.16666666666666666,0.2,Tua
1940,1940,1139,1984,S3,Menikah,73356000.0,0,0,2014-02-06,56,1050000,14000,322000,0,14000,112000,1,5,11,5,2,1,0,1,1,0,0,3,11,1,2014-04-03,30,1,0,0,3,1512000,0.045454545454545456,0.7142857142857143,Muda
1941,1941,5138,1950,S1,Bertunangan,28320000.0,0,1,2013-01-14,68,19000,1000,14000,3000,2000,4000,1,1,0,3,8,0,0,0,0,0,0,3,11,0,2013-03-23,64,1,0,1,0,43000,0.2,0.1111111111111111,Lansia
1942,1942,5393,1977,S1,Lajang,23763000.0,1,0,2012-08-07,64,22000,0,6000,6000,2000,6000,1,1,0,3,7,0,0,0,0,0,0,3,11,0,2012-10-10,37,0,0,1,0,42000,0.2,0.125,Tua
1943,1943,10413,1984,S1,Menikah,72570000.0,0,0,2014-04-25,67,274000,83000,216000,151000,141000,224000,1,4,6,12,1,0,0,0,0,0,0,3,11,0,2014-07-01,30,1,0,0,0,1089000,0.043478260869565216,0.8,Muda
1944,1944,5015,1976,S2,Menikah,34529000.0,1,0,2012-09-14,94,68000,6000,38000,3000,6000,41000,2,2,2,3,7,0,0,0,0,0,0,3,11,0,2012-12-17,38,1,0,1,0,162000,0.2222222222222222,0.2222222222222222,Tua
1945,1945,10868,1951,S1,Janda,70792000.0,0,0,2013-02-06,82,344000,45000,654000,104000,11000,114000,2,3,4,10,3,0,0,0,0,0,0,3,11,0,2013-04-29,63,0,0,0,0,1272000,0.10526315789473684,0.5,Lansia
1946,1946,10676,1982,S1,Menikah,63211000.0,0,0,2012-11-02,3,145000,193000,459000,205000,26000,145000,2,3,8,7,2,0,0,0,0,0,0,3,11,1,2012-11-05,32,1,0,0,0,1173000,0.1,0.6,Tua
1947,1947,2495,1974,S2,Menikah,83891000.0,0,1,2014-06-20,24,217000,38000,350000,111000,85000,15000,1,4,7,10,1,0,0,0,0,0,0,3,11,0,2014-07-14,40,1,0,1,0,816000,0.045454545454545456,0.8,Tua
1948,1948,7842,1968,S1,Lajang,36065000.0,1,1,2013-03-31,54,18000,7000,34000,10000,2000,3000,3,3,0,3,8,0,0,0,0,0,0,3,11,0,2013-05-24,46,0,0,2,0,74000,0.3333333333333333,0.2727272727272727,Tua
1949,1949,9955,1954,S1,Bertunangan,39898000.0,0,1,2013-02-12,20,69000,8000,26000,12000,7000,12000,2,3,0,4,7,0,0,0,0,0,0,3,11,0,2013-03-04,60,1,0,1,0,134000,0.2222222222222222,0.3,Lansia
1950,1950,6663,1940,S3,Lajang,51141000.0,0,0,2013-07-08,96,144000,0,7000,0,0,6000,1,3,1,4,5,0,0,0,0,0,0,3,11,0,2013-10-12,74,0,0,0,0,157000,0.1111111111111111,0.375,Lansia
1951,1951,2162,1976,S1,Menikah,56939000.0,0,1,2013-09-18,19,256000,34000,103000,90000,29000,49000,2,3,3,10,3,0,0,0,0,0,0,3,11,0,2013-10-07,38,1,0,1,0,561000,0.1111111111111111,0.5,Tua
1952,1952,3434,1951,S1,Lajang,80872000.0,0,0,2014-05-12,60,483000,72000,567000,94000,12000,108000,1,4,4,10,1,0,0,0,0,0,0,3,11,0,2014-07-11,63,0,0,0,0,1336000,0.05263157894736842,0.8,Lansia
1953,1953,7919,1976,S3,Bertunangan,72335000.0,0,0,2012-08-13,2,1285000,105000,653000,28000,21000,0,1,10,4,8,8,0,0,0,0,0,0,3,11,1,2012-08-15,38,1,0,0,0,2092000,0.043478260869565216,0.5555555555555556,Tua
1954,1954,5626,1964,S3,Lajang,61798000.0,0,0,2013-11-23,13,338000,4000,89000,11000,8000,13000,1,4,2,9,4,0,0,0,0,0,0,3,11,0,2013-12-06,50,0,0,0,0,463000,0.0625,0.5,Tua
1955,1955,6428,1950,S3,Janda,76842000.0,0,0,2014-05-03,37,605000,10000,345000,84000,54000,32000,1,1,8,7,0,0,0,0,0,0,0,3,11,0,2014-06-09,64,0,0,0,0,1130000,0.058823529411764705,1.0,Lansia
1956,1956,8514,1976,S1,Bertunangan,29478000.0,1,0,2014-01-17,59,8000,0,7000,3000,1000,1000,1,1,0,3,6,0,0,0,0,0,0,3,11,0,2014-03-17,38,1,0,1,0,20000,0.2,0.14285714285714285,Tua
1957,1957,10448,1956,S1,Lajang,46998000.0,0,1,2012-10-22,55,172000,41000,86000,45000,6000,27000,5,5,3,5,7,1,0,0,0,0,0,3,11,0,2012-12-16,58,0,0,1,1,377000,0.2777777777777778,0.4166666666666667,Lansia
1958,1958,2109,1990,S1,Lajang,96843000.0,0,0,2013-04-23,60,448000,71000,951000,40000,17000,17000,1,6,11,10,2,0,0,1,0,0,0,3,11,1,2013-06-22,24,0,0,0,1,1544000,0.03571428571428571,0.75,Muda
1959,1959,7530,1950,S3,Janda,56551000.0,1,1,2014-05-07,48,67000,4000,32000,17000,2000,16000,3,2,1,4,4,0,0,0,0,0,0,3,11,0,2014-06-24,64,0,0,2,0,138000,0.3,0.3333333333333333,Lansia
1960,1960,8925,1965,S2,Menikah,70053000.0,0,1,2013-07-03,38,512000,53000,98000,81000,179000,89000,3,8,5,10,5,0,0,0,0,0,0,3,11,0,2013-08-10,49,1,0,1,0,1012000,0.11538461538461539,0.6153846153846154,Tua
1961,1961,3009,1962,S3,Janda,71670000.0,0,0,2013-07-09,8,1462000,16000,128000,0,0,160000,1,5,3,6,6,0,1,1,0,1,0,3,11,1,2013-07-17,52,0,0,0,3,1766000,0.06666666666666667,0.45454545454545453,Tua
1962,1962,6355,1978,S1,Menikah,44359000.0,1,1,2014-06-17,19,20000,0,14000,7000,3000,1000,3,2,0,4,3,0,0,0,0,0,0,3,11,0,2014-07-06,36,1,0,2,0,45000,0.3333333333333333,0.4,Tua
1963,1963,3517,1952,S1,Lajang,40887000.0,1,1,2013-05-06,32,50000,4000,44000,10000,10000,43000,3,3,1,3,9,0,0,0,0,0,0,3,11,1,2013-06-07,62,0,0,2,0,161000,0.3,0.25,Lansia
1964,1964,1158,1966,S1,Cerai,48877000.0,0,1,2014-01-05,27,102000,1000,15000,2000,0,24000,1,3,0,4,7,0,0,0,0,0,0,3,11,0,2014-02-01,48,0,0,1,0,144000,0.125,0.3,Tua
1965,1965,6203,1947,S1,Bertunangan,74485000.0,0,0,2013-08-24,58,499000,149000,815000,173000,49000,49000,1,6,7,12,3,0,0,0,0,0,0,3,11,0,2013-10-21,67,1,0,0,0,1734000,0.038461538461538464,0.6666666666666666,Lansia
1966,1966,7165,1972,S1,Bertunangan,64474000.0,0,1,2013-10-22,59,381000,35000,172000,56000,86000,93000,2,8,2,10,5,0,0,0,0,0,0,3,11,0,2013-12-20,42,1,0,1,0,823000,0.09090909090909091,0.6153846153846154,Tua
1967,1967,3595,1963,S1,Bertunangan,77226000.0,0,1,2014-02-28,29,631000,43000,239000,128000,76000,21000,2,6,8,12,3,0,0,0,0,0,0,3,11,0,2014-03-29,51,1,0,1,0,1138000,0.07142857142857142,0.6666666666666666,Tua
1968,1968,8537,1949,S1,Janda,72643000.0,0,0,2013-02-27,60,526000,80000,553000,123000,94000,53000,1,3,10,7,2,0,0,0,1,0,0,3,11,1,2013-04-28,65,0,0,0,1,1429000,0.047619047619047616,0.6,Lansia
1969,1969,4331,1978,S2,Bertunangan,85738000.0,0,0,2014-01-23,41,913000,26000,376000,17000,26000,13000,1,3,6,11,1,0,1,1,0,0,0,3,11,0,2014-03-05,36,1,0,0,2,1371000,0.047619047619047616,0.75,Tua
1970,1970,6281,1966,S1,Cerai,55686000.0,0,1,2013-02-14,27,673000,0,199000,37000,47000,26000,2,6,3,5,4,1,0,0,0,0,0,3,11,0,2013-03-13,48,0,0,1,1,982000,0.125,0.6,Tua
1971,1971,4338,1983,S1,Lajang,39062000.0,1,0,2014-03-25,28,23000,0,9000,0,0,12000,1,1,0,3,4,1,0,0,0,0,0,3,11,0,2014-04-22,31,0,0,1,1,44000,0.2,0.2,Tua
1972,1972,2452,1971,S1,Bertunangan,34600000.0,1,1,2013-01-01,8,199000,33000,60000,8000,3000,15000,5,5,2,5,8,0,0,0,0,0,0,3,11,1,2013-01-09,43,1,0,2,0,318000,0.29411764705882354,0.38461538461538464,Tua
1973,1973,9507,1975,S1,Menikah,40794000.0,0,1,2013-04-07,18,261000,23000,73000,4000,23000,50000,2,6,3,5,7,0,0,0,0,0,0,3,11,0,2013-04-25,39,1,0,1,0,434000,0.125,0.46153846153846156,Tua
1974,1974,8360,1971,D3,Menikah,54690000.0,1,1,2013-11-07,76,111000,16000,37000,7000,9000,18000,3,3,1,5,3,0,0,0,0,0,0,3,11,0,2014-01-22,43,1,0,2,0,198000,0.25,0.5,Tua
1975,1975,10311,1969,S1,Menikah,4428000.0,0,1,2013-10-05,0,16000,4000,12000,2000,4000,321000,0,25,0,0,1,0,0,0,0,0,0,3,11,0,2013-10-05,45,1,0,1,0,359000,0.0,0.9615384615384616,Tua
1976,1976,5117,1963,D3,Menikah,32632000.0,0,0,2012-08-02,32,63000,151000,137000,153000,19000,53000,2,4,4,8,5,0,0,0,0,0,0,3,11,0,2012-09-03,51,1,0,0,0,576000,0.1111111111111111,0.4444444444444444,Tua
1977,1977,4867,1968,S3,Lajang,38236000.0,1,1,2013-09-20,2,58000,0,18000,2000,0,10000,4,3,0,4,7,0,0,0,0,0,0,3,11,0,2013-09-22,46,0,0,2,0,88000,0.36363636363636365,0.3,Tua
1978,1978,9289,1979,S1,Menikah,36781000.0,1,0,2014-04-10,16,29000,1000,17000,0,3000,13000,1,2,1,2,8,0,0,0,0,0,0,3,11,1,2014-04-26,35,1,0,1,0,63000,0.16666666666666666,0.2,Tua
1979,1979,10913,1984,S2,Lajang,31385000.0,1,0,2012-12-05,56,3000,2000,12000,0,1000,9000,1,1,0,2,8,1,0,0,0,0,0,3,11,1,2013-01-30,30,0,0,1,1,27000,0.25,0.1111111111111111,Muda
1980,1980,3032,1984,S1,Menikah,24570000.0,1,0,2013-02-27,97,28000,34000,62000,11000,14000,44000,3,4,0,4,9,0,0,0,0,0,0,3,11,0,2013-06-04,30,1,0,1,0,193000,0.2727272727272727,0.3076923076923077,Muda
1981,1981,8524,1974,S3,Cerai,25509000.0,1,0,2012-09-18,15,40000,3000,30000,10000,7000,11000,3,3,0,3,9,0,0,0,0,0,0,3,11,1,2012-10-03,40,0,0,1,0,101000,0.3333333333333333,0.25,Tua
1982,1982,3334,1951,S1,Menikah,94642000.0,0,0,2014-02-12,35,879000,143000,797000,106000,143000,143000,0,5,7,9,1,0,0,1,1,0,0,3,11,0,2014-03-19,63,1,0,0,2,2211000,0.0,0.8333333333333334,Lansia
1983,1983,4470,1962,S2,Menikah,58646000.0,0,1,2013-06-10,3,62000,1000,44000,6000,5000,22000,1,2,1,4,4,0,0,0,0,0,0,3,11,0,2013-06-13,52,1,0,1,0,140000,0.125,0.3333333333333333,Tua
1984,1984,1406,1975,S1,Lajang,53201000.0,1,1,2013-02-12,49,280000,7000,81000,20000,0,27000,8,6,3,5,7,0,0,0,0,0,0,3,11,0,2013-04-02,39,0,0,2,0,415000,0.36363636363636365,0.46153846153846156,Tua
1985,1985,8619,1957,S1,Bertunangan,21994000.0,0,1,2012-12-24,4,9000,0,6000,3000,1000,3000,1,0,0,3,5,0,0,0,0,0,0,3,11,0,2012-12-28,57,1,0,1,0,22000,0.25,0.0,Lansia
1986,1986,10821,1978,S1,Menikah,57113000.0,1,1,2013-02-06,45,182000,4000,33000,0,2000,42000,6,4,1,5,7,0,0,0,0,0,0,3,11,0,2013-03-23,36,1,0,2,0,263000,0.375,0.36363636363636365,Tua
1987,1987,4552,1991,S1,Menikah,51373000.0,0,0,2013-06-22,37,83000,2000,101000,64000,26000,117000,1,3,5,3,4,0,0,0,0,0,0,3,11,0,2013-07-29,23,1,0,0,0,393000,0.08333333333333333,0.42857142857142855,Muda
1988,1988,898,1986,S1,Menikah,23477000.0,1,0,2013-10-21,39,38000,15000,54000,3000,8000,29000,3,3,0,4,8,0,0,0,0,0,0,3,11,0,2013-11-29,28,1,0,1,0,147000,0.3,0.2727272727272727,Muda
1989,1989,9797,1956,S1,Menikah,58116000.0,0,1,2014-04-13,38,228000,19000,130000,4000,11000,51000,2,3,3,8,2,0,0,0,0,0,0,3,11,0,2014-05-21,58,1,0,1,0,443000,0.125,0.6,Lansia
1990,1990,10949,1963,S3,Cerai,72968000.0,0,0,2013-12-16,8,1092000,37000,592000,145000,37000,55000,1,5,5,8,3,0,0,0,1,0,0,3,11,1,2013-12-24,51,0,0,0,1,1958000,0.05263157894736842,0.625,Tua
1991,1991,8212,1971,S2,Menikah,39791000.0,0,1,2013-03-28,89,85000,15000,27000,13000,13000,21000,2,3,1,4,7,0,0,0,0,0,0,3,11,0,2013-06-25,43,1,0,1,0,174000,0.2,0.3,Tua
1992,1992,6248,1947,S2,Lajang,91712000.0,0,0,2013-10-17,47,1276000,24000,746000,94000,29000,48000,0,9,7,11,3,0,0,1,0,0,0,3,11,1,2013-12-03,67,0,0,0,1,2217000,0.0,0.75,Lansia
1993,1993,10164,1958,S1,Lajang,94472000.0,0,1,2014-04-03,75,1017000,33000,417000,108000,100000,16000,1,5,5,5,5,0,1,1,0,0,0,3,11,0,2014-06-17,56,0,0,1,2,1691000,0.0625,0.5,Lansia
1994,1994,4547,1960,S1,Bertunangan,13672000.0,1,1,2013-04-17,86,6000,2000,9000,2000,1000,5000,2,1,0,3,8,0,0,0,0,0,0,3,11,0,2013-07-12,54,1,0,2,0,25000,0.3333333333333333,0.1111111111111111,Tua
1995,1995,6815,1980,D3,Menikah,96547000.0,0,0,2014-05-23,4,448000,21000,125000,52000,101000,62000,0,7,6,8,2,1,0,1,1,0,0,3,11,1,2014-05-27,34,1,0,0,3,809000,0.0,0.7777777777777778,Tua
1996,1996,4122,1975,S1,Menikah,79205000.0,0,0,2012-08-29,73,504000,23000,117000,179000,28000,44000,1,6,5,4,4,0,0,0,1,0,0,3,11,1,2012-11-10,39,1,0,0,1,895000,0.0625,0.6,Tua
1997,1997,10841,1975,S3,Bertunangan,56559000.0,0,1,2012-12-25,46,226000,22000,133000,41000,31000,31000,3,4,3,8,4,0,0,0,0,0,0,3,11,0,2013-02-09,39,1,0,1,0,484000,0.16666666666666666,0.5,Tua
1998,1998,5370,1973,S3,Menikah,32644000.0,1,0,2013-01-16,38,239000,3000,141000,0,7000,23000,4,7,1,6,8,1,0,0,0,0,0,3,11,0,2013-02-23,41,1,0,1,1,413000,0.2222222222222222,0.4666666666666667,Tua
1999,1999,176,1980,D3,Lajang,67506000.0,0,1,2014-01-02,73,90000,38000,67000,33000,36000,67000,1,4,1,6,3,0,0,0,0,0,0,3,11,0,2014-03-16,34,0,0,1,0,331000,0.08333333333333333,0.5714285714285714,Tua
2000,2000,4860,1970,S1,Lajang,24206000.0,1,0,2013-03-08,66,7000,2000,8000,3000,2000,3000,1,1,0,3,6,0,0,0,0,0,0,3,11,0,2013-05-13,44,0,0,1,0,25000,0.2,0.14285714285714285,Tua
2001,2001,10757,1967,S3,Cerai,28420000.0,1,0,2013-12-24,36,4000,2000,5000,2000,0,0,1,1,0,2,6,0,0,0,0,0,0,3,11,0,2014-01-29,47,0,0,1,0,13000,0.25,0.14285714285714285,Tua
2002,2002,4023,1970,S1,Menikah,22979000.0,1,0,2012-09-06,29,16000,17000,19000,20000,21000,22000,3,3,2,2,8,0,0,0,0,0,0,3,11,1,2012-10-05,44,1,0,1,0,115000,0.3,0.2727272727272727,Tua
2003,2003,6679,1966,S1,Lajang,33279000.0,0,0,2014-06-12,29,10000,3000,3000,0,0,0,1,0,0,3,3,0,0,0,0,0,0,3,11,0,2014-07-11,48,0,0,0,0,16000,0.25,0.0,Tua
2004,2004,9923,1972,S2,Lajang,46423000.0,1,1,2013-09-18,6,68000,0,16000,0,0,8000,3,2,0,4,7,0,0,0,0,0,0,3,11,0,2013-09-24,42,0,0,2,0,92000,0.3333333333333333,0.2222222222222222,Tua
2005,2005,7181,1977,S1,Menikah,30368000.0,0,1,2013-11-07,97,35000,0,13000,2000,0,2000,2,2,0,3,8,0,0,0,0,0,0,3,11,0,2014-02-12,37,1,0,1,0,52000,0.2857142857142857,0.2,Tua
2006,2006,3599,1970,S1,Menikah,63684000.0,0,1,2012-11-26,61,575000,80000,428000,208000,93000,80000,3,8,4,8,5,0,0,0,0,0,0,3,11,0,2013-01-26,44,1,0,1,0,1464000,0.13043478260869565,0.6153846153846154,Tua
2007,2007,405,1964,S1,Cerai,41638000.0,0,1,2013-02-13,68,315000,0,31000,4000,0,91000,4,5,5,3,8,1,0,0,0,0,0,3,11,0,2013-04-22,50,0,0,1,1,441000,0.23529411764705882,0.38461538461538464,Tua
2008,2008,6870,1959,S3,Cerai,68805000.0,0,1,2013-09-17,73,182000,2000,49000,17000,13000,20000,1,3,1,7,2,0,0,0,0,0,0,3,11,0,2013-11-29,55,0,0,1,0,283000,0.08333333333333333,0.6,Tua
2009,2009,832,1966,S3,Bertunangan,65814000.0,0,1,2014-03-02,90,561000,14000,113000,10000,14000,35000,3,8,2,10,5,0,0,0,0,0,0,3,11,0,2014-05-31,48,1,0,1,0,747000,0.13043478260869565,0.6153846153846154,Tua
2010,2010,2002,1958,S1,Cerai,71964000.0,0,0,2013-05-20,81,587000,51000,932000,180000,34000,86000,1,5,6,5,3,0,0,0,0,0,0,3,11,0,2013-08-09,56,0,0,0,0,1870000,0.058823529411764705,0.625,Lansia
2011,2011,3657,1986,S1,Lajang,39146000.0,1,0,2013-02-14,1,94000,1000,33000,13000,12000,12000,3,4,0,4,8,0,0,0,0,0,0,3,11,0,2013-02-15,28,0,0,1,0,165000,0.2727272727272727,0.3333333333333333,Muda
2012,2012,500,1977,S1,Bertunangan,96876000.0,0,0,2013-08-06,79,908000,43000,735000,40000,194000,21000,1,7,7,9,2,0,1,1,1,0,0,3,11,1,2013-10-24,37,1,0,0,3,1941000,0.041666666666666664,0.7777777777777778,Tua
2013,2013,1951,1981,SMA,Menikah,34445000.0,0,0,2013-01-27,92,228000,122000,122000,208000,129000,30000,6,11,2,8,9,0,0,0,0,0,0,3,11,0,2013-04-29,33,1,1,0,0,839000,0.2222222222222222,0.55,Tua
2014,2014,3262,1958,S1,Lajang,68281000.0,0,0,2012-08-07,31,995000,112000,417000,42000,48000,41000,1,2,9,13,5,0,0,0,0,0,0,3,11,1,2012-09-07,56,0,0,0,0,1655000,0.04,0.2857142857142857,Lansia
2015,2015,4102,1975,D3,Menikah,37284000.0,1,1,2013-03-29,46,11000,1000,2000,2000,1000,6000,1,0,0,3,6,0,0,0,0,0,0,3,11,0,2013-05-14,39,1,0,2,0,23000,0.25,0.0,Tua
2016,2016,7042,1983,S1,Menikah,36790000.0,0,0,2013-03-01,14,3000,3000,14000,15000,21000,10000,1,2,1,2,9,0,0,0,0,0,0,3,11,1,2013-03-15,31,1,0,0,0,66000,0.16666666666666666,0.18181818181818182,Tua
2017,2017,10598,1967,S1,Bertunangan,27943000.0,1,1,2013-04-15,89,12000,1000,16000,4000,1000,3000,3,2,0,3,8,0,0,0,0,0,0,3,11,0,2013-07-13,47,1,0,2,0,37000,0.375,0.2,Tua
2018,2018,255,1951,S1,Cerai,22263000.0,1,1,2014-03-30,31,17000,0,2000,0,0,2000,2,1,0,3,6,0,0,0,0,0,1,3,11,0,2014-04-30,63,0,0,2,0,21000,0.3333333333333333,0.14285714285714285,Lansia
2019,2019,2375,1972,S1,Bertunangan,30261000.0,1,2,2012-09-25,75,8000,0,5000,0,3000,6000,1,0,0,3,8,0,0,0,0,0,0,3,11,0,2012-12-09,42,1,0,3,0,22000,0.25,0.0,Tua
2020,2020,9829,1978,S1,Bertunangan,28587000.0,1,0,2014-02-12,42,22000,4000,17000,12000,10000,13000,3,2,0,4,6,0,0,0,0,0,0,3,11,0,2014-03-26,36,1,0,1,0,78000,0.3333333333333333,0.25,Tua
2021,2021,6214,1982,S2,Menikah,43815000.0,1,0,2013-04-05,53,14000,10000,29000,4000,7000,15000,1,2,0,3,6,0,0,0,0,0,0,3,11,0,2013-05-28,32,1,0,1,0,79000,0.16666666666666666,0.25,Tua
2022,2022,4954,1956,S1,Menikah,48195000.0,1,1,2014-01-21,53,106000,27000,68000,52000,7000,5000,6,4,2,5,6,0,0,0,0,0,0,3,11,0,2014-03-15,58,1,0,2,0,265000,0.35294117647058826,0.4,Lansia
2023,2023,7861,1952,S2,Menikah,77027000.0,0,1,2014-02-05,23,820000,57000,242000,45000,0,11000,2,8,3,6,4,0,0,0,0,0,0,3,11,0,2014-02-28,62,1,0,1,0,1175000,0.10526315789473684,0.6666666666666666,Lansia
2024,2024,4837,1965,S3,Menikah,71322000.0,0,1,2013-02-16,57,753000,43000,226000,69000,10000,204000,2,8,5,13,4,0,0,0,0,0,0,3,11,0,2013-04-14,49,1,0,1,0,1305000,0.07142857142857142,0.6666666666666666,Tua
2025,2025,9423,1979,S2,Menikah,32765000.0,1,0,2014-02-23,49,13000,3000,17000,7000,3000,3000,2,2,0,4,5,0,0,0,0,0,0,3,11,0,2014-04-13,35,1,0,1,0,46000,0.25,0.2857142857142857,Tua
2026,2026,4198,1965,S1,Bertunangan,29672000.0,1,1,2013-03-12,6,9000,1000,3000,0,4000,8000,1,0,0,3,6,0,0,0,0,0,0,3,11,0,2013-03-18,49,1,0,2,0,25000,0.25,0.0,Tua
2027,2027,153,1953,S1,Cerai,23272000.0,0,0,2013-10-17,29,19000,3000,6000,4000,2000,12000,1,1,0,3,4,0,0,0,0,0,0,3,11,0,2013-11-15,61,0,0,0,0,46000,0.2,0.2,Lansia
2028,2028,9323,1949,S2,Bertunangan,49912000.0,0,1,2012-09-07,5,520000,8000,223000,32000,49000,42000,4,10,5,7,8,1,0,0,0,0,0,3,11,1,2012-09-12,65,1,0,1,1,874000,0.15384615384615385,0.5555555555555556,Lansia
2029,2029,10001,1985,D3,Bertunangan,7500000.0,1,0,2012-08-01,98,5000,17000,17000,13000,14000,34000,4,2,1,3,9,0,0,0,0,0,0,3,11,0,2012-11-07,29,1,0,1,0,100000,0.4,0.18181818181818182,Muda
2030,2030,3945,1947,S3,Janda,68117000.0,0,1,2013-03-10,80,618000,44000,215000,0,17000,36000,2,11,8,4,6,1,0,0,0,0,0,3,11,1,2013-05-29,67,0,0,1,1,930000,0.08,0.6470588235294118,Lansia
2031,2031,3799,1955,S1,Menikah,67225000.0,0,1,2013-11-26,4,315000,35000,322000,46000,7000,143000,3,7,2,11,5,0,0,0,0,0,0,3,11,0,2013-11-30,59,1,0,1,0,868000,0.13043478260869565,0.5833333333333334,Lansia
2032,2032,8625,1976,S1,Menikah,17649000.0,1,0,2013-11-12,70,15000,1000,23000,0,5000,1000,3,3,0,3,8,0,0,0,0,0,0,3,11,0,2014-01-21,38,1,0,1,0,45000,0.3333333333333333,0.2727272727272727,Tua
2033,2033,3491,1975,S1,Bertunangan,55914000.0,0,1,2013-04-29,32,384000,60000,364000,119000,101000,232000,4,11,6,8,7,0,0,0,0,0,0,3,11,0,2013-05-31,39,1,0,1,0,1260000,0.13793103448275862,0.6111111111111112,Tua
2034,2034,983,1984,S1,Menikah,40059000.0,1,0,2013-09-28,82,110000,29000,92000,28000,10000,145000,1,6,2,3,8,1,0,0,0,0,0,3,11,0,2013-12-19,30,1,0,1,1,414000,0.08333333333333333,0.42857142857142855,Muda
2035,2035,9119,1950,S1,Bertunangan,60905000.0,0,1,2013-12-05,27,208000,17000,76000,36000,17000,38000,2,3,3,7,2,0,0,0,0,0,0,3,11,0,2014-01-01,64,1,0,1,0,392000,0.13333333333333333,0.6,Lansia
2036,2036,4786,1977,S1,Menikah,75330000.0,1,1,2012-10-04,94,555000,82000,257000,93000,61000,61000,4,10,3,12,6,0,0,0,0,0,0,3,11,0,2013-01-06,37,1,0,2,0,1109000,0.13793103448275862,0.625,Tua
2037,2037,5872,1951,S1,Lajang,60689000.0,0,1,2013-06-01,23,240000,90000,216000,63000,6000,24000,4,4,4,10,3,0,0,0,0,0,0,3,11,0,2013-06-24,63,0,0,1,0,639000,0.18181818181818182,0.5714285714285714,Lansia
2038,2038,6568,1984,S1,Menikah,38680000.0,1,0,2013-03-28,97,11000,0,36000,15000,5000,12000,1,2,0,3,7,0,0,0,0,0,0,3,11,0,2013-07-03,30,1,0,1,0,79000,0.16666666666666666,0.2222222222222222,Muda
2039,2039,5628,1982,S1,Bertunangan,61416000.0,0,0,2013-02-08,25,848000,154000,323000,201000,61000,78000,1,10,3,10,6,1,0,0,0,0,0,3,11,0,2013-03-05,32,1,0,0,1,1665000,0.041666666666666664,0.625,Tua
2040,2040,5631,1991,S1,Lajang,49767000.0,0,0,2013-05-02,92,202000,47000,197000,55000,42000,149000,1,5,4,8,4,0,0,0,0,0,0,3,11,0,2013-08-02,23,0,0,0,0,692000,0.05555555555555555,0.5555555555555556,Muda
2041,2041,4974,1970,S1,Lajang,83273000.0,1,2,2012-09-25,98,433000,89000,650000,16000,102000,102000,10,4,6,9,7,0,0,0,0,0,0,3,11,0,2013-01-01,44,0,0,3,0,1392000,0.3448275862068966,0.36363636363636365,Tua
2042,2042,8416,1981,S1,Menikah,29009000.0,1,0,2013-11-29,19,6000,6000,15000,10000,5000,2000,2,2,0,3,6,0,0,0,0,0,0,3,11,0,2013-12-18,33,1,0,1,0,44000,0.2857142857142857,0.25,Tua
2043,2043,5454,1979,S2,Menikah,45057000.0,1,0,2013-12-01,80,37000,0,7000,3000,0,3000,1,2,0,3,5,0,0,0,0,0,0,3,11,0,2014-02-19,35,1,0,1,0,50000,0.16666666666666666,0.2857142857142857,Tua
2044,2044,4095,1971,S1,Menikah,37150000.0,1,0,2012-09-11,80,167000,37000,64000,49000,34000,116000,8,4,3,6,7,0,0,0,0,0,0,3,11,0,2012-11-30,43,1,0,1,0,467000,0.38095238095238093,0.36363636363636365,Tua
2045,2045,5474,1970,S1,Lajang,43020000.0,1,0,2013-11-30,79,45000,7000,99000,4000,25000,43000,3,4,1,4,6,0,0,0,0,0,0,3,11,0,2014-02-17,44,0,0,1,0,223000,0.25,0.4,Tua
2046,2046,4268,1959,S1,Menikah,53154000.0,0,1,2014-06-09,50,129000,0,21000,0,1000,7000,1,3,1,4,4,0,0,0,0,0,0,3,11,0,2014-07-29,55,1,0,1,0,158000,0.1111111111111111,0.42857142857142855,Tua
2047,2047,10701,1973,S1,Menikah,65308000.0,0,0,2013-09-11,60,713000,0,264000,120000,80000,34000,1,7,8,12,4,0,0,1,1,0,0,3,11,0,2013-11-10,41,1,0,0,2,1211000,0.03571428571428571,0.6363636363636364,Tua
2048,2048,3507,1970,S1,Lajang,76467000.0,1,0,2012-08-17,44,676000,161000,426000,210000,44000,58000,2,2,5,5,6,0,0,0,0,0,0,3,11,1,2012-09-30,44,0,0,1,0,1575000,0.14285714285714285,0.25,Tua
2049,2049,2079,1947,D3,Menikah,81044000.0,0,0,2013-12-27,0,450000,26000,535000,73000,98000,26000,1,5,6,10,1,0,0,0,0,0,0,3,11,0,2013-12-27,67,1,0,0,0,1208000,0.045454545454545456,0.8333333333333334,Lansia
2050,2050,626,1951,S1,Menikah,32871000.0,1,1,2013-03-09,28,22000,2000,12000,0,2000,5000,1,1,0,3,4,0,0,0,0,0,0,3,11,0,2013-04-06,63,1,0,2,0,43000,0.2,0.2,Lansia
2051,2051,4426,1975,S1,Lajang,55801000.0,1,1,2013-09-22,35,367000,4000,51000,6000,4000,95000,6,7,2,6,7,0,0,0,1,0,0,3,11,0,2013-10-27,39,0,0,2,1,527000,0.2857142857142857,0.5,Tua
2052,2052,2591,1959,S1,Janda,76320000.0,0,1,2014-06-22,49,526000,35000,214000,69000,53000,35000,2,6,3,4,2,0,0,0,0,0,0,3,11,0,2014-08-10,55,0,0,1,0,932000,0.13333333333333333,0.75,Tua
2053,2053,10509,1955,S2,Lajang,36927000.0,1,1,2014-06-02,46,51000,0,16000,0,0,4000,2,3,0,3,8,0,0,0,0,0,0,3,11,0,2014-07-18,59,0,0,2,0,71000,0.25,0.2727272727272727,Lansia
2054,2054,6382,1953,S1,Bertunangan,48794000.0,1,1,2014-06-26,97,25000,0,11000,3000,0,15000,1,1,0,3,4,0,0,0,0,0,0,3,11,0,2014-10-01,61,1,0,2,0,54000,0.2,0.2,Lansia
2055,2055,6673,1965,S1,Lajang,23478000.0,0,0,2013-03-19,51,28000,6000,27000,12000,17000,39000,1,3,0,3,8,0,0,0,0,0,0,3,11,0,2013-05-09,49,0,0,0,0,129000,0.14285714285714285,0.2727272727272727,Tua
2056,2056,7441,1973,S1,Cerai,71128000.0,1,0,2012-10-06,80,958000,159000,447000,20000,0,31000,3,2,10,12,7,0,0,0,0,0,0,3,11,0,2012-12-25,41,0,0,1,0,1615000,0.1111111111111111,0.2222222222222222,Tua
2057,2057,1071,1976,S3,Cerai,70179000.0,0,1,2013-07-21,10,532000,88000,168000,69000,44000,133000,3,7,3,13,5,0,0,0,0,0,0,3,11,0,2013-07-31,38,0,0,1,0,1034000,0.11538461538461539,0.5833333333333334,Tua
2058,2058,10061,1950,S1,Menikah,59462000.0,0,1,2013-01-05,29,724000,17000,143000,0,8000,196000,2,9,2,12,7,0,0,0,0,0,0,3,11,0,2013-02-03,64,1,0,1,0,1088000,0.08,0.5625,Lansia
2060,2060,8775,1969,S1,Bertunangan,38361000.0,1,0,2013-12-27,74,39000,0,56000,20000,8000,14000,3,3,1,3,7,0,0,0,0,0,0,3,11,0,2014-03-11,45,1,0,1,0,137000,0.3,0.3,Tua
2062,2062,2345,1982,S3,Bertunangan,70038000.0,0,0,2013-10-25,54,587000,54000,348000,71000,54000,130000,1,4,4,8,2,0,0,0,0,0,0,3,11,0,2013-12-18,32,1,0,0,0,1244000,0.058823529411764705,0.6666666666666666,Tua
2063,2063,322,1978,S1,Bertunangan,42554000.0,1,1,2013-01-12,93,29000,1000,11000,0,0,0,2,2,0,3,4,0,0,0,0,0,0,3,11,0,2013-04-15,36,1,0,2,0,41000,0.2857142857142857,0.3333333333333333,Tua
2064,2064,10897,1974,S1,Menikah,67445000.0,0,1,2012-08-12,63,757000,80000,217000,29000,80000,11000,5,9,6,12,6,0,0,0,0,0,0,3,11,0,2012-10-14,40,1,0,1,0,1174000,0.15625,0.6,Tua
2065,2065,123,1951,S1,Janda,67046000.0,0,1,2013-01-06,92,544000,35000,133000,23000,151000,107000,2,4,5,4,2,0,0,0,0,0,0,3,11,0,2013-04-08,63,0,0,1,0,993000,0.13333333333333333,0.6666666666666666,Lansia
2066,2066,6103,1948,S1,Menikah,42192000.0,0,0,2013-09-06,40,40000,15000,15000,17000,6000,7000,1,2,1,3,4,0,0,0,0,0,0,3,11,0,2013-10-16,66,1,0,0,0,100000,0.14285714285714285,0.3333333333333333,Lansia
2067,2067,7899,1952,S3,Menikah,77610000.0,0,1,2012-10-29,70,1245000,33000,332000,21000,33000,16000,2,4,7,4,7,0,0,0,0,0,0,3,11,0,2013-01-07,62,1,0,1,0,1680000,0.11764705882352941,0.36363636363636365,Lansia
2068,2068,10500,1984,S1,Menikah,31761000.0,1,0,2014-04-05,96,19000,1000,20000,16000,14000,28000,2,3,0,4,5,0,0,0,0,0,0,3,11,0,2014-07-10,30,1,0,1,0,98000,0.2222222222222222,0.375,Muda
2069,2069,1655,1979,S1,Bertunangan,34350000.0,1,0,2013-10-19,81,16000,3000,15000,2000,1000,11000,1,1,0,3,7,0,0,0,0,0,0,3,11,0,2014-01-08,35,1,0,1,0,48000,0.2,0.125,Tua
2070,2070,2406,1949,S1,Bertunangan,54591000.0,0,1,2013-08-05,63,376000,4000,94000,12000,9000,24000,3,6,2,8,5,0,0,0,0,0,0,3,11,0,2013-10-07,65,1,0,1,0,519000,0.15789473684210525,0.5454545454545454,Lansia
2071,2071,2712,1956,S1,Menikah,71866000.0,0,1,2013-12-25,85,184000,178000,178000,103000,39000,33000,1,6,3,10,3,0,0,0,0,0,0,3,11,0,2014-03-20,58,1,0,1,0,715000,0.05,0.6666666666666666,Lansia
2072,2072,5517,1969,S1,Menikah,25293000.0,1,0,2013-09-15,51,15000,0,11000,0,2000,9000,1,1,1,2,8,0,0,0,0,0,0,3,11,0,2013-11-05,45,1,0,1,0,37000,0.2,0.1111111111111111,Tua
2073,2073,10643,1987,S3,Lajang,42000000.0,0,0,2013-01-10,23,124000,83000,267000,85000,59000,35000,2,5,2,11,5,0,0,0,0,0,0,3,11,1,2013-02-02,27,0,0,0,0,653000,0.1,0.5,Muda
2074,2074,2254,1983,S1,Menikah,69520000.0,0,0,2013-07-07,95,627000,120000,414000,121000,80000,93000,1,9,6,5,5,0,0,0,0,0,0,3,11,0,2013-10-10,31,1,0,0,0,1455000,0.047619047619047616,0.6428571428571429,Tua
2075,2075,10281,1970,S1,Cerai,64713000.0,1,0,2014-02-07,11,180000,60000,241000,13000,54000,54000,2,5,5,7,4,0,0,0,0,0,0,3,11,1,2014-02-18,44,0,0,1,0,602000,0.10526315789473684,0.5555555555555556,Tua
2076,2076,6958,1977,S2,Menikah,27889000.0,1,0,2013-07-05,42,14000,0,4000,0,0,8000,1,1,1,2,6,0,0,0,0,0,0,3,11,0,2013-08-16,37,1,0,1,0,26000,0.2,0.14285714285714285,Tua
2077,2077,954,1960,SMA,Janda,22123000.0,0,0,2014-03-27,77,3000,3000,24000,34000,7000,31000,1,2,1,3,5,0,0,0,0,0,0,3,11,0,2014-06-12,54,0,1,0,0,102000,0.14285714285714285,0.2857142857142857,Tua
2080,2080,4643,1973,S1,Menikah,27803000.0,1,0,2012-08-26,40,8000,26000,46000,38000,9000,49000,2,3,0,4,8,0,0,0,0,0,0,3,11,0,2012-10-05,41,1,0,1,0,176000,0.2222222222222222,0.2727272727272727,Tua
2082,2082,6497,1960,S1,Menikah,51651000.0,0,1,2012-11-07,32,293000,6000,23000,13000,6000,92000,4,6,2,5,8,0,0,0,0,0,0,3,11,0,2012-12-09,54,1,0,1,0,433000,0.23529411764705882,0.42857142857142855,Tua
2083,2083,5396,1988,S1,Menikah,68487000.0,0,0,2013-01-13,48,758000,12000,385000,33000,89000,89000,1,9,7,13,4,0,0,0,0,0,0,3,11,0,2013-03-02,26,1,0,0,0,1366000,0.03333333333333333,0.6923076923076923,Muda
2085,2085,1052,1969,S1,Menikah,56796000.0,0,1,2013-02-16,24,656000,38000,161000,62000,47000,37000,3,8,9,7,7,0,0,0,0,0,0,3,11,0,2013-03-12,45,1,0,1,0,1001000,0.1111111111111111,0.5333333333333333,Tua
2086,2086,2802,1992,D3,Menikah,87000000.0,0,0,2012-12-15,61,196000,25000,607000,67000,17000,49000,1,4,6,7,2,0,0,0,0,0,0,3,11,0,2013-02-14,22,1,0,0,0,961000,0.05555555555555555,0.6666666666666666,Muda
2087,2087,6343,1959,S1,Menikah,79823000.0,0,1,2014-03-31,6,835000,73000,380000,114000,73000,43000,1,6,9,7,2,0,1,0,0,0,0,3,11,0,2014-04-06,55,1,0,1,1,1518000,0.043478260869565216,0.75,Tua
2088,2088,6507,1980,S1,Lajang,30828000.0,1,0,2013-10-04,16,16000,11000,15000,2000,0,12000,2,1,1,4,3,0,0,0,0,0,0,3,11,0,2013-10-20,34,0,0,1,0,56000,0.25,0.25,Tua
2089,2089,7901,1971,S2,Menikah,34109000.0,0,1,2013-11-06,39,9000,1000,5000,2000,1000,4000,1,0,0,3,4,0,0,0,0,0,0,3,11,0,2013-12-15,43,1,0,1,0,22000,0.25,0.0,Tua
2090,2090,4865,1974,S2,Cerai,53367000.0,1,1,2013-08-31,2,229000,7000,140000,10000,3000,11000,7,5,1,8,7,0,0,0,0,0,0,3,11,1,2013-09-02,40,0,0,2,0,400000,0.3333333333333333,0.4166666666666667,Tua
2091,2091,2686,1969,SMA,Bertunangan,22390000.0,0,0,2013-10-21,49,0,1000,4000,15000,1000,5000,1,1,0,2,7,0,0,0,0,0,0,3,11,0,2013-12-09,45,1,1,0,0,26000,0.25,0.125,Tua
2092,2092,3107,1976,S1,Bertunangan,71322000.0,0,1,2014-05-02,31,121000,24000,124000,24000,15000,42000,1,4,1,7,2,0,0,0,0,0,0,3,11,0,2014-06-02,38,1,0,1,0,350000,0.07692307692307693,0.6666666666666666,Tua
2093,2093,7734,1993,S1,Lajang,79244000.0,0,0,2012-12-19,58,471000,102000,125000,212000,61000,245000,1,4,10,7,1,0,0,1,1,0,0,3,11,1,2013-02-15,21,0,0,0,2,1216000,0.045454545454545456,0.8,Muda
2094,2094,1146,1949,S2,Bertunangan,49912000.0,0,1,2012-09-07,5,520000,8000,223000,32000,49000,42000,4,10,5,7,8,1,0,0,0,0,0,3,11,1,2012-09-12,65,1,0,1,1,874000,0.15384615384615385,0.5555555555555556,Lansia
2095,2095,11031,1950,S3,Menikah,48699000.0,1,1,2013-05-21,90,26000,1000,10000,2000,0,1000,1,1,0,3,5,0,0,0,0,0,0,3,11,0,2013-08-19,64,1,0,2,0,40000,0.2,0.16666666666666666,Lansia
2096,2096,7428,1975,S1,Bertunangan,80144000.0,0,0,2013-09-30,47,240000,132000,445000,250000,192000,108000,1,3,7,8,1,0,0,0,0,0,0,3,11,0,2013-11-16,39,1,0,0,0,1367000,0.05263157894736842,0.75,Tua
2097,2097,975,1956,S1,Lajang,54252000.0,1,1,2013-05-28,25,178000,4000,26000,8000,4000,44000,5,4,1,5,6,0,0,0,0,0,0,3,11,0,2013-06-22,58,0,0,2,0,264000,0.3333333333333333,0.4,Lansia
2098,2098,1103,1976,S2,Menikah,81929000.0,1,0,2012-09-29,60,1486000,55000,278000,49000,0,185000,2,4,4,10,6,1,0,1,0,0,0,3,11,1,2012-11-28,38,1,0,1,2,2053000,0.1,0.4,Tua
2099,2099,3422,1975,S1,Menikah,76068000.0,0,1,2012-11-29,67,1115000,12000,128000,33000,12000,76000,1,2,3,4,6,0,1,0,0,1,0,3,11,0,2013-02-04,39,1,0,1,2,1376000,0.1,0.25,Tua
2100,2100,1055,1976,S2,Menikah,53204000.0,1,1,2014-03-20,40,29000,0,8000,2000,0,6000,1,1,0,3,4,0,0,0,0,0,0,3,11,0,2014-04-29,38,1,0,2,0,45000,0.2,0.2,Tua
2101,2101,6544,1949,S3,Bertunangan,67911000.0,0,1,2014-05-22,63,529000,0,356000,63000,28000,0,3,6,7,11,3,0,0,0,0,0,0,3,11,0,2014-07-24,65,1,0,1,0,976000,0.1111111111111111,0.6666666666666666,Lansia
2102,2102,1241,1984,D3,Menikah,14796000.0,1,0,2012-09-17,1,13000,3000,8000,7000,4000,16000,2,1,0,3,9,0,0,0,0,0,0,3,11,1,2012-09-18,30,1,0,1,0,51000,0.3333333333333333,0.1,Muda
2103,2103,2909,1974,S3,Menikah,78128000.0,0,1,2014-02-19,89,934000,24000,230000,16000,24000,36000,2,8,4,6,3,0,1,1,0,0,0,3,11,0,2014-05-19,40,1,0,1,2,1264000,0.1,0.7272727272727273,Tua
2104,2104,5802,1972,SMA,Menikah,14188000.0,0,0,2013-02-28,40,2000,7000,11000,16000,12000,27000,1,2,0,4,6,0,0,0,0,0,0,3,11,0,2013-04-09,42,1,1,0,0,75000,0.14285714285714285,0.25,Tua
2105,2105,1407,1986,SMA,Menikah,20425000.0,1,0,2012-10-29,5,4000,12000,5000,3000,16000,17000,2,2,0,3,7,0,0,0,0,0,0,3,11,0,2012-11-03,28,1,1,1,0,57000,0.2857142857142857,0.2222222222222222,Muda
2106,2106,6183,1962,S2,Menikah,58646000.0,0,1,2013-06-10,3,62000,1000,44000,6000,5000,22000,1,2,1,4,4,0,0,0,0,0,0,3,11,0,2013-06-13,52,1,0,1,0,140000,0.125,0.3333333333333333,Tua
2107,2107,340,1970,S1,Cerai,72967000.0,0,1,2012-12-15,1,158000,35000,179000,0,0,125000,2,7,2,8,5,1,0,0,0,0,0,3,11,1,2012-12-16,44,0,0,1,1,497000,0.10526315789473684,0.5833333333333334,Tua
2108,2108,5991,1949,S2,Menikah,48150000.0,0,1,2013-06-08,24,173000,2000,39000,3000,2000,47000,3,5,1,4,7,0,0,0,0,0,0,3,11,0,2013-07-02,65,1,0,1,0,266000,0.23076923076923078,0.4166666666666667,Lansia
2109,2109,3104,1961,S1,Lajang,82332000.0,0,0,2012-09-17,89,830000,59000,968000,51000,79000,19000,1,5,3,12,2,0,0,1,0,0,0,3,11,1,2012-12-15,53,0,0,0,1,2006000,0.047619047619047616,0.7142857142857143,Tua
2110,2110,9729,1955,S1,Janda,58275000.0,1,1,2013-06-02,48,189000,10000,253000,56000,43000,64000,6,8,2,7,7,0,0,0,0,0,0,3,11,0,2013-07-20,59,0,0,2,0,615000,0.2608695652173913,0.5333333333333333,Lansia
2111,2111,1008,1981,S3,Bertunangan,44953000.0,0,0,2012-12-21,31,728000,17000,133000,11000,8000,124000,1,7,3,13,6,1,0,0,0,0,0,3,11,0,2013-01-21,33,1,0,0,1,1021000,0.041666666666666664,0.5384615384615384,Tua
2112,2112,11091,1953,S1,Bertunangan,34587000.0,1,1,2014-05-16,68,7000,2000,9000,2000,0,2000,2,1,0,3,4,0,0,0,0,0,0,3,11,0,2014-07-23,61,1,0,2,0,22000,0.3333333333333333,0.2,Lansia
2113,2113,3969,1974,S2,Bertunangan,43018000.0,0,1,2013-11-01,46,35000,4000,17000,7000,6000,64000,1,2,2,2,5,0,0,0,0,0,0,3,11,0,2013-12-17,40,1,0,1,0,133000,0.14285714285714285,0.2857142857142857,Tua
2114,2114,1916,1954,S2,Menikah,45736000.0,0,1,2013-07-24,92,188000,3000,180000,20000,3000,43000,5,7,1,6,7,0,0,0,0,0,0,3,11,0,2013-10-24,60,1,0,1,0,437000,0.2631578947368421,0.5,Lansia
2115,2115,9907,1969,S2,Bertunangan,66476000.0,0,1,2013-12-04,80,742000,28000,152000,25000,9000,57000,2,6,8,10,4,0,0,0,0,0,0,3,11,0,2014-02-22,45,1,0,1,0,1013000,0.07692307692307693,0.6,Tua
2116,2116,87,1981,D3,Menikah,27733000.0,1,0,2013-08-26,16,0,7000,5000,26000,2000,17000,2,2,0,3,7,0,0,0,0,0,0,3,11,0,2013-09-11,33,1,0,1,0,57000,0.2857142857142857,0.2222222222222222,Tua
2117,2117,8659,1952,S3,Bertunangan,69805000.0,0,1,2014-01-21,50,750000,71000,174000,13000,10000,20000,2,6,8,11,2,0,0,0,0,0,0,3,11,0,2014-03-12,62,1,0,1,0,1038000,0.07407407407407407,0.75,Lansia
2118,2118,6262,1962,S2,Lajang,72217000.0,0,0,2013-04-10,93,816000,42000,450000,55000,56000,154000,1,3,10,8,2,0,0,0,0,0,0,3,11,0,2013-07-12,52,0,0,0,0,1573000,0.045454545454545456,0.6,Tua
2119,2119,6147,1971,S1,Cerai,25818000.0,1,0,2012-10-18,51,5000,2000,8000,2000,2000,9000,1,0,1,2,7,0,0,0,0,0,0,3,11,0,2012-12-08,43,0,0,1,0,28000,0.25,0.0,Tua
2120,2120,8832,1976,S2,Bertunangan,37509000.0,1,0,2012-09-12,24,37000,5000,56000,12000,8000,5000,2,3,0,4,7,0,0,0,0,0,0,3,11,0,2012-10-06,38,1,0,1,0,123000,0.2222222222222222,0.3,Tua
2121,2121,10067,1976,D3,Bertunangan,25176000.0,1,1,2013-08-10,79,4000,0,4000,0,0,5000,1,1,0,2,7,0,0,0,0,0,0,3,11,0,2013-10-28,38,1,0,2,0,13000,0.25,0.125,Tua
2122,2122,7532,1980,S1,Menikah,43586000.0,0,1,2012-08-30,26,99000,2000,11000,4000,0,16000,3,3,0,4,8,0,0,0,0,0,0,3,11,0,2012-09-25,34,1,0,1,0,132000,0.3,0.2727272727272727,Tua
2123,2123,4915,1956,D3,Menikah,53230000.0,0,1,2012-08-03,86,176000,72000,98000,136000,21000,229000,4,5,2,12,5,0,0,0,0,0,0,3,11,0,2012-10-28,58,1,0,1,0,732000,0.17391304347826086,0.5,Lansia
2124,2124,2115,1957,S1,Bertunangan,50116000.0,1,1,2014-06-20,68,54000,0,10000,0,0,2000,2,1,0,4,5,0,1,0,0,0,0,3,11,0,2014-08-27,57,1,0,2,1,66000,0.2857142857142857,0.16666666666666666,Lansia
2125,2125,2088,1972,S1,Bertunangan,84906000.0,0,0,2013-10-04,98,997000,15000,414000,99000,30000,76000,1,5,6,12,2,0,1,1,0,1,0,3,11,0,2014-01-10,42,1,0,0,3,1631000,0.041666666666666664,0.7142857142857143,Tua
2126,2126,2493,1966,S1,Menikah,61286000.0,0,1,2013-08-02,34,356000,0,107000,19000,9000,117000,2,7,1,8,5,0,0,0,0,0,0,3,11,0,2013-09-05,48,1,0,1,0,608000,0.1111111111111111,0.5833333333333334,Tua
2127,2127,6292,1986,S3,Menikah,82333000.0,0,0,2013-03-30,60,1311000,0,359000,46000,89000,17000,1,4,3,10,2,0,0,1,0,0,0,3,11,1,2013-05-29,28,1,0,0,1,1822000,0.05555555555555555,0.6666666666666666,Muda
2128,2128,1631,1965,S3,Bertunangan,65220000.0,0,0,2012-09-03,3,890000,63000,292000,0,25000,12000,4,8,4,7,6,0,0,0,0,0,0,3,11,1,2012-09-06,49,1,0,0,0,1282000,0.17391304347826086,0.5714285714285714,Tua
2129,2129,10104,1974,S1,Bertunangan,33590000.0,2,1,2013-11-03,65,4000,0,2000,0,0,2000,1,1,0,2,7,0,0,0,0,0,0,3,11,0,2014-01-07,40,1,0,3,0,8000,0.25,0.125,Tua
2130,2130,3006,1976,S1,Cerai,30992000.0,1,0,2013-04-22,83,17000,0,14000,7000,3000,2000,1,1,0,3,7,0,0,0,0,0,0,3,11,0,2013-07-14,38,0,0,1,0,43000,0.2,0.125,Tua
2131,2131,3919,1976,S2,Lajang,72309000.0,0,0,2013-03-11,64,960000,0,883000,50000,38000,0,1,5,6,8,3,0,0,0,1,0,0,3,11,1,2013-05-14,38,0,0,0,1,1931000,0.05,0.625,Tua
2133,2133,642,1980,SMA,Menikah,16005000.0,1,0,2012-08-14,69,1000,3000,2000,20000,30000,47000,3,2,1,2,8,0,0,0,0,0,0,3,11,0,2012-10-22,34,1,1,1,0,103000,0.375,0.2,Tua
2134,2134,4369,1957,S2,Lajang,65487000.0,0,0,2014-01-10,48,240000,67000,500000,199000,0,163000,3,3,5,6,2,0,0,0,0,0,0,3,11,0,2014-02-27,57,0,0,0,0,1169000,0.17647058823529413,0.6,Lansia
2135,2135,10127,1965,S1,Menikah,58692000.0,0,1,2014-04-06,21,301000,11000,61000,4000,7000,11000,1,8,2,4,7,0,0,0,0,0,0,3,11,0,2014-04-27,49,1,0,1,0,395000,0.06666666666666667,0.5333333333333333,Tua
2136,2136,271,1969,S1,Janda,40590000.0,1,1,2013-10-02,30,154000,0,50000,6000,11000,37000,5,3,4,3,6,1,0,0,0,0,0,3,11,0,2013-11-01,45,0,0,2,1,258000,0.3333333333333333,0.3333333333333333,Tua
2137,2137,4973,1970,S1,Lajang,20587000.0,1,0,2014-05-11,39,2000,3000,6000,4000,1000,9000,1,1,1,2,7,0,0,0,0,0,0,3,11,0,2014-06-19,44,0,0,1,0,25000,0.2,0.125,Tua
2138,2138,2948,1954,S2,Cerai,62637000.0,0,1,2014-03-01,76,104000,12000,48000,4000,12000,5000,1,2,2,5,2,0,0,0,0,0,0,3,11,0,2014-05-16,60,0,0,1,0,185000,0.1,0.5,Lansia
2139,2139,2715,1966,S2,Cerai,29435000.0,1,1,2012-08-06,11,70000,3000,37000,4000,2000,64000,4,3,2,2,9,0,0,0,0,0,0,3,11,1,2012-08-17,48,0,0,2,0,180000,0.36363636363636365,0.25,Tua
2140,2140,10432,1974,S1,Cerai,19346000.0,1,0,2014-01-30,26,2000,0,9000,3000,6000,2000,1,1,0,3,8,0,0,0,0,0,0,3,11,0,2014-02-25,40,0,0,1,0,22000,0.2,0.1111111111111111,Tua
2141,2141,9216,1971,S1,Menikah,35788000.0,1,1,2014-01-23,34,23000,2000,11000,3000,1000,4000,2,2,0,3,6,0,0,0,0,0,0,3,11,0,2014-02-26,43,1,0,2,0,44000,0.2857142857142857,0.25,Tua
2142,2142,7124,1968,S1,Cerai,36997000.0,1,1,2013-02-01,72,43000,4000,12000,8000,0,27000,5,2,1,4,5,0,0,0,0,0,0,3,11,0,2013-04-14,46,0,0,2,0,94000,0.4166666666666667,0.2857142857142857,Tua
2143,2143,9727,1957,S1,Menikah,23539000.0,0,0,2014-02-28,13,4000,24000,11000,16000,1000,25000,1,2,0,4,6,0,0,0,0,0,0,3,11,0,2014-03-13,57,1,0,0,0,81000,0.14285714285714285,0.25,Lansia
2144,2144,5136,1973,S1,Lajang,65333000.0,0,1,2014-01-17,58,654000,7000,92000,0,15000,30000,7,9,4,8,6,0,1,1,0,0,0,3,11,0,2014-03-16,41,0,0,1,2,798000,0.25,0.6,Tua
2145,2145,9790,1957,S1,Lajang,78499000.0,0,0,2013-11-23,12,912000,72000,170000,47000,36000,97000,1,11,3,4,4,0,0,1,0,0,0,3,11,1,2013-12-05,57,0,0,0,1,1334000,0.05263157894736842,0.7333333333333333,Lansia
2146,2146,1818,1971,S3,Bertunangan,29732000.0,1,0,2014-03-25,23,25000,0,8000,0,1000,4000,1,2,0,2,9,0,0,0,0,0,0,3,11,0,2014-04-17,43,1,0,1,0,38000,0.2,0.18181818181818182,Tua
2147,2147,1100,1960,S2,Bertunangan,41275000.0,1,2,2014-03-24,33,24000,4000,22000,0,2000,9000,4,3,1,3,5,0,0,0,0,0,0,3,11,0,2014-04-26,54,1,0,3,0,61000,0.36363636363636365,0.375,Tua
2148,2148,7873,1973,S3,Bertunangan,63516000.0,1,1,2013-07-06,30,141000,11000,114000,15000,14000,5000,4,4,1,7,5,0,0,0,0,0,0,3,11,0,2013-08-05,41,1,0,2,0,300000,0.25,0.4444444444444444,Tua
2149,2149,10609,1962,S3,Menikah,42769000.0,0,1,2013-10-12,15,71000,0,13000,3000,1000,0,2,1,1,4,4,0,0,0,0,0,0,3,11,0,2013-10-27,52,1,0,1,0,88000,0.25,0.2,Tua
2150,2150,6950,1958,S2,Menikah,49572000.0,1,1,2013-12-15,25,35000,1000,16000,0,1000,1000,2,2,0,3,7,0,0,0,0,0,0,3,11,0,2014-01-09,56,1,0,2,0,54000,0.2857142857142857,0.2222222222222222,Lansia
2151,2151,7233,1972,S1,Menikah,69209000.0,0,0,2012-09-17,4,496000,32000,849000,229000,48000,128000,2,5,3,6,4,0,0,0,1,0,0,3,11,0,2012-09-21,42,1,0,0,1,1782000,0.125,0.5555555555555556,Tua
2152,2152,9481,1976,S1,Menikah,17148000.0,1,0,2014-01-28,80,9000,9000,11000,13000,10000,16000,4,3,1,3,8,0,0,0,0,0,0,3,11,0,2014-04-18,38,1,0,1,0,68000,0.36363636363636365,0.2727272727272727,Tua
2153,2153,7699,1969,S1,Janda,40590000.0,1,1,2013-10-02,30,154000,0,50000,6000,11000,37000,5,3,4,3,6,1,0,0,0,0,0,3,11,0,2013-11-01,45,0,0,2,1,258000,0.3333333333333333,0.3333333333333333,Tua
2154,2154,2711,1976,S2,Bertunangan,30560000.0,1,0,2013-06-27,6,9000,1000,5000,4000,5000,7000,1,1,0,3,7,0,0,0,0,0,0,3,11,0,2013-07-03,38,1,0,1,0,31000,0.2,0.125,Tua
2155,2155,8933,1983,D3,Menikah,32146000.0,1,0,2014-05-12,16,26000,3000,23000,4000,7000,3000,2,2,0,4,6,0,0,0,0,0,0,3,11,0,2014-05-28,31,1,0,1,0,66000,0.25,0.25,Tua
2156,2156,8726,1964,D3,Cerai,41713000.0,1,1,2014-04-29,57,77000,8000,44000,10000,10000,25000,5,3,1,4,6,0,0,0,0,0,0,3,11,0,2014-06-25,50,0,0,2,0,174000,0.38461538461538464,0.3333333333333333,Tua
2157,2157,1515,1975,S2,Bertunangan,34176000.0,0,1,2014-01-22,9,11000,2000,7000,4000,2000,2000,1,1,0,3,3,0,0,0,0,0,0,3,11,0,2014-01-31,39,1,0,1,0,28000,0.2,0.25,Tua
2158,2158,5186,1955,S3,Menikah,58482000.0,0,1,2014-03-12,59,576000,7000,115000,19000,7000,7000,2,7,4,9,6,0,1,0,0,0,0,3,11,0,2014-05-10,59,1,0,1,1,731000,0.09090909090909091,0.5384615384615384,Lansia
2159,2159,10157,1965,S1,Lajang,59686000.0,0,1,2014-01-25,78,89000,15000,89000,34000,42000,5000,1,4,1,6,4,0,0,0,0,0,0,3,11,0,2014-04-13,49,0,0,1,0,274000,0.08333333333333333,0.5,Tua
2160,2160,5667,1964,S3,Menikah,60896000.0,0,1,2012-10-11,90,1013000,30000,399000,60000,46000,153000,3,9,10,4,6,0,0,0,0,0,0,3,11,1,2013-01-09,50,1,0,1,0,1701000,0.11538461538461539,0.6,Tua
2161,2161,902,1980,S1,Bertunangan,62994000.0,1,0,2014-03-04,74,224000,12000,48000,4000,12000,12000,1,6,2,4,6,0,0,0,0,0,0,3,11,0,2014-05-17,34,1,0,1,0,312000,0.07692307692307693,0.5,Tua
2162,2162,977,1957,S1,Bertunangan,47320000.0,0,1,2013-08-01,10,200000,19000,111000,50000,15000,19000,6,5,1,8,6,0,0,0,0,0,0,3,11,0,2013-08-11,57,1,0,1,0,414000,0.3,0.45454545454545453,Lansia
2163,2163,7313,1949,D3,Janda,74859000.0,0,0,2013-06-03,63,570000,73000,614000,133000,102000,73000,1,6,5,11,3,0,0,0,1,0,0,3,11,0,2013-08-05,65,0,0,0,1,1565000,0.043478260869565216,0.6666666666666666,Lansia
2164,2164,7600,1992,SMA,Lajang,15253000.0,1,0,2013-10-28,13,1000,3000,3000,8000,1000,13000,2,1,0,3,7,0,0,0,0,0,0,3,11,0,2013-11-10,22,0,1,1,0,29000,0.3333333333333333,0.125,Muda
2165,2165,9706,1974,S3,Lajang,31560000.0,1,0,2013-06-24,98,62000,1000,20000,4000,0,7000,2,2,1,3,8,0,0,0,0,0,0,3,11,0,2013-09-30,40,0,0,1,0,94000,0.25,0.2,Tua
2166,2166,2429,1954,S1,Cerai,72071000.0,0,1,2013-02-14,4,531000,69000,300000,150000,138000,150000,3,5,4,8,2,0,0,0,0,0,0,3,11,0,2013-02-18,60,0,0,1,0,1338000,0.15,0.7142857142857143,Lansia
2167,2167,3520,1990,S2,Lajang,91172000.0,0,0,2013-03-27,94,162000,28000,818000,0,28000,56000,0,4,3,7,3,1,0,1,1,1,0,3,11,1,2013-06-29,24,0,0,0,4,1092000,0.0,0.5714285714285714,Muda
2168,2168,10394,1984,S1,Menikah,90000000.0,0,0,2013-12-23,91,675000,144000,133000,94000,192000,241000,1,4,8,5,1,1,0,1,1,0,0,3,11,0,2014-03-24,30,1,0,0,3,1479000,0.05555555555555555,0.8,Muda
2169,2169,4548,1981,S1,Lajang,41967000.0,1,1,2013-11-23,66,23000,4000,10000,0,2000,15000,1,1,0,3,4,0,0,0,0,0,0,3,11,0,2014-01-28,33,0,0,2,0,54000,0.2,0.2,Tua
2170,2170,9362,1965,S1,Lajang,69263000.0,0,1,2014-03-05,14,492000,5000,32000,13000,5000,21000,1,9,1,7,6,0,1,0,0,0,0,3,11,0,2014-03-19,49,0,0,1,1,568000,0.05555555555555555,0.6,Tua
2171,2171,3968,1970,D3,Cerai,65706000.0,0,0,2013-06-28,77,918000,10000,129000,13000,0,129000,1,11,3,12,7,0,1,1,0,1,0,3,11,1,2013-09-13,44,0,0,0,3,1199000,0.037037037037037035,0.6111111111111112,Tua
2172,2172,4084,1975,S1,Bertunangan,60934000.0,0,1,2014-01-17,41,224000,155000,155000,192000,93000,54000,2,6,4,11,4,0,0,0,0,0,0,3,11,0,2014-02-27,39,1,0,1,0,873000,0.08695652173913043,0.6,Tua
2173,2173,6721,1951,S1,Menikah,71965000.0,0,1,2013-07-29,21,572000,19000,286000,50000,38000,248000,3,6,3,5,3,0,0,0,0,0,0,3,11,0,2013-08-19,63,1,0,1,0,1213000,0.17647058823529413,0.6666666666666666,Lansia
2174,2174,2829,1955,S1,Menikah,65210000.0,0,1,2014-03-10,25,626000,0,70000,0,7000,28000,2,9,3,8,6,0,1,0,1,0,0,3,11,0,2014-04-04,59,1,0,1,2,731000,0.09090909090909091,0.6,Lansia
2175,2175,1772,1975,S3,Menikah,79174000.0,0,0,2013-01-11,2,1074000,37000,518000,193000,92000,129000,1,5,6,7,2,0,0,1,1,0,0,3,11,1,2013-01-13,39,1,0,0,2,2043000,0.05263157894736842,0.7142857142857143,Tua
2176,2176,1544,1967,S2,Cerai,81380000.0,0,0,2012-12-22,51,741000,68000,689000,224000,68000,103000,1,4,2,10,2,0,0,0,0,0,0,3,11,0,2013-02-11,47,0,0,0,0,1893000,0.058823529411764705,0.6666666666666666,Tua
2177,2177,492,1973,S3,Lajang,48432000.0,0,1,2012-10-18,3,322000,3000,50000,4000,3000,42000,5,7,1,6,8,0,0,0,0,0,0,3,11,0,2012-10-21,41,0,0,1,0,424000,0.2631578947368421,0.4666666666666667,Tua
2178,2178,4377,1971,S1,Menikah,52914000.0,0,1,2013-01-07,32,254000,10000,44000,30000,10000,227000,2,7,3,3,7,1,0,0,0,0,0,3,11,0,2013-02-08,43,1,0,1,1,575000,0.13333333333333333,0.5,Tua
2179,2179,4541,1955,S1,Bertunangan,38946000.0,0,1,2013-10-24,84,116000,6000,82000,6000,6000,41000,2,3,1,6,5,0,0,0,0,0,0,3,11,0,2014-01-16,59,1,0,1,0,257000,0.16666666666666666,0.375,Lansia
2180,2180,1321,1974,S1,Menikah,26067000.0,1,0,2013-11-04,49,22000,2000,18000,0,2000,12000,3,3,0,3,8,0,0,0,0,0,0,3,11,0,2013-12-23,40,1,0,1,0,56000,0.3333333333333333,0.2727272727272727,Tua
2181,2181,8858,1972,S3,Menikah,44325000.0,0,1,2013-03-07,69,516000,0,21000,0,0,5000,4,8,2,7,8,0,1,0,0,0,0,3,11,0,2013-05-15,42,1,0,1,1,542000,0.19047619047619047,0.5,Tua
2182,2182,3266,1964,S1,Menikah,42523000.0,0,0,2014-04-23,96,14000,36000,11000,3000,26000,35000,1,1,1,4,2,0,0,0,0,0,0,3,11,0,2014-07-28,50,1,0,0,0,125000,0.14285714285714285,0.3333333333333333,Tua
2183,2183,11187,1978,SMA,Lajang,26487000.0,1,0,2013-05-20,23,2000,8000,10000,12000,14000,23000,3,2,1,3,5,0,0,0,0,0,0,3,11,0,2013-06-12,36,0,1,1,0,69000,0.3333333333333333,0.2857142857142857,Tua
2184,2184,8207,1957,D3,Menikah,53233000.0,0,1,2014-03-18,18,28000,0,9000,3000,0,0,1,1,0,3,4,0,0,0,0,0,0,3,11,0,2014-04-05,57,1,0,1,0,40000,0.2,0.2,Lansia
2185,2185,9723,1960,S1,Menikah,67716000.0,0,1,2013-01-10,8,530000,142000,217000,62000,9000,56000,4,7,4,13,5,0,1,0,0,0,0,3,11,0,2013-01-18,54,1,0,1,1,1016000,0.14285714285714285,0.5833333333333334,Tua
2186,2186,2666,1972,S2,Menikah,76234000.0,0,1,2014-02-06,21,519000,50000,167000,130000,0,41000,1,8,3,11,3,0,1,0,0,0,0,3,11,0,2014-02-27,42,1,0,1,1,907000,0.043478260869565216,0.7272727272727273,Tua
2187,2187,5721,1956,S3,Menikah,84117000.0,0,0,2014-05-11,60,611000,76000,749000,59000,45000,26000,1,7,10,6,2,0,0,1,0,0,0,3,11,0,2014-07-10,58,1,0,0,1,1566000,0.041666666666666664,0.7777777777777778,Lansia
2188,2188,10652,1957,S2,Bertunangan,65487000.0,0,0,2014-01-10,48,240000,67000,500000,199000,0,163000,3,3,5,6,2,0,0,0,0,0,0,3,11,0,2014-02-27,57,1,0,0,0,1169000,0.17647058823529413,0.6,Lansia
2189,2189,1646,1972,SMA,Menikah,25224000.0,1,0,2014-03-16,36,4000,9000,12000,11000,2000,8000,2,1,1,3,3,0,0,0,0,0,0,3,11,0,2014-04-21,42,1,1,1,0,46000,0.2857142857142857,0.25,Tua
2190,2190,4418,1983,S2,Lajang,89616000.0,0,0,2013-02-25,36,671000,47000,655000,145000,111000,15000,1,7,5,12,2,0,0,0,0,0,0,3,11,1,2013-04-02,31,0,0,0,0,1644000,0.04,0.7777777777777778,Tua
2191,2191,2656,1971,S1,Cerai,40851000.0,1,1,2013-02-21,63,23000,1000,7000,0,4000,24000,1,1,1,2,7,0,0,0,0,0,0,3,11,0,2013-04-25,43,0,0,2,0,59000,0.2,0.125,Tua
2192,2192,7990,1947,S1,Menikah,27469000.0,0,0,2012-08-02,2,9000,1000,2000,3000,2000,0,1,0,0,3,6,0,0,0,0,0,0,3,11,0,2012-08-04,67,1,0,0,0,17000,0.25,0.0,Lansia
2193,2193,8722,1957,D3,Menikah,82347000.0,0,0,2012-11-06,38,556000,54000,845000,202000,133000,63000,1,7,7,10,3,1,0,0,1,0,0,3,11,1,2012-12-14,57,1,0,0,2,1853000,0.04,0.7,Lansia
2194,2194,7118,1957,S1,Menikah,73803000.0,0,1,2012-08-01,61,833000,80000,363000,52000,26000,174000,2,9,5,6,6,1,0,0,0,0,0,3,11,1,2012-10-01,57,1,0,1,1,1528000,0.09090909090909091,0.6,Lansia
2195,2195,2980,1952,S2,Lajang,8820000.0,1,1,2013-03-22,52,12000,0,13000,4000,2000,4000,4,3,0,3,8,0,0,0,0,0,0,3,11,0,2013-05-13,62,0,0,2,0,35000,0.4,0.2727272727272727,Lansia
2196,2196,1839,1974,S1,Lajang,43322000.0,0,0,2014-04-21,25,56000,7000,48000,10000,2000,18000,1,3,0,4,7,0,0,0,0,0,0,3,11,0,2014-05-16,40,0,0,0,0,141000,0.125,0.3,Tua
2197,2197,10722,1973,S1,Bertunangan,55593000.0,0,1,2013-08-21,63,293000,8000,124000,11000,4000,106000,2,6,6,3,6,1,0,0,0,0,0,3,11,0,2013-10-23,41,1,0,1,1,546000,0.11764705882352941,0.5,Tua
2198,2198,2632,1954,S1,Menikah,50501000.0,1,1,2013-06-18,10,297000,0,38000,13000,0,152000,7,5,4,4,6,1,0,0,0,0,0,3,11,1,2013-06-28,60,1,0,2,1,500000,0.35,0.45454545454545453,Lansia
2199,2199,9014,1975,S1,Menikah,37085000.0,1,1,2014-06-26,65,39000,1000,16000,2000,0,3000,4,3,0,3,8,0,0,0,0,0,0,3,11,0,2014-08-30,39,1,0,2,0,61000,0.4,0.2727272727272727,Tua
2200,2200,7620,1990,SMA,Lajang,16185000.0,1,0,2013-08-05,71,5000,11000,16000,21000,8000,45000,2,2,2,2,8,0,0,0,0,0,0,3,11,0,2013-10-15,24,0,1,1,0,106000,0.25,0.2,Muda
2201,2201,10968,1969,S1,Lajang,57731000.0,0,1,2012-11-23,0,266000,21000,300000,65000,8000,44000,4,8,8,6,6,0,0,0,0,0,0,3,11,0,2012-11-23,45,0,0,1,0,704000,0.15384615384615385,0.5714285714285714,Tua
2202,2202,11133,1973,S3,Lajang,48432000.0,0,1,2012-10-18,3,322000,3000,50000,4000,3000,42000,5,7,1,6,8,0,0,0,0,0,0,3,11,1,2012-10-21,41,0,0,1,0,424000,0.2631578947368421,0.4666666666666667,Tua
2203,2203,2736,1978,S1,Menikah,73807000.0,0,1,2013-01-02,88,366000,124000,156000,71000,78000,54000,2,5,5,11,2,0,0,0,0,0,0,3,11,0,2013-03-31,36,1,0,1,0,849000,0.08695652173913043,0.7142857142857143,Tua
2204,2204,1876,1990,S1,Menikah,18929000.0,0,0,2013-02-16,15,32000,0,8000,23000,4000,18000,1,1,0,4,6,0,0,0,0,0,0,3,11,0,2013-03-03,24,1,0,0,0,85000,0.16666666666666666,0.14285714285714285,Muda
2205,2205,5959,1968,S1,Lajang,35893000.0,1,1,2012-10-15,80,158000,0,23000,0,0,18000,6,3,1,5,8,0,0,0,0,0,0,3,11,0,2013-01-03,46,0,0,2,0,199000,0.4,0.2727272727272727,Tua
2206,2206,1092,1980,S1,Menikah,61014000.0,0,1,2012-08-11,17,269000,129000,495000,182000,43000,29000,4,9,3,4,7,0,0,0,0,0,0,3,11,0,2012-08-28,34,1,0,1,0,1147000,0.2,0.5625,Tua
2207,2207,4333,1954,S1,Bertunangan,32144000.0,1,1,2014-03-23,76,41000,0,10000,0,0,3000,4,2,1,3,7,0,1,0,0,0,0,3,11,0,2014-06-07,60,1,0,2,1,54000,0.4,0.2222222222222222,Lansia
2208,2208,3850,1963,SMA,Bertunangan,14918000.0,0,1,2012-12-07,52,3000,3000,3000,15000,4000,15000,1,1,0,3,6,0,0,0,0,0,0,3,11,0,2013-01-28,51,1,1,1,0,43000,0.2,0.14285714285714285,Tua
2209,2209,6168,1963,S1,Cerai,45146000.0,1,1,2013-07-15,28,33000,0,5000,0,0,15000,2,1,1,2,4,0,0,0,0,0,0,3,11,0,2013-08-12,51,0,0,2,0,53000,0.3333333333333333,0.2,Tua
2210,2210,607,1955,D3,Cerai,41769000.0,0,1,2013-02-13,31,302000,29000,131000,32000,0,27000,6,8,1,7,8,0,0,0,0,0,0,3,11,0,2013-03-16,59,0,0,1,0,521000,0.2727272727272727,0.5,Lansia
2211,2211,10469,1981,S1,Bertunangan,88325000.0,0,0,2014-02-05,42,519000,71000,860000,93000,27000,53000,1,6,2,9,2,0,0,0,0,0,0,3,11,0,2014-03-19,33,1,0,0,0,1623000,0.05555555555555555,0.75,Tua
2212,2212,6983,1950,S2,Cerai,38054000.0,1,1,2014-05-01,24,23000,2000,17000,2000,1000,0,2,2,0,3,7,0,0,0,0,0,0,3,11,0,2014-05-25,64,0,0,2,0,45000,0.2857142857142857,0.2222222222222222,Lansia
2213,2213,3661,1995,D3,Lajang,80617000.0,0,0,2012-10-12,42,594000,51000,631000,72000,55000,32000,1,4,6,8,2,0,0,0,0,0,0,3,11,0,2012-11-23,19,0,0,0,0,1435000,0.05263157894736842,0.6666666666666666,Muda
2214,2214,9303,1976,S1,Menikah,5305000.0,0,1,2013-07-30,12,12000,4000,7000,1000,3000,5000,0,1,0,0,13,0,0,0,0,0,0,3,11,0,2013-08-11,38,1,0,1,0,32000,0.0,0.07142857142857142,Tua
2215,2215,692,1954,S1,Bertunangan,36807000.0,1,1,2012-12-20,88,4000,2000,5000,0,0,5000,1,1,0,2,6,0,0,0,0,0,0,3,11,0,2013-03-18,60,1,0,2,0,16000,0.25,0.14285714285714285,Lansia
2216,2216,736,1983,S1,Bertunangan,28427000.0,1,0,2013-03-21,67,18000,3000,19000,3000,3000,6000,2,2,0,3,8,0,0,0,0,0,0,3,11,0,2013-05-27,31,1,0,1,0,52000,0.2857142857142857,0.2,Tua
2217,2217,9589,1948,S3,Janda,82032000.0,0,0,2014-04-05,54,332000,194000,377000,149000,125000,57000,0,4,6,7,1,0,0,0,0,0,0,3,11,0,2014-05-29,66,0,0,0,0,1234000,0.0,0.8,Lansia
2218,2218,4838,1978,S1,Bertunangan,22775000.0,1,0,2013-06-19,40,5000,1000,8000,0,0,1000,1,1,0,2,8,0,0,0,0,0,0,3,11,0,2013-07-29,36,1,0,1,0,15000,0.25,0.1111111111111111,Tua
2219,2219,9246,1985,S2,Bertunangan,40101000.0,1,0,2012-10-14,73,171000,3000,129000,26000,24000,62000,4,6,1,6,7,0,0,0,0,0,0,3,11,0,2012-12-26,29,1,0,1,0,415000,0.23529411764705882,0.46153846153846156,Muda
2220,2220,6261,1979,S1,Menikah,58025000.0,0,1,2013-11-26,81,270000,31000,88000,11000,48000,22000,3,3,2,10,4,0,0,0,0,0,0,3,11,0,2014-02-15,35,1,0,1,0,470000,0.16666666666666666,0.42857142857142855,Tua
2221,2221,7366,1982,S2,Lajang,75777000.0,0,0,2013-07-04,12,712000,26000,538000,69000,13000,80000,1,3,6,11,1,0,1,1,0,0,0,3,11,1,2013-07-16,32,0,0,0,2,1438000,0.047619047619047616,0.75,Tua
2222,2222,10659,1979,D3,Bertunangan,7500000.0,1,0,2013-05-07,7,2000,8000,11000,3000,8000,21000,4,3,2,2,7,0,0,0,0,0,0,3,11,0,2013-05-14,35,1,0,1,0,53000,0.36363636363636365,0.3,Tua
2223,2223,1448,1963,S2,Menikah,33562000.0,1,2,2014-06-25,33,21000,12000,12000,0,3000,3000,3,2,0,4,4,0,0,0,0,0,0,3,11,0,2014-07-28,51,1,0,3,0,51000,0.3333333333333333,0.3333333333333333,Tua
2224,2224,4286,1970,S3,Lajang,57642000.0,0,1,2014-01-09,24,580000,6000,58000,8000,0,27000,3,7,6,6,4,1,0,0,0,0,0,3,11,0,2014-02-02,44,0,0,1,1,679000,0.13636363636363635,0.6363636363636364,Tua
2225,2225,4749,1968,S1,Bertunangan,58554000.0,1,1,2012-09-26,55,368000,24000,68000,38000,0,88000,6,8,2,6,7,0,0,0,0,0,0,3,11,0,2012-11-20,46,1,0,2,0,586000,0.2727272727272727,0.5333333333333333,Tua
2226,2226,4478,1979,S1,Menikah,63777000.0,1,1,2013-03-24,87,457000,5000,106000,15000,17000,53000,8,11,1,6,8,0,0,0,0,0,0,3,11,0,2013-06-19,35,1,0,2,0,653000,0.3076923076923077,0.5789473684210527,Tua
2227,2227,4201,1962,S1,Lajang,57967000.0,0,1,2013-03-03,39,229000,7000,137000,4000,0,91000,5,4,2,8,5,0,0,0,0,0,0,3,11,0,2013-04-11,52,0,0,1,0,468000,0.2631578947368421,0.4444444444444444,Tua
2229,2229,10084,1972,S1,Menikah,24434000.0,2,0,2014-05-18,9,3000,2000,8000,20000,0,17000,2,2,1,2,7,0,0,0,0,0,0,3,11,0,2014-05-27,42,1,0,2,0,50000,0.2857142857142857,0.2222222222222222,Tua
2230,2230,7004,1984,S1,Lajang,11012000.0,1,0,2013-03-16,82,24000,3000,26000,7000,1000,23000,3,3,1,2,9,1,0,0,0,0,0,3,11,0,2013-06-06,30,0,0,1,1,84000,0.3333333333333333,0.25,Muda
2231,2231,9817,1970,S2,Lajang,44802000.0,0,0,2012-08-21,71,853000,10000,143000,13000,10000,20000,2,9,4,12,8,0,0,0,0,0,0,3,11,0,2012-10-31,44,0,0,0,0,1049000,0.07407407407407407,0.5294117647058824,Tua
2232,2232,8080,1986,S1,Lajang,26816000.0,0,0,2012-08-17,50,5000,1000,6000,3000,4000,3000,1,0,0,3,4,0,0,0,0,0,0,3,11,0,2012-10-06,28,0,0,0,0,22000,0.25,0.0,Muda
2234,2234,8372,1974,S1,Menikah,34421000.0,1,0,2013-07-01,81,3000,3000,7000,6000,2000,9000,1,1,0,2,7,0,0,0,0,0,0,3,11,0,2013-09-20,40,1,0,1,0,30000,0.25,0.125,Tua
2235,2235,10870,1967,S1,Menikah,61223000.0,0,1,2013-06-13,46,709000,43000,182000,42000,118000,247000,2,9,3,4,5,0,0,0,0,0,0,3,11,0,2013-07-29,47,1,0,1,0,1341000,0.1111111111111111,0.6428571428571429,Tua
2236,2236,4001,1946,S3,Bertunangan,64014000.0,2,1,2014-06-10,56,406000,0,30000,0,0,8000,7,8,2,5,7,0,0,0,1,0,0,3,11,0,2014-08-05,68,1,0,3,1,444000,0.3181818181818182,0.5333333333333333,Lansia
2237,2237,7270,1981,S1,Cerai,56981000.0,0,0,2014-01-25,91,908000,48000,217000,32000,12000,24000,1,2,3,13,6,0,1,0,0,0,0,3,11,0,2014-04-26,33,0,0,0,1,1241000,0.05263157894736842,0.25,Tua
2238,2238,8235,1956,S2,Bertunangan,69245000.0,0,1,2014-01-24,8,428000,30000,214000,80000,30000,61000,2,6,5,10,3,0,0,0,0,0,0,3,11,0,2014-02-01,58,1,0,1,0,843000,0.08695652173913043,0.6666666666666666,Lansia
2239,2239,9405,1954,S3,Menikah,52869000.0,1,1,2012-10-15,40,84000,3000,61000,2000,1000,21000,3,3,1,4,7,0,0,0,0,0,0,3,11,1,2012-11-24,60,1,0,2,0,172000,0.2727272727272727,0.3,Lansia
